2026-03-26 23:54:44.326 [flow-event-mediator-thread-7] WARN  net.corda.messaging.mediator.RPCClient {} - Intermittent error in RPCClient request http://localhost:7004/api/5.2/ledger: 
net.corda.messaging.api.exception.CordaHTTPClientSideTransientException: Server returned a transient error
	at net.corda.messaging.utils.HTTPRetryExecutor$Companion.checkResponseStatus(HTTPRetryExecutor.kt:75) ~[?:?]
	at net.corda.messaging.utils.HTTPRetryExecutor$Companion.tryAttempt(HTTPRetryExecutor.kt:46) ~[?:?]
	at net.corda.messaging.utils.HTTPRetryExecutor$Companion.withConfig(HTTPRetryExecutor.kt:23) ~[?:?]
	at net.corda.messaging.mediator.RPCClient.sendWithRetry(RPCClient.kt:132) ~[?:?]
	at net.corda.messaging.mediator.RPCClient.processMessage(RPCClient.kt:61) ~[?:?]
	at net.corda.messaging.mediator.RPCClient.send(RPCClient.kt:52) ~[?:?]
	at net.corda.messaging.mediator.processor.EventProcessor.processSyncEvents(EventProcessor.kt:191) ~[?:?]
	at net.corda.messaging.mediator.processor.EventProcessor.processConsumerInput(EventProcessor.kt:144) ~[?:?]
	at net.corda.messaging.mediator.processor.EventProcessor.processRecords(EventProcessor.kt:78) ~[?:?]
	at net.corda.messaging.mediator.processor.EventProcessor.processEvents(EventProcessor.kt:64) ~[?:?]
	at net.corda.messaging.mediator.processor.ConsumerProcessor$processInputs$2$future$1.invoke(ConsumerProcessor.kt:169) ~[?:?]
	at net.corda.messaging.mediator.processor.ConsumerProcessor$processInputs$2$future$1.invoke(ConsumerProcessor.kt:168) ~[?:?]
	at net.corda.taskmanager.impl.TaskManagerImpl.executeShortRunningTask$lambda$1(TaskManagerImpl.kt:40) ~[?:?]
	at io.micrometer.core.instrument.internal.TimedCallable.call(TimedCallable.java:51) [micrometer-core-1.12.3.jar:1.12.3]
	at java.util.concurrent.FutureTask.run(FutureTask.java:264) [?:?]
	at java.util.concurrent.ThreadPoolExecutor.runWorker(ThreadPoolExecutor.java:1136) [?:?]
	at java.util.concurrent.ThreadPoolExecutor$Worker.run(ThreadPoolExecutor.java:635) [?:?]
	at java.lang.Thread.run(Thread.java:840) [?:?]
2026-03-26 23:54:44.340 [flow-event-mediator-thread-7] INFO  net.corda.flow.pipeline.handlers.events.StartFlowEventHandler {corda.client.id=ledger-repair-7BB3E95CF268-1774568251258, flow.id=566f82e0-33e4-41b4-95f0-e971caf00b7c, spanId=9cbd773d27b090b6, traceId=69c5c593256c1684fc209c2cd993a021, vnode.id=7BB3E95CF268} - Flow [566f82e0-33e4-41b4-95f0-e971caf00b7c] started
2026-03-26 23:55:13.506 [kafka-producer-network-thread | producer--SCHEDULER_WRITER] INFO  net.corda.tracing.brave.BraveTracingService$LogReporter {spanId=9bd404cea915cda9, traceId=69c5c7615c471c769bd404cea915cda9} - {"traceId":"69c5c7615c471c769bd404cea915cda9","id":"9bd404cea915cda9","name":"kafka producer - send record to topic scheduled.task.flow.status.processor","timestamp":1774569313504731,"duration":1402,"localEndpoint":{"serviceName":"combined worker","ipv4":"172.18.0.5"},"tags":{"send.offset":"3436","send.partition":"0","send.topic":"scheduled.task.flow.status.processor"}}
2026-03-26 23:55:13.804 [flow-event-mediator-long-running-thread-a4034793-a8d0-4915-ab70-3deb64b9e005] WARN  net.corda.messaging.mediator.StateManagerHelper {} - State with key e3a2358c-64ba-46b4-936d-350e714f538e will be marked as failed, timeout occurred while processing events.
2026-03-26 23:55:13.804 [flow-event-mediator-long-running-thread-a4034793-a8d0-4915-ab70-3deb64b9e005] WARN  net.corda.messaging.mediator.StateManagerHelper {} - State with key 566f82e0-33e4-41b4-95f0-e971caf00b7c will be marked as failed, timeout occurred while processing events.
2026-03-26 23:55:13.804 [flow-event-mediator-long-running-thread-a4034793-a8d0-4915-ab70-3deb64b9e005] WARN  net.corda.messaging.mediator.StateManagerHelper {} - State with key f1681403-3de5-414e-85b1-eea1734e7b89 will be marked as failed, timeout occurred while processing events.
2026-03-26 23:55:13.804 [flow-event-mediator-long-running-thread-a4034793-a8d0-4915-ab70-3deb64b9e005] WARN  net.corda.messaging.mediator.processor.ConsumerProcessor-FlowEventMediator {} - Cancelling task for key(s) [e3a2358c-64ba-46b4-936d-350e714f538e, 566f82e0-33e4-41b4-95f0-e971caf00b7c, f1681403-3de5-414e-85b1-eea1734e7b89]
2026-03-26 23:55:13.804 [flow-event-mediator-long-running-thread-a4034793-a8d0-4915-ab70-3deb64b9e005] WARN  net.corda.messaging.mediator.processor.ConsumerProcessor-FlowEventMediator {} - Retrying processing: Retrying poll and process due to 3/0 retryable failures/transient failures (out of 3 total outputs).
2026-03-26 23:55:13.804 [flow-event-mediator-thread-7] INFO  net.corda.messaging.mediator.RPCClient {} - Thread interrupted calling RPCClient: http://localhost:7004/api/5.2/ledger
java.lang.InterruptedException: null
	at java.util.concurrent.CompletableFuture.reportGet(CompletableFuture.java:386) ~[?:?]
	at java.util.concurrent.CompletableFuture.get(CompletableFuture.java:2073) ~[?:?]
	at jdk.internal.net.http.HttpClientImpl.send(HttpClientImpl.java:553) ~[java.net.http:?]
	at jdk.internal.net.http.HttpClientFacade.send(HttpClientFacade.java:123) ~[java.net.http:?]
	at net.corda.messaging.mediator.RPCClient$sendWithRetry$1.invoke(RPCClient.kt:133) ~[?:?]
	at net.corda.messaging.mediator.RPCClient$sendWithRetry$1.invoke(RPCClient.kt:132) ~[?:?]
	at net.corda.messaging.utils.HTTPRetryExecutor$Companion.tryAttempt(HTTPRetryExecutor.kt:45) ~[?:?]
	at net.corda.messaging.utils.HTTPRetryExecutor$Companion.withConfig(HTTPRetryExecutor.kt:23) ~[?:?]
	at net.corda.messaging.mediator.RPCClient.sendWithRetry(RPCClient.kt:132) ~[?:?]
	at net.corda.messaging.mediator.RPCClient.processMessage(RPCClient.kt:61) ~[?:?]
	at net.corda.messaging.mediator.RPCClient.send(RPCClient.kt:52) ~[?:?]
	at net.corda.messaging.mediator.processor.EventProcessor.processSyncEvents(EventProcessor.kt:191) ~[?:?]
	at net.corda.messaging.mediator.processor.EventProcessor.processConsumerInput(EventProcessor.kt:144) ~[?:?]
	at net.corda.messaging.mediator.processor.EventProcessor.processRecords(EventProcessor.kt:78) ~[?:?]
	at net.corda.messaging.mediator.processor.EventProcessor.processEvents(EventProcessor.kt:64) ~[?:?]
	at net.corda.messaging.mediator.processor.ConsumerProcessor$processInputs$2$future$1.invoke(ConsumerProcessor.kt:169) ~[?:?]
	at net.corda.messaging.mediator.processor.ConsumerProcessor$processInputs$2$future$1.invoke(ConsumerProcessor.kt:168) ~[?:?]
	at net.corda.taskmanager.impl.TaskManagerImpl.executeShortRunningTask$lambda$1(TaskManagerImpl.kt:40) ~[?:?]
	at io.micrometer.core.instrument.internal.TimedCallable.call(TimedCallable.java:51) [micrometer-core-1.12.3.jar:1.12.3]
	at java.util.concurrent.FutureTask.run(FutureTask.java:264) [?:?]
	at java.util.concurrent.ThreadPoolExecutor.runWorker(ThreadPoolExecutor.java:1136) [?:?]
	at java.util.concurrent.ThreadPoolExecutor$Worker.run(ThreadPoolExecutor.java:635) [?:?]
	at java.lang.Thread.run(Thread.java:840) [?:?]
2026-03-26 23:55:13.809 [flow-event-mediator-thread-7] WARN  net.corda.messaging.mediator.StateManagerHelper {} - State with key 566f82e0-33e4-41b4-95f0-e971caf00b7c will be marked as failed, unable to contact Corda services while processing events.
2026-03-26 23:55:13.809 [flow-event-mediator-thread-7] INFO  net.corda.flow.pipeline.handlers.events.StartFlowEventHandler {corda.client.id=ledger-repair-E3193F94C243-1774568251258, flow.id=f1681403-3de5-414e-85b1-eea1734e7b89, spanId=d1e91967099c6521, traceId=69c5c5939b0f70e386dcd2b9d51083ac, vnode.id=E3193F94C243} - Flow [f1681403-3de5-414e-85b1-eea1734e7b89] started
2026-03-26 23:55:13.810 [flow-event-mediator-thread-0] INFO  net.corda.flow.pipeline.handlers.events.StartFlowEventHandler {corda.client.id=ledger-repair-524FEE159D0F-1774568251258, flow.id=e3a2358c-64ba-46b4-936d-350e714f538e, spanId=4931a64ab0f9de65, traceId=69c5c59351b0d06fd3275061f8e428f1, vnode.id=524FEE159D0F} - Flow [e3a2358c-64ba-46b4-936d-350e714f538e] started
2026-03-26 23:55:14.348 [JettyServerThreadPool-983] WARN  org.hibernate.engine.jdbc.spi.SqlExceptionHelper {corda.client.id=ledger-repair-7BB3E95CF268-1774568251258, corda.external.event.id=566f82e0-33e4-41b4-95f0-e971caf00b7c-iNzKctuAo9jo5bXguJnU/PqTNmHS3yTV+azsIbZKixo=-1, spanId=a8f9023d4f4cff0b, traceId=69c5c593256c1684fc209c2cd993a021, vnode.id=7BB3E95CF268} - SQL Error: 0, SQLState: 53300
2026-03-26 23:55:14.348 [JettyServerThreadPool-983] ERROR org.hibernate.engine.jdbc.spi.SqlExceptionHelper {corda.client.id=ledger-repair-7BB3E95CF268-1774568251258, corda.external.event.id=566f82e0-33e4-41b4-95f0-e971caf00b7c-iNzKctuAo9jo5bXguJnU/PqTNmHS3yTV+azsIbZKixo=-1, spanId=a8f9023d4f4cff0b, traceId=69c5c593256c1684fc209c2cd993a021, vnode.id=7BB3E95CF268} - HikariPool-20 - Connection is not available, request timed out after 30000ms (total=0, active=0, idle=0, waiting=0)
2026-03-26 23:55:14.348 [JettyServerThreadPool-983] ERROR org.hibernate.engine.jdbc.spi.SqlExceptionHelper {corda.client.id=ledger-repair-7BB3E95CF268-1774568251258, corda.external.event.id=566f82e0-33e4-41b4-95f0-e971caf00b7c-iNzKctuAo9jo5bXguJnU/PqTNmHS3yTV+azsIbZKixo=-1, spanId=a8f9023d4f4cff0b, traceId=69c5c593256c1684fc209c2cd993a021, vnode.id=7BB3E95CF268} - FATAL: remaining connection slots are reserved for non-replication superuser connections
2026-03-26 23:55:14.348 [JettyServerThreadPool-983] ERROR net.corda.ledger.persistence.processor.LedgerPersistenceRequestProcessor {corda.client.id=ledger-repair-7BB3E95CF268-1774568251258, corda.external.event.id=566f82e0-33e4-41b4-95f0-e971caf00b7c-iNzKctuAo9jo5bXguJnU/PqTNmHS3yTV+azsIbZKixo=-1, spanId=a8f9023d4f4cff0b, traceId=69c5c593256c1684fc209c2cd993a021, vnode.id=7BB3E95CF268} - Unable to acquire JDBC Connection
org.hibernate.exception.JDBCConnectionException: Unable to acquire JDBC Connection
	at org.hibernate.exception.internal.SQLExceptionTypeDelegate.convert(SQLExceptionTypeDelegate.java:48) ~[?:?]
	at org.hibernate.exception.internal.StandardSQLExceptionConverter.convert(StandardSQLExceptionConverter.java:37) ~[?:?]
	at org.hibernate.engine.jdbc.spi.SqlExceptionHelper.convert(SqlExceptionHelper.java:113) ~[?:?]
	at org.hibernate.engine.jdbc.spi.SqlExceptionHelper.convert(SqlExceptionHelper.java:99) ~[?:?]
	at org.hibernate.resource.jdbc.internal.LogicalConnectionManagedImpl.acquireConnectionIfNeeded(LogicalConnectionManagedImpl.java:111) ~[?:?]
	at org.hibernate.resource.jdbc.internal.LogicalConnectionManagedImpl.getPhysicalConnection(LogicalConnectionManagedImpl.java:138) ~[?:?]
	at org.hibernate.resource.jdbc.internal.LogicalConnectionManagedImpl.getConnectionForTransactionManagement(LogicalConnectionManagedImpl.java:276) ~[?:?]
	at org.hibernate.resource.jdbc.internal.LogicalConnectionManagedImpl.begin(LogicalConnectionManagedImpl.java:284) ~[?:?]
	at org.hibernate.resource.transaction.backend.jdbc.internal.JdbcResourceLocalTransactionCoordinatorImpl$TransactionDriverControlImpl.begin(JdbcResourceLocalTransactionCoordinatorImpl.java:246) ~[?:?]
	at org.hibernate.engine.transaction.internal.TransactionImpl.begin(TransactionImpl.java:83) ~[?:?]
	at net.corda.ledger.persistence.utxo.impl.UtxoPersistenceServiceImpl.findTransactionsWithStatusCreatedBetweenTime(UtxoPersistenceServiceImpl.kt:1362) ~[?:?]
	at net.corda.ledger.persistence.utxo.impl.request.handlers.UtxoFindTransactionsWithStatusCreatedBetweenTimeRequestHandler.execute(UtxoFindTransactionsWithStatusCreatedBetweenTimeRequestHandler.kt:24) ~[?:?]
	at net.corda.ledger.persistence.processor.LedgerPersistenceRequestProcessor$process$result$1.invoke(LedgerPersistenceRequestProcessor.kt:70) ~[?:?]
	at net.corda.ledger.persistence.processor.LedgerPersistenceRequestProcessor$process$result$1.invoke(LedgerPersistenceRequestProcessor.kt:52) ~[?:?]
	at net.corda.utilities.LogUtilsKt.withMDC(LogUtils.kt:73) ~[?:?]
	at net.corda.ledger.persistence.processor.LedgerPersistenceRequestProcessor.process(LedgerPersistenceRequestProcessor.kt:52) ~[?:?]
	at net.corda.ledger.persistence.processor.LedgerPersistenceRequestProcessor.process(LedgerPersistenceRequestProcessor.kt:29) ~[?:?]
	at net.corda.messaging.subscription.SyncRPCSubscriptionImpl.registerEndpoint$lambda$1(SyncRPCSubscriptionImpl.kt:92) ~[?:?]
	at net.corda.web.server.JavalinServer.registerEndpointInternal$lambda$15(JavalinServer.kt:150) ~[?:?]
	at io.javalin.core.security.SecurityUtil.noopAccessManager(SecurityUtil.kt:20) ~[?:?]
	at io.javalin.http.JavalinServlet.addHandler$lambda-0(JavalinServlet.kt:96) ~[?:?]
	at io.javalin.http.JavalinServlet$lifecycle$2$1$1.invoke(JavalinServlet.kt:43) ~[?:?]
	at io.javalin.http.JavalinServlet$lifecycle$2$1$1.invoke(JavalinServlet.kt:43) ~[?:?]
	at io.javalin.http.JavalinServletHandler.executeNextTask(JavalinServletHandler.kt:99) ~[?:?]
	at io.javalin.http.JavalinServletHandler.queueNextTaskOrFinish$lambda-1(JavalinServletHandler.kt:85) ~[?:?]
	at java.util.concurrent.CompletableFuture.uniComposeStage(CompletableFuture.java:1187) ~[?:?]
	at java.util.concurrent.CompletableFuture.thenCompose(CompletableFuture.java:2309) ~[?:?]
	at io.javalin.http.JavalinServletHandler.queueNextTaskOrFinish$javalin(JavalinServletHandler.kt:85) ~[?:?]
	at io.javalin.http.JavalinServlet.service(JavalinServlet.kt:89) ~[?:?]
	at javax.servlet.http.HttpServlet.service(HttpServlet.java:790) ~[javax.servlet-api-3.1.0.jar:3.1.0]
	at io.javalin.jetty.JavalinJettyServlet.service(JavalinJettyServlet.kt:58) ~[?:?]
	at javax.servlet.http.HttpServlet.service(HttpServlet.java:790) ~[javax.servlet-api-3.1.0.jar:3.1.0]
	at org.eclipse.jetty.servlet.ServletHolder.handle(ServletHolder.java:799) ~[?:?]
	at org.eclipse.jetty.servlet.ServletHandler$ChainEnd.doFilter(ServletHandler.java:1656) ~[?:?]
	at brave.servlet.TracingFilter.doFilter(TracingFilter.java:89) ~[?:?]
	at org.eclipse.jetty.servlet.FilterHolder.doFilter(FilterHolder.java:193) ~[?:?]
	at org.eclipse.jetty.servlet.ServletHandler$Chain.doFilter(ServletHandler.java:1626) ~[?:?]
	at org.eclipse.jetty.servlet.ServletHandler.doHandle(ServletHandler.java:552) ~[?:?]
	at org.eclipse.jetty.server.handler.ScopedHandler.nextHandle(ScopedHandler.java:233) ~[jetty-server-9.4.54.v20240208.jar:9.4.54.v20240208]
	at org.eclipse.jetty.server.session.SessionHandler.doHandle(SessionHandler.java:1624) ~[jetty-server-9.4.54.v20240208.jar:9.4.54.v20240208]
	at org.eclipse.jetty.server.handler.ScopedHandler.nextHandle(ScopedHandler.java:233) ~[jetty-server-9.4.54.v20240208.jar:9.4.54.v20240208]
	at io.javalin.jetty.JettyServer$start$wsAndHttpHandler$1.doHandle(JettyServer.kt:52) ~[?:?]
	at org.eclipse.jetty.server.handler.ScopedHandler.nextScope(ScopedHandler.java:188) ~[jetty-server-9.4.54.v20240208.jar:9.4.54.v20240208]
	at org.eclipse.jetty.servlet.ServletHandler.doScope(ServletHandler.java:505) ~[?:?]
	at org.eclipse.jetty.server.session.SessionHandler.doScope(SessionHandler.java:1594) ~[jetty-server-9.4.54.v20240208.jar:9.4.54.v20240208]
	at org.eclipse.jetty.server.handler.ScopedHandler.nextScope(ScopedHandler.java:186) ~[jetty-server-9.4.54.v20240208.jar:9.4.54.v20240208]
	at org.eclipse.jetty.server.handler.ContextHandler.doScope(ContextHandler.java:1355) ~[jetty-server-9.4.54.v20240208.jar:9.4.54.v20240208]
	at org.eclipse.jetty.server.handler.ScopedHandler.handle(ScopedHandler.java:141) ~[jetty-server-9.4.54.v20240208.jar:9.4.54.v20240208]
	at org.eclipse.jetty.server.handler.StatisticsHandler.handle(StatisticsHandler.java:181) ~[jetty-server-9.4.54.v20240208.jar:9.4.54.v20240208]
	at org.eclipse.jetty.server.handler.HandlerWrapper.handle(HandlerWrapper.java:127) ~[jetty-server-9.4.54.v20240208.jar:9.4.54.v20240208]
	at org.eclipse.jetty.server.Server.handle(Server.java:516) ~[jetty-server-9.4.54.v20240208.jar:9.4.54.v20240208]
	at org.eclipse.jetty.server.HttpChannel.lambda$handle$1(HttpChannel.java:487) ~[jetty-server-9.4.54.v20240208.jar:9.4.54.v20240208]
	at org.eclipse.jetty.server.HttpChannel.dispatch(HttpChannel.java:732) [jetty-server-9.4.54.v20240208.jar:9.4.54.v20240208]
	at org.eclipse.jetty.server.HttpChannel.handle(HttpChannel.java:479) [jetty-server-9.4.54.v20240208.jar:9.4.54.v20240208]
	at org.eclipse.jetty.server.HttpConnection.onFillable(HttpConnection.java:277) [jetty-server-9.4.54.v20240208.jar:9.4.54.v20240208]
	at org.eclipse.jetty.io.AbstractConnection$ReadCallback.succeeded(AbstractConnection.java:311) [jetty-io-9.4.54.v20240208.jar:9.4.54.v20240208]
	at org.eclipse.jetty.io.FillInterest.fillable(FillInterest.java:105) [jetty-io-9.4.54.v20240208.jar:9.4.54.v20240208]
	at org.eclipse.jetty.io.ChannelEndPoint$1.run(ChannelEndPoint.java:104) [jetty-io-9.4.54.v20240208.jar:9.4.54.v20240208]
	at org.eclipse.jetty.util.thread.strategy.EatWhatYouKill.runTask(EatWhatYouKill.java:338) [jetty-util-9.4.54.v20240208.jar:9.4.54.v20240208]
	at org.eclipse.jetty.util.thread.strategy.EatWhatYouKill.doProduce(EatWhatYouKill.java:315) [jetty-util-9.4.54.v20240208.jar:9.4.54.v20240208]
	at org.eclipse.jetty.util.thread.strategy.EatWhatYouKill.tryProduce(EatWhatYouKill.java:173) [jetty-util-9.4.54.v20240208.jar:9.4.54.v20240208]
	at org.eclipse.jetty.util.thread.strategy.EatWhatYouKill.run(EatWhatYouKill.java:131) [jetty-util-9.4.54.v20240208.jar:9.4.54.v20240208]
	at org.eclipse.jetty.util.thread.ReservedThreadExecutor$ReservedThread.run(ReservedThreadExecutor.java:409) [jetty-util-9.4.54.v20240208.jar:9.4.54.v20240208]
	at org.eclipse.jetty.util.thread.QueuedThreadPool.runJob(QueuedThreadPool.java:883) [jetty-util-9.4.54.v20240208.jar:9.4.54.v20240208]
	at org.eclipse.jetty.util.thread.QueuedThreadPool$Runner.run(QueuedThreadPool.java:1034) [jetty-util-9.4.54.v20240208.jar:9.4.54.v20240208]
	at java.lang.Thread.run(Thread.java:840) [?:?]
Caused by: java.sql.SQLTransientConnectionException: HikariPool-20 - Connection is not available, request timed out after 30000ms (total=0, active=0, idle=0, waiting=0)
	at com.zaxxer.hikari.pool.HikariPool.createTimeoutException(HikariPool.java:686) ~[?:?]
	at com.zaxxer.hikari.pool.HikariPool.getConnection(HikariPool.java:179) ~[?:?]
	at com.zaxxer.hikari.pool.HikariPool.getConnection(HikariPool.java:144) ~[?:?]
	at com.zaxxer.hikari.HikariDataSource.getConnection(HikariDataSource.java:99) ~[?:?]
	at net.corda.db.core.DataSourceFactoryImpl$HikariDataSourceWrapper.getConnection(DataSourceFactoryImpl.kt) ~[?:?]
	at org.hibernate.engine.jdbc.connections.internal.DatasourceConnectionProviderImpl.getConnection(DatasourceConnectionProviderImpl.java:122) ~[?:?]
	at org.hibernate.internal.NonContextualJdbcConnectionAccess.obtainConnection(NonContextualJdbcConnectionAccess.java:38) ~[?:?]
	at org.hibernate.resource.jdbc.internal.LogicalConnectionManagedImpl.acquireConnectionIfNeeded(LogicalConnectionManagedImpl.java:108) ~[?:?]
	... 61 more
Caused by: org.postgresql.util.PSQLException: FATAL: remaining connection slots are reserved for non-replication superuser connections
	at org.postgresql.Driver$ConnectThread.getResult(Driver.java:397) ~[?:?]
	at org.postgresql.Driver.connect(Driver.java:305) ~[?:?]
	at java.sql.DriverManager.getConnection(DriverManager.java:681) ~[java.sql:?]
	at java.sql.DriverManager.getConnection(DriverManager.java:229) ~[java.sql:?]
	at org.postgresql.ds.common.BaseDataSource.getConnection(BaseDataSource.java:104) ~[?:?]
	at org.postgresql.ds.common.BaseDataSource.getConnection(BaseDataSource.java:88) ~[?:?]
	at com.zaxxer.hikari.pool.PoolBase.newConnection(PoolBase.java:360) ~[?:?]
	at com.zaxxer.hikari.pool.PoolBase.newPoolEntry(PoolBase.java:202) ~[?:?]
	at com.zaxxer.hikari.pool.HikariPool.createPoolEntry(HikariPool.java:461) ~[?:?]
	at com.zaxxer.hikari.pool.HikariPool$PoolEntryCreator.call(HikariPool.java:724) ~[?:?]
	at com.zaxxer.hikari.pool.HikariPool$PoolEntryCreator.call(HikariPool.java:703) ~[?:?]
	at java.util.concurrent.FutureTask.run(FutureTask.java:264) ~[?:?]
	at java.util.concurrent.ThreadPoolExecutor.runWorker(ThreadPoolExecutor.java:1136) ~[?:?]
	at java.util.concurrent.ThreadPoolExecutor$Worker.run(ThreadPoolExecutor.java:635) ~[?:?]
	... 1 more
2026-03-26 23:55:14.362 [JettyServerThreadPool-983] WARN  net.corda.persistence.common.PersistenceExceptionCategorizerImpl {corda.client.id=ledger-repair-7BB3E95CF268-1774568251258, corda.external.event.id=566f82e0-33e4-41b4-95f0-e971caf00b7c-iNzKctuAo9jo5bXguJnU/PqTNmHS3yTV+azsIbZKixo=-1, spanId=a8f9023d4f4cff0b, traceId=69c5c593256c1684fc209c2cd993a021, vnode.id=7BB3E95CF268} - Categorized exception as TRANSIENT: org.hibernate.exception.JDBCConnectionException: Unable to acquire JDBC Connection
org.hibernate.exception.JDBCConnectionException: Unable to acquire JDBC Connection
	at org.hibernate.exception.internal.SQLExceptionTypeDelegate.convert(SQLExceptionTypeDelegate.java:48) ~[?:?]
	at org.hibernate.exception.internal.StandardSQLExceptionConverter.convert(StandardSQLExceptionConverter.java:37) ~[?:?]
	at org.hibernate.engine.jdbc.spi.SqlExceptionHelper.convert(SqlExceptionHelper.java:113) ~[?:?]
	at org.hibernate.engine.jdbc.spi.SqlExceptionHelper.convert(SqlExceptionHelper.java:99) ~[?:?]
	at org.hibernate.resource.jdbc.internal.LogicalConnectionManagedImpl.acquireConnectionIfNeeded(LogicalConnectionManagedImpl.java:111) ~[?:?]
	at org.hibernate.resource.jdbc.internal.LogicalConnectionManagedImpl.getPhysicalConnection(LogicalConnectionManagedImpl.java:138) ~[?:?]
	at org.hibernate.resource.jdbc.internal.LogicalConnectionManagedImpl.getConnectionForTransactionManagement(LogicalConnectionManagedImpl.java:276) ~[?:?]
	at org.hibernate.resource.jdbc.internal.LogicalConnectionManagedImpl.begin(LogicalConnectionManagedImpl.java:284) ~[?:?]
	at org.hibernate.resource.transaction.backend.jdbc.internal.JdbcResourceLocalTransactionCoordinatorImpl$TransactionDriverControlImpl.begin(JdbcResourceLocalTransactionCoordinatorImpl.java:246) ~[?:?]
	at org.hibernate.engine.transaction.internal.TransactionImpl.begin(TransactionImpl.java:83) ~[?:?]
	at net.corda.ledger.persistence.utxo.impl.UtxoPersistenceServiceImpl.findTransactionsWithStatusCreatedBetweenTime(UtxoPersistenceServiceImpl.kt:1362) ~[?:?]
	at net.corda.ledger.persistence.utxo.impl.request.handlers.UtxoFindTransactionsWithStatusCreatedBetweenTimeRequestHandler.execute(UtxoFindTransactionsWithStatusCreatedBetweenTimeRequestHandler.kt:24) ~[?:?]
	at net.corda.ledger.persistence.processor.LedgerPersistenceRequestProcessor$process$result$1.invoke(LedgerPersistenceRequestProcessor.kt:70) ~[?:?]
	at net.corda.ledger.persistence.processor.LedgerPersistenceRequestProcessor$process$result$1.invoke(LedgerPersistenceRequestProcessor.kt:52) ~[?:?]
	at net.corda.utilities.LogUtilsKt.withMDC(LogUtils.kt:73) ~[?:?]
	at net.corda.ledger.persistence.processor.LedgerPersistenceRequestProcessor.process(LedgerPersistenceRequestProcessor.kt:52) ~[?:?]
	at net.corda.ledger.persistence.processor.LedgerPersistenceRequestProcessor.process(LedgerPersistenceRequestProcessor.kt:29) ~[?:?]
	at net.corda.messaging.subscription.SyncRPCSubscriptionImpl.registerEndpoint$lambda$1(SyncRPCSubscriptionImpl.kt:92) ~[?:?]
	at net.corda.web.server.JavalinServer.registerEndpointInternal$lambda$15(JavalinServer.kt:150) ~[?:?]
	at io.javalin.core.security.SecurityUtil.noopAccessManager(SecurityUtil.kt:20) ~[?:?]
	at io.javalin.http.JavalinServlet.addHandler$lambda-0(JavalinServlet.kt:96) ~[?:?]
	at io.javalin.http.JavalinServlet$lifecycle$2$1$1.invoke(JavalinServlet.kt:43) ~[?:?]
	at io.javalin.http.JavalinServlet$lifecycle$2$1$1.invoke(JavalinServlet.kt:43) ~[?:?]
	at io.javalin.http.JavalinServletHandler.executeNextTask(JavalinServletHandler.kt:99) ~[?:?]
	at io.javalin.http.JavalinServletHandler.queueNextTaskOrFinish$lambda-1(JavalinServletHandler.kt:85) ~[?:?]
	at java.util.concurrent.CompletableFuture.uniComposeStage(CompletableFuture.java:1187) ~[?:?]
	at java.util.concurrent.CompletableFuture.thenCompose(CompletableFuture.java:2309) ~[?:?]
	at io.javalin.http.JavalinServletHandler.queueNextTaskOrFinish$javalin(JavalinServletHandler.kt:85) ~[?:?]
	at io.javalin.http.JavalinServlet.service(JavalinServlet.kt:89) ~[?:?]
	at javax.servlet.http.HttpServlet.service(HttpServlet.java:790) ~[javax.servlet-api-3.1.0.jar:3.1.0]
	at io.javalin.jetty.JavalinJettyServlet.service(JavalinJettyServlet.kt:58) ~[?:?]
	at javax.servlet.http.HttpServlet.service(HttpServlet.java:790) ~[javax.servlet-api-3.1.0.jar:3.1.0]
	at org.eclipse.jetty.servlet.ServletHolder.handle(ServletHolder.java:799) ~[?:?]
	at org.eclipse.jetty.servlet.ServletHandler$ChainEnd.doFilter(ServletHandler.java:1656) ~[?:?]
	at brave.servlet.TracingFilter.doFilter(TracingFilter.java:89) ~[?:?]
	at org.eclipse.jetty.servlet.FilterHolder.doFilter(FilterHolder.java:193) ~[?:?]
	at org.eclipse.jetty.servlet.ServletHandler$Chain.doFilter(ServletHandler.java:1626) ~[?:?]
	at org.eclipse.jetty.servlet.ServletHandler.doHandle(ServletHandler.java:552) ~[?:?]
	at org.eclipse.jetty.server.handler.ScopedHandler.nextHandle(ScopedHandler.java:233) ~[jetty-server-9.4.54.v20240208.jar:9.4.54.v20240208]
	at org.eclipse.jetty.server.session.SessionHandler.doHandle(SessionHandler.java:1624) ~[jetty-server-9.4.54.v20240208.jar:9.4.54.v20240208]
	at org.eclipse.jetty.server.handler.ScopedHandler.nextHandle(ScopedHandler.java:233) ~[jetty-server-9.4.54.v20240208.jar:9.4.54.v20240208]
	at io.javalin.jetty.JettyServer$start$wsAndHttpHandler$1.doHandle(JettyServer.kt:52) ~[?:?]
	at org.eclipse.jetty.server.handler.ScopedHandler.nextScope(ScopedHandler.java:188) ~[jetty-server-9.4.54.v20240208.jar:9.4.54.v20240208]
	at org.eclipse.jetty.servlet.ServletHandler.doScope(ServletHandler.java:505) ~[?:?]
	at org.eclipse.jetty.server.session.SessionHandler.doScope(SessionHandler.java:1594) ~[jetty-server-9.4.54.v20240208.jar:9.4.54.v20240208]
	at org.eclipse.jetty.server.handler.ScopedHandler.nextScope(ScopedHandler.java:186) ~[jetty-server-9.4.54.v20240208.jar:9.4.54.v20240208]
	at org.eclipse.jetty.server.handler.ContextHandler.doScope(ContextHandler.java:1355) ~[jetty-server-9.4.54.v20240208.jar:9.4.54.v20240208]
	at org.eclipse.jetty.server.handler.ScopedHandler.handle(ScopedHandler.java:141) ~[jetty-server-9.4.54.v20240208.jar:9.4.54.v20240208]
	at org.eclipse.jetty.server.handler.StatisticsHandler.handle(StatisticsHandler.java:181) ~[jetty-server-9.4.54.v20240208.jar:9.4.54.v20240208]
	at org.eclipse.jetty.server.handler.HandlerWrapper.handle(HandlerWrapper.java:127) ~[jetty-server-9.4.54.v20240208.jar:9.4.54.v20240208]
	at org.eclipse.jetty.server.Server.handle(Server.java:516) ~[jetty-server-9.4.54.v20240208.jar:9.4.54.v20240208]
	at org.eclipse.jetty.server.HttpChannel.lambda$handle$1(HttpChannel.java:487) ~[jetty-server-9.4.54.v20240208.jar:9.4.54.v20240208]
	at org.eclipse.jetty.server.HttpChannel.dispatch(HttpChannel.java:732) [jetty-server-9.4.54.v20240208.jar:9.4.54.v20240208]
	at org.eclipse.jetty.server.HttpChannel.handle(HttpChannel.java:479) [jetty-server-9.4.54.v20240208.jar:9.4.54.v20240208]
	at org.eclipse.jetty.server.HttpConnection.onFillable(HttpConnection.java:277) [jetty-server-9.4.54.v20240208.jar:9.4.54.v20240208]
	at org.eclipse.jetty.io.AbstractConnection$ReadCallback.succeeded(AbstractConnection.java:311) [jetty-io-9.4.54.v20240208.jar:9.4.54.v20240208]
	at org.eclipse.jetty.io.FillInterest.fillable(FillInterest.java:105) [jetty-io-9.4.54.v20240208.jar:9.4.54.v20240208]
	at org.eclipse.jetty.io.ChannelEndPoint$1.run(ChannelEndPoint.java:104) [jetty-io-9.4.54.v20240208.jar:9.4.54.v20240208]
	at org.eclipse.jetty.util.thread.strategy.EatWhatYouKill.runTask(EatWhatYouKill.java:338) [jetty-util-9.4.54.v20240208.jar:9.4.54.v20240208]
	at org.eclipse.jetty.util.thread.strategy.EatWhatYouKill.doProduce(EatWhatYouKill.java:315) [jetty-util-9.4.54.v20240208.jar:9.4.54.v20240208]
	at org.eclipse.jetty.util.thread.strategy.EatWhatYouKill.tryProduce(EatWhatYouKill.java:173) [jetty-util-9.4.54.v20240208.jar:9.4.54.v20240208]
	at org.eclipse.jetty.util.thread.strategy.EatWhatYouKill.run(EatWhatYouKill.java:131) [jetty-util-9.4.54.v20240208.jar:9.4.54.v20240208]
	at org.eclipse.jetty.util.thread.ReservedThreadExecutor$ReservedThread.run(ReservedThreadExecutor.java:409) [jetty-util-9.4.54.v20240208.jar:9.4.54.v20240208]
	at org.eclipse.jetty.util.thread.QueuedThreadPool.runJob(QueuedThreadPool.java:883) [jetty-util-9.4.54.v20240208.jar:9.4.54.v20240208]
	at org.eclipse.jetty.util.thread.QueuedThreadPool$Runner.run(QueuedThreadPool.java:1034) [jetty-util-9.4.54.v20240208.jar:9.4.54.v20240208]
	at java.lang.Thread.run(Thread.java:840) [?:?]
Caused by: java.sql.SQLTransientConnectionException: HikariPool-20 - Connection is not available, request timed out after 30000ms (total=0, active=0, idle=0, waiting=0)
	at com.zaxxer.hikari.pool.HikariPool.createTimeoutException(HikariPool.java:686) ~[?:?]
	at com.zaxxer.hikari.pool.HikariPool.getConnection(HikariPool.java:179) ~[?:?]
	at com.zaxxer.hikari.pool.HikariPool.getConnection(HikariPool.java:144) ~[?:?]
	at com.zaxxer.hikari.HikariDataSource.getConnection(HikariDataSource.java:99) ~[?:?]
	at net.corda.db.core.DataSourceFactoryImpl$HikariDataSourceWrapper.getConnection(DataSourceFactoryImpl.kt) ~[?:?]
	at org.hibernate.engine.jdbc.connections.internal.DatasourceConnectionProviderImpl.getConnection(DatasourceConnectionProviderImpl.java:122) ~[?:?]
	at org.hibernate.internal.NonContextualJdbcConnectionAccess.obtainConnection(NonContextualJdbcConnectionAccess.java:38) ~[?:?]
	at org.hibernate.resource.jdbc.internal.LogicalConnectionManagedImpl.acquireConnectionIfNeeded(LogicalConnectionManagedImpl.java:108) ~[?:?]
	... 61 more
Caused by: org.postgresql.util.PSQLException: FATAL: remaining connection slots are reserved for non-replication superuser connections
	at org.postgresql.Driver$ConnectThread.getResult(Driver.java:397) ~[?:?]
	at org.postgresql.Driver.connect(Driver.java:305) ~[?:?]
	at java.sql.DriverManager.getConnection(DriverManager.java:681) ~[java.sql:?]
	at java.sql.DriverManager.getConnection(DriverManager.java:229) ~[java.sql:?]
	at org.postgresql.ds.common.BaseDataSource.getConnection(BaseDataSource.java:104) ~[?:?]
	at org.postgresql.ds.common.BaseDataSource.getConnection(BaseDataSource.java:88) ~[?:?]
	at com.zaxxer.hikari.pool.PoolBase.newConnection(PoolBase.java:360) ~[?:?]
	at com.zaxxer.hikari.pool.PoolBase.newPoolEntry(PoolBase.java:202) ~[?:?]
	at com.zaxxer.hikari.pool.HikariPool.createPoolEntry(HikariPool.java:461) ~[?:?]
	at com.zaxxer.hikari.pool.HikariPool$PoolEntryCreator.call(HikariPool.java:724) ~[?:?]
	at com.zaxxer.hikari.pool.HikariPool$PoolEntryCreator.call(HikariPool.java:703) ~[?:?]
	at java.util.concurrent.FutureTask.run(FutureTask.java:264) ~[?:?]
	at java.util.concurrent.ThreadPoolExecutor.runWorker(ThreadPoolExecutor.java:1136) ~[?:?]
	at java.util.concurrent.ThreadPoolExecutor$Worker.run(ThreadPoolExecutor.java:635) ~[?:?]
	... 1 more
2026-03-26 23:55:14.379 [JettyServerThreadPool-983] WARN  net.corda.messaging.subscription.SyncRPCSubscriptionImpl {spanId=a8f9023d4f4cff0b, traceId=69c5c593256c1684fc209c2cd993a021, vnode.id=7BB3E95CF268} - Transient error processing RPC request for Endpoint(methodType=POST, path='/ledger', isApi=true): Transient server exception while processing request '566f82e0-33e4-41b4-95f0-e971caf00b7c-iNzKctuAo9jo5bXguJnU/PqTNmHS3yTV+azsIbZKixo=-1'. Cause: Unable to acquire JDBC Connection
net.corda.messaging.api.exception.CordaHTTPServerTransientException: Transient server exception while processing request '566f82e0-33e4-41b4-95f0-e971caf00b7c-iNzKctuAo9jo5bXguJnU/PqTNmHS3yTV+azsIbZKixo=-1'. Cause: Unable to acquire JDBC Connection
	at net.corda.persistence.common.ResponseFactoryImpl.errorResponse(ResponseFactoryImpl.kt:60) ~[?:?]
	at net.corda.ledger.persistence.processor.LedgerPersistenceRequestProcessor$process$result$1.invoke(LedgerPersistenceRequestProcessor.kt:82) ~[?:?]
	at net.corda.ledger.persistence.processor.LedgerPersistenceRequestProcessor$process$result$1.invoke(LedgerPersistenceRequestProcessor.kt:52) ~[?:?]
	at net.corda.utilities.LogUtilsKt.withMDC(LogUtils.kt:73) ~[?:?]
	at net.corda.ledger.persistence.processor.LedgerPersistenceRequestProcessor.process(LedgerPersistenceRequestProcessor.kt:52) ~[?:?]
	at net.corda.ledger.persistence.processor.LedgerPersistenceRequestProcessor.process(LedgerPersistenceRequestProcessor.kt:29) ~[?:?]
	at net.corda.messaging.subscription.SyncRPCSubscriptionImpl.registerEndpoint$lambda$1(SyncRPCSubscriptionImpl.kt:92) ~[?:?]
	at net.corda.web.server.JavalinServer.registerEndpointInternal$lambda$15(JavalinServer.kt:150) ~[?:?]
	at io.javalin.core.security.SecurityUtil.noopAccessManager(SecurityUtil.kt:20) ~[?:?]
	at io.javalin.http.JavalinServlet.addHandler$lambda-0(JavalinServlet.kt:96) ~[?:?]
	at io.javalin.http.JavalinServlet$lifecycle$2$1$1.invoke(JavalinServlet.kt:43) ~[?:?]
	at io.javalin.http.JavalinServlet$lifecycle$2$1$1.invoke(JavalinServlet.kt:43) ~[?:?]
	at io.javalin.http.JavalinServletHandler.executeNextTask(JavalinServletHandler.kt:99) ~[?:?]
	at io.javalin.http.JavalinServletHandler.queueNextTaskOrFinish$lambda-1(JavalinServletHandler.kt:85) ~[?:?]
	at java.util.concurrent.CompletableFuture.uniComposeStage(CompletableFuture.java:1187) ~[?:?]
	at java.util.concurrent.CompletableFuture.thenCompose(CompletableFuture.java:2309) ~[?:?]
	at io.javalin.http.JavalinServletHandler.queueNextTaskOrFinish$javalin(JavalinServletHandler.kt:85) ~[?:?]
	at io.javalin.http.JavalinServlet.service(JavalinServlet.kt:89) ~[?:?]
	at javax.servlet.http.HttpServlet.service(HttpServlet.java:790) ~[javax.servlet-api-3.1.0.jar:3.1.0]
	at io.javalin.jetty.JavalinJettyServlet.service(JavalinJettyServlet.kt:58) ~[?:?]
	at javax.servlet.http.HttpServlet.service(HttpServlet.java:790) ~[javax.servlet-api-3.1.0.jar:3.1.0]
	at org.eclipse.jetty.servlet.ServletHolder.handle(ServletHolder.java:799) ~[?:?]
	at org.eclipse.jetty.servlet.ServletHandler$ChainEnd.doFilter(ServletHandler.java:1656) ~[?:?]
	at brave.servlet.TracingFilter.doFilter(TracingFilter.java:89) ~[?:?]
	at org.eclipse.jetty.servlet.FilterHolder.doFilter(FilterHolder.java:193) ~[?:?]
	at org.eclipse.jetty.servlet.ServletHandler$Chain.doFilter(ServletHandler.java:1626) ~[?:?]
	at org.eclipse.jetty.servlet.ServletHandler.doHandle(ServletHandler.java:552) ~[?:?]
	at org.eclipse.jetty.server.handler.ScopedHandler.nextHandle(ScopedHandler.java:233) ~[jetty-server-9.4.54.v20240208.jar:9.4.54.v20240208]
	at org.eclipse.jetty.server.session.SessionHandler.doHandle(SessionHandler.java:1624) ~[jetty-server-9.4.54.v20240208.jar:9.4.54.v20240208]
	at org.eclipse.jetty.server.handler.ScopedHandler.nextHandle(ScopedHandler.java:233) ~[jetty-server-9.4.54.v20240208.jar:9.4.54.v20240208]
	at io.javalin.jetty.JettyServer$start$wsAndHttpHandler$1.doHandle(JettyServer.kt:52) ~[?:?]
	at org.eclipse.jetty.server.handler.ScopedHandler.nextScope(ScopedHandler.java:188) ~[jetty-server-9.4.54.v20240208.jar:9.4.54.v20240208]
	at org.eclipse.jetty.servlet.ServletHandler.doScope(ServletHandler.java:505) ~[?:?]
	at org.eclipse.jetty.server.session.SessionHandler.doScope(SessionHandler.java:1594) ~[jetty-server-9.4.54.v20240208.jar:9.4.54.v20240208]
	at org.eclipse.jetty.server.handler.ScopedHandler.nextScope(ScopedHandler.java:186) ~[jetty-server-9.4.54.v20240208.jar:9.4.54.v20240208]
	at org.eclipse.jetty.server.handler.ContextHandler.doScope(ContextHandler.java:1355) ~[jetty-server-9.4.54.v20240208.jar:9.4.54.v20240208]
	at org.eclipse.jetty.server.handler.ScopedHandler.handle(ScopedHandler.java:141) ~[jetty-server-9.4.54.v20240208.jar:9.4.54.v20240208]
	at org.eclipse.jetty.server.handler.StatisticsHandler.handle(StatisticsHandler.java:181) ~[jetty-server-9.4.54.v20240208.jar:9.4.54.v20240208]
	at org.eclipse.jetty.server.handler.HandlerWrapper.handle(HandlerWrapper.java:127) ~[jetty-server-9.4.54.v20240208.jar:9.4.54.v20240208]
	at org.eclipse.jetty.server.Server.handle(Server.java:516) ~[jetty-server-9.4.54.v20240208.jar:9.4.54.v20240208]
	at org.eclipse.jetty.server.HttpChannel.lambda$handle$1(HttpChannel.java:487) ~[jetty-server-9.4.54.v20240208.jar:9.4.54.v20240208]
	at org.eclipse.jetty.server.HttpChannel.dispatch(HttpChannel.java:732) [jetty-server-9.4.54.v20240208.jar:9.4.54.v20240208]
	at org.eclipse.jetty.server.HttpChannel.handle(HttpChannel.java:479) [jetty-server-9.4.54.v20240208.jar:9.4.54.v20240208]
	at org.eclipse.jetty.server.HttpConnection.onFillable(HttpConnection.java:277) [jetty-server-9.4.54.v20240208.jar:9.4.54.v20240208]
	at org.eclipse.jetty.io.AbstractConnection$ReadCallback.succeeded(AbstractConnection.java:311) [jetty-io-9.4.54.v20240208.jar:9.4.54.v20240208]
	at org.eclipse.jetty.io.FillInterest.fillable(FillInterest.java:105) [jetty-io-9.4.54.v20240208.jar:9.4.54.v20240208]
	at org.eclipse.jetty.io.ChannelEndPoint$1.run(ChannelEndPoint.java:104) [jetty-io-9.4.54.v20240208.jar:9.4.54.v20240208]
	at org.eclipse.jetty.util.thread.strategy.EatWhatYouKill.runTask(EatWhatYouKill.java:338) [jetty-util-9.4.54.v20240208.jar:9.4.54.v20240208]
	at org.eclipse.jetty.util.thread.strategy.EatWhatYouKill.doProduce(EatWhatYouKill.java:315) [jetty-util-9.4.54.v20240208.jar:9.4.54.v20240208]
	at org.eclipse.jetty.util.thread.strategy.EatWhatYouKill.tryProduce(EatWhatYouKill.java:173) [jetty-util-9.4.54.v20240208.jar:9.4.54.v20240208]
	at org.eclipse.jetty.util.thread.strategy.EatWhatYouKill.run(EatWhatYouKill.java:131) [jetty-util-9.4.54.v20240208.jar:9.4.54.v20240208]
	at org.eclipse.jetty.util.thread.ReservedThreadExecutor$ReservedThread.run(ReservedThreadExecutor.java:409) [jetty-util-9.4.54.v20240208.jar:9.4.54.v20240208]
	at org.eclipse.jetty.util.thread.QueuedThreadPool.runJob(QueuedThreadPool.java:883) [jetty-util-9.4.54.v20240208.jar:9.4.54.v20240208]
	at org.eclipse.jetty.util.thread.QueuedThreadPool$Runner.run(QueuedThreadPool.java:1034) [jetty-util-9.4.54.v20240208.jar:9.4.54.v20240208]
	at java.lang.Thread.run(Thread.java:840) [?:?]
Caused by: org.hibernate.exception.JDBCConnectionException: Unable to acquire JDBC Connection
	at org.hibernate.exception.internal.SQLExceptionTypeDelegate.convert(SQLExceptionTypeDelegate.java:48) ~[?:?]
	at org.hibernate.exception.internal.StandardSQLExceptionConverter.convert(StandardSQLExceptionConverter.java:37) ~[?:?]
	at org.hibernate.engine.jdbc.spi.SqlExceptionHelper.convert(SqlExceptionHelper.java:113) ~[?:?]
	at org.hibernate.engine.jdbc.spi.SqlExceptionHelper.convert(SqlExceptionHelper.java:99) ~[?:?]
	at org.hibernate.resource.jdbc.internal.LogicalConnectionManagedImpl.acquireConnectionIfNeeded(LogicalConnectionManagedImpl.java:111) ~[?:?]
	at org.hibernate.resource.jdbc.internal.LogicalConnectionManagedImpl.getPhysicalConnection(LogicalConnectionManagedImpl.java:138) ~[?:?]
	at org.hibernate.resource.jdbc.internal.LogicalConnectionManagedImpl.getConnectionForTransactionManagement(LogicalConnectionManagedImpl.java:276) ~[?:?]
	at org.hibernate.resource.jdbc.internal.LogicalConnectionManagedImpl.begin(LogicalConnectionManagedImpl.java:284) ~[?:?]
	at org.hibernate.resource.transaction.backend.jdbc.internal.JdbcResourceLocalTransactionCoordinatorImpl$TransactionDriverControlImpl.begin(JdbcResourceLocalTransactionCoordinatorImpl.java:246) ~[?:?]
	at org.hibernate.engine.transaction.internal.TransactionImpl.begin(TransactionImpl.java:83) ~[?:?]
	at net.corda.ledger.persistence.utxo.impl.UtxoPersistenceServiceImpl.findTransactionsWithStatusCreatedBetweenTime(UtxoPersistenceServiceImpl.kt:1362) ~[?:?]
	at net.corda.ledger.persistence.utxo.impl.request.handlers.UtxoFindTransactionsWithStatusCreatedBetweenTimeRequestHandler.execute(UtxoFindTransactionsWithStatusCreatedBetweenTimeRequestHandler.kt:24) ~[?:?]
	at net.corda.ledger.persistence.processor.LedgerPersistenceRequestProcessor$process$result$1.invoke(LedgerPersistenceRequestProcessor.kt:70) ~[?:?]
	... 53 more
Caused by: java.sql.SQLTransientConnectionException: HikariPool-20 - Connection is not available, request timed out after 30000ms (total=0, active=0, idle=0, waiting=0)
	at com.zaxxer.hikari.pool.HikariPool.createTimeoutException(HikariPool.java:686) ~[?:?]
	at com.zaxxer.hikari.pool.HikariPool.getConnection(HikariPool.java:179) ~[?:?]
	at com.zaxxer.hikari.pool.HikariPool.getConnection(HikariPool.java:144) ~[?:?]
	at com.zaxxer.hikari.HikariDataSource.getConnection(HikariDataSource.java:99) ~[?:?]
	at net.corda.db.core.DataSourceFactoryImpl$HikariDataSourceWrapper.getConnection(DataSourceFactoryImpl.kt) ~[?:?]
	at org.hibernate.engine.jdbc.connections.internal.DatasourceConnectionProviderImpl.getConnection(DatasourceConnectionProviderImpl.java:122) ~[?:?]
	at org.hibernate.internal.NonContextualJdbcConnectionAccess.obtainConnection(NonContextualJdbcConnectionAccess.java:38) ~[?:?]
	at org.hibernate.resource.jdbc.internal.LogicalConnectionManagedImpl.acquireConnectionIfNeeded(LogicalConnectionManagedImpl.java:108) ~[?:?]
	at org.hibernate.resource.jdbc.internal.LogicalConnectionManagedImpl.getPhysicalConnection(LogicalConnectionManagedImpl.java:138) ~[?:?]
	at org.hibernate.resource.jdbc.internal.LogicalConnectionManagedImpl.getConnectionForTransactionManagement(LogicalConnectionManagedImpl.java:276) ~[?:?]
	at org.hibernate.resource.jdbc.internal.LogicalConnectionManagedImpl.begin(LogicalConnectionManagedImpl.java:284) ~[?:?]
	at org.hibernate.resource.transaction.backend.jdbc.internal.JdbcResourceLocalTransactionCoordinatorImpl$TransactionDriverControlImpl.begin(JdbcResourceLocalTransactionCoordinatorImpl.java:246) ~[?:?]
	at org.hibernate.engine.transaction.internal.TransactionImpl.begin(TransactionImpl.java:83) ~[?:?]
	at net.corda.ledger.persistence.utxo.impl.UtxoPersistenceServiceImpl.findTransactionsWithStatusCreatedBetweenTime(UtxoPersistenceServiceImpl.kt:1362) ~[?:?]
	at net.corda.ledger.persistence.utxo.impl.request.handlers.UtxoFindTransactionsWithStatusCreatedBetweenTimeRequestHandler.execute(UtxoFindTransactionsWithStatusCreatedBetweenTimeRequestHandler.kt:24) ~[?:?]
	at net.corda.ledger.persistence.processor.LedgerPersistenceRequestProcessor$process$result$1.invoke(LedgerPersistenceRequestProcessor.kt:70) ~[?:?]
	... 53 more
Caused by: org.postgresql.util.PSQLException: FATAL: remaining connection slots are reserved for non-replication superuser connections
	at org.postgresql.Driver$ConnectThread.getResult(Driver.java:397) ~[?:?]
	at org.postgresql.Driver.connect(Driver.java:305) ~[?:?]
	at java.sql.DriverManager.getConnection(DriverManager.java:681) ~[java.sql:?]
	at java.sql.DriverManager.getConnection(DriverManager.java:229) ~[java.sql:?]
	at org.postgresql.ds.common.BaseDataSource.getConnection(BaseDataSource.java:104) ~[?:?]
	at org.postgresql.ds.common.BaseDataSource.getConnection(BaseDataSource.java:88) ~[?:?]
	at com.zaxxer.hikari.pool.PoolBase.newConnection(PoolBase.java:360) ~[?:?]
	at com.zaxxer.hikari.pool.PoolBase.newPoolEntry(PoolBase.java:202) ~[?:?]
	at com.zaxxer.hikari.pool.HikariPool.createPoolEntry(HikariPool.java:461) ~[?:?]
	at com.zaxxer.hikari.pool.HikariPool$PoolEntryCreator.call(HikariPool.java:724) ~[?:?]
	at com.zaxxer.hikari.pool.HikariPool$PoolEntryCreator.call(HikariPool.java:703) ~[?:?]
	at java.util.concurrent.FutureTask.run(FutureTask.java:264) ~[?:?]
	at java.util.concurrent.ThreadPoolExecutor.runWorker(ThreadPoolExecutor.java:1136) ~[?:?]
	at java.util.concurrent.ThreadPoolExecutor$Worker.run(ThreadPoolExecutor.java:635) ~[?:?]
	... 1 more
2026-03-26 23:55:43.816 [JettyServerThreadPool-979] WARN  org.hibernate.engine.jdbc.spi.SqlExceptionHelper {corda.client.id=ledger-repair-524FEE159D0F-1774568251258, corda.external.event.id=e3a2358c-64ba-46b4-936d-350e714f538e-iNzKctuAo9jo5bXguJnU/PqTNmHS3yTV+azsIbZKixo=-1, spanId=3cbc7d2626551932, traceId=69c5c59351b0d06fd3275061f8e428f1, vnode.id=524FEE159D0F} - SQL Error: 0, SQLState: 53300
2026-03-26 23:55:43.816 [JettyServerThreadPool-979] ERROR org.hibernate.engine.jdbc.spi.SqlExceptionHelper {corda.client.id=ledger-repair-524FEE159D0F-1774568251258, corda.external.event.id=e3a2358c-64ba-46b4-936d-350e714f538e-iNzKctuAo9jo5bXguJnU/PqTNmHS3yTV+azsIbZKixo=-1, spanId=3cbc7d2626551932, traceId=69c5c59351b0d06fd3275061f8e428f1, vnode.id=524FEE159D0F} - HikariPool-21 - Connection is not available, request timed out after 30000ms (total=0, active=0, idle=0, waiting=0)
2026-03-26 23:55:43.816 [JettyServerThreadPool-979] ERROR org.hibernate.engine.jdbc.spi.SqlExceptionHelper {corda.client.id=ledger-repair-524FEE159D0F-1774568251258, corda.external.event.id=e3a2358c-64ba-46b4-936d-350e714f538e-iNzKctuAo9jo5bXguJnU/PqTNmHS3yTV+azsIbZKixo=-1, spanId=3cbc7d2626551932, traceId=69c5c59351b0d06fd3275061f8e428f1, vnode.id=524FEE159D0F} - FATAL: remaining connection slots are reserved for non-replication superuser connections
2026-03-26 23:55:43.818 [JettyServerThreadPool-14937] WARN  org.hibernate.engine.jdbc.spi.SqlExceptionHelper {corda.client.id=ledger-repair-E3193F94C243-1774568251258, corda.external.event.id=f1681403-3de5-414e-85b1-eea1734e7b89-iNzKctuAo9jo5bXguJnU/PqTNmHS3yTV+azsIbZKixo=-1, spanId=692011930f22cf60, traceId=69c5c5939b0f70e386dcd2b9d51083ac, vnode.id=E3193F94C243} - SQL Error: 0, SQLState: 53300
2026-03-26 23:55:43.818 [JettyServerThreadPool-14937] ERROR org.hibernate.engine.jdbc.spi.SqlExceptionHelper {corda.client.id=ledger-repair-E3193F94C243-1774568251258, corda.external.event.id=f1681403-3de5-414e-85b1-eea1734e7b89-iNzKctuAo9jo5bXguJnU/PqTNmHS3yTV+azsIbZKixo=-1, spanId=692011930f22cf60, traceId=69c5c5939b0f70e386dcd2b9d51083ac, vnode.id=E3193F94C243} - HikariPool-22 - Connection is not available, request timed out after 30000ms (total=0, active=0, idle=0, waiting=0)
2026-03-26 23:55:43.818 [JettyServerThreadPool-14937] ERROR org.hibernate.engine.jdbc.spi.SqlExceptionHelper {corda.client.id=ledger-repair-E3193F94C243-1774568251258, corda.external.event.id=f1681403-3de5-414e-85b1-eea1734e7b89-iNzKctuAo9jo5bXguJnU/PqTNmHS3yTV+azsIbZKixo=-1, spanId=692011930f22cf60, traceId=69c5c5939b0f70e386dcd2b9d51083ac, vnode.id=E3193F94C243} - FATAL: remaining connection slots are reserved for non-replication superuser connections
2026-03-26 23:55:43.816 [JettyServerThreadPool-979] ERROR net.corda.ledger.persistence.processor.LedgerPersistenceRequestProcessor {corda.client.id=ledger-repair-524FEE159D0F-1774568251258, corda.external.event.id=e3a2358c-64ba-46b4-936d-350e714f538e-iNzKctuAo9jo5bXguJnU/PqTNmHS3yTV+azsIbZKixo=-1, spanId=3cbc7d2626551932, traceId=69c5c59351b0d06fd3275061f8e428f1, vnode.id=524FEE159D0F} - Unable to acquire JDBC Connection
org.hibernate.exception.JDBCConnectionException: Unable to acquire JDBC Connection
	at org.hibernate.exception.internal.SQLExceptionTypeDelegate.convert(SQLExceptionTypeDelegate.java:48) ~[?:?]
	at org.hibernate.exception.internal.StandardSQLExceptionConverter.convert(StandardSQLExceptionConverter.java:37) ~[?:?]
	at org.hibernate.engine.jdbc.spi.SqlExceptionHelper.convert(SqlExceptionHelper.java:113) ~[?:?]
	at org.hibernate.engine.jdbc.spi.SqlExceptionHelper.convert(SqlExceptionHelper.java:99) ~[?:?]
	at org.hibernate.resource.jdbc.internal.LogicalConnectionManagedImpl.acquireConnectionIfNeeded(LogicalConnectionManagedImpl.java:111) ~[?:?]
	at org.hibernate.resource.jdbc.internal.LogicalConnectionManagedImpl.getPhysicalConnection(LogicalConnectionManagedImpl.java:138) ~[?:?]
	at org.hibernate.resource.jdbc.internal.LogicalConnectionManagedImpl.getConnectionForTransactionManagement(LogicalConnectionManagedImpl.java:276) ~[?:?]
	at org.hibernate.resource.jdbc.internal.LogicalConnectionManagedImpl.begin(LogicalConnectionManagedImpl.java:284) ~[?:?]
	at org.hibernate.resource.transaction.backend.jdbc.internal.JdbcResourceLocalTransactionCoordinatorImpl$TransactionDriverControlImpl.begin(JdbcResourceLocalTransactionCoordinatorImpl.java:246) ~[?:?]
	at org.hibernate.engine.transaction.internal.TransactionImpl.begin(TransactionImpl.java:83) ~[?:?]
	at net.corda.ledger.persistence.utxo.impl.UtxoPersistenceServiceImpl.findTransactionsWithStatusCreatedBetweenTime(UtxoPersistenceServiceImpl.kt:1362) ~[?:?]
	at net.corda.ledger.persistence.utxo.impl.request.handlers.UtxoFindTransactionsWithStatusCreatedBetweenTimeRequestHandler.execute(UtxoFindTransactionsWithStatusCreatedBetweenTimeRequestHandler.kt:24) ~[?:?]
	at net.corda.ledger.persistence.processor.LedgerPersistenceRequestProcessor$process$result$1.invoke(LedgerPersistenceRequestProcessor.kt:70) ~[?:?]
	at net.corda.ledger.persistence.processor.LedgerPersistenceRequestProcessor$process$result$1.invoke(LedgerPersistenceRequestProcessor.kt:52) ~[?:?]
	at net.corda.utilities.LogUtilsKt.withMDC(LogUtils.kt:73) ~[?:?]
	at net.corda.ledger.persistence.processor.LedgerPersistenceRequestProcessor.process(LedgerPersistenceRequestProcessor.kt:52) ~[?:?]
	at net.corda.ledger.persistence.processor.LedgerPersistenceRequestProcessor.process(LedgerPersistenceRequestProcessor.kt:29) ~[?:?]
	at net.corda.messaging.subscription.SyncRPCSubscriptionImpl.registerEndpoint$lambda$1(SyncRPCSubscriptionImpl.kt:92) ~[?:?]
	at net.corda.web.server.JavalinServer.registerEndpointInternal$lambda$15(JavalinServer.kt:150) ~[?:?]
	at io.javalin.core.security.SecurityUtil.noopAccessManager(SecurityUtil.kt:20) ~[?:?]
	at io.javalin.http.JavalinServlet.addHandler$lambda-0(JavalinServlet.kt:96) ~[?:?]
	at io.javalin.http.JavalinServlet$lifecycle$2$1$1.invoke(JavalinServlet.kt:43) ~[?:?]
	at io.javalin.http.JavalinServlet$lifecycle$2$1$1.invoke(JavalinServlet.kt:43) ~[?:?]
	at io.javalin.http.JavalinServletHandler.executeNextTask(JavalinServletHandler.kt:99) ~[?:?]
	at io.javalin.http.JavalinServletHandler.queueNextTaskOrFinish$lambda-1(JavalinServletHandler.kt:85) ~[?:?]
	at java.util.concurrent.CompletableFuture.uniComposeStage(CompletableFuture.java:1187) ~[?:?]
	at java.util.concurrent.CompletableFuture.thenCompose(CompletableFuture.java:2309) ~[?:?]
	at io.javalin.http.JavalinServletHandler.queueNextTaskOrFinish$javalin(JavalinServletHandler.kt:85) ~[?:?]
	at io.javalin.http.JavalinServlet.service(JavalinServlet.kt:89) ~[?:?]
	at javax.servlet.http.HttpServlet.service(HttpServlet.java:790) ~[javax.servlet-api-3.1.0.jar:3.1.0]
	at io.javalin.jetty.JavalinJettyServlet.service(JavalinJettyServlet.kt:58) ~[?:?]
	at javax.servlet.http.HttpServlet.service(HttpServlet.java:790) ~[javax.servlet-api-3.1.0.jar:3.1.0]
	at org.eclipse.jetty.servlet.ServletHolder.handle(ServletHolder.java:799) ~[?:?]
	at org.eclipse.jetty.servlet.ServletHandler$ChainEnd.doFilter(ServletHandler.java:1656) ~[?:?]
	at brave.servlet.TracingFilter.doFilter(TracingFilter.java:89) ~[?:?]
	at org.eclipse.jetty.servlet.FilterHolder.doFilter(FilterHolder.java:193) ~[?:?]
	at org.eclipse.jetty.servlet.ServletHandler$Chain.doFilter(ServletHandler.java:1626) ~[?:?]
	at org.eclipse.jetty.servlet.ServletHandler.doHandle(ServletHandler.java:552) ~[?:?]
	at org.eclipse.jetty.server.handler.ScopedHandler.nextHandle(ScopedHandler.java:233) ~[jetty-server-9.4.54.v20240208.jar:9.4.54.v20240208]
	at org.eclipse.jetty.server.session.SessionHandler.doHandle(SessionHandler.java:1624) ~[jetty-server-9.4.54.v20240208.jar:9.4.54.v20240208]
	at org.eclipse.jetty.server.handler.ScopedHandler.nextHandle(ScopedHandler.java:233) ~[jetty-server-9.4.54.v20240208.jar:9.4.54.v20240208]
	at io.javalin.jetty.JettyServer$start$wsAndHttpHandler$1.doHandle(JettyServer.kt:52) ~[?:?]
	at org.eclipse.jetty.server.handler.ScopedHandler.nextScope(ScopedHandler.java:188) ~[jetty-server-9.4.54.v20240208.jar:9.4.54.v20240208]
	at org.eclipse.jetty.servlet.ServletHandler.doScope(ServletHandler.java:505) ~[?:?]
	at org.eclipse.jetty.server.session.SessionHandler.doScope(SessionHandler.java:1594) ~[jetty-server-9.4.54.v20240208.jar:9.4.54.v20240208]
	at org.eclipse.jetty.server.handler.ScopedHandler.nextScope(ScopedHandler.java:186) ~[jetty-server-9.4.54.v20240208.jar:9.4.54.v20240208]
	at org.eclipse.jetty.server.handler.ContextHandler.doScope(ContextHandler.java:1355) ~[jetty-server-9.4.54.v20240208.jar:9.4.54.v20240208]
	at org.eclipse.jetty.server.handler.ScopedHandler.handle(ScopedHandler.java:141) ~[jetty-server-9.4.54.v20240208.jar:9.4.54.v20240208]
	at org.eclipse.jetty.server.handler.StatisticsHandler.handle(StatisticsHandler.java:181) ~[jetty-server-9.4.54.v20240208.jar:9.4.54.v20240208]
	at org.eclipse.jetty.server.handler.HandlerWrapper.handle(HandlerWrapper.java:127) ~[jetty-server-9.4.54.v20240208.jar:9.4.54.v20240208]
	at org.eclipse.jetty.server.Server.handle(Server.java:516) ~[jetty-server-9.4.54.v20240208.jar:9.4.54.v20240208]
	at org.eclipse.jetty.server.HttpChannel.lambda$handle$1(HttpChannel.java:487) ~[jetty-server-9.4.54.v20240208.jar:9.4.54.v20240208]
	at org.eclipse.jetty.server.HttpChannel.dispatch(HttpChannel.java:732) [jetty-server-9.4.54.v20240208.jar:9.4.54.v20240208]
	at org.eclipse.jetty.server.HttpChannel.handle(HttpChannel.java:479) [jetty-server-9.4.54.v20240208.jar:9.4.54.v20240208]
	at org.eclipse.jetty.server.HttpConnection.onFillable(HttpConnection.java:277) [jetty-server-9.4.54.v20240208.jar:9.4.54.v20240208]
	at org.eclipse.jetty.io.AbstractConnection$ReadCallback.succeeded(AbstractConnection.java:311) [jetty-io-9.4.54.v20240208.jar:9.4.54.v20240208]
	at org.eclipse.jetty.io.FillInterest.fillable(FillInterest.java:105) [jetty-io-9.4.54.v20240208.jar:9.4.54.v20240208]
	at org.eclipse.jetty.io.ChannelEndPoint$1.run(ChannelEndPoint.java:104) [jetty-io-9.4.54.v20240208.jar:9.4.54.v20240208]
	at org.eclipse.jetty.util.thread.strategy.EatWhatYouKill.runTask(EatWhatYouKill.java:338) [jetty-util-9.4.54.v20240208.jar:9.4.54.v20240208]
	at org.eclipse.jetty.util.thread.strategy.EatWhatYouKill.doProduce(EatWhatYouKill.java:315) [jetty-util-9.4.54.v20240208.jar:9.4.54.v20240208]
	at org.eclipse.jetty.util.thread.strategy.EatWhatYouKill.tryProduce(EatWhatYouKill.java:173) [jetty-util-9.4.54.v20240208.jar:9.4.54.v20240208]
	at org.eclipse.jetty.util.thread.strategy.EatWhatYouKill.run(EatWhatYouKill.java:131) [jetty-util-9.4.54.v20240208.jar:9.4.54.v20240208]
	at org.eclipse.jetty.util.thread.ReservedThreadExecutor$ReservedThread.run(ReservedThreadExecutor.java:409) [jetty-util-9.4.54.v20240208.jar:9.4.54.v20240208]
	at org.eclipse.jetty.util.thread.QueuedThreadPool.runJob(QueuedThreadPool.java:883) [jetty-util-9.4.54.v20240208.jar:9.4.54.v20240208]
	at org.eclipse.jetty.util.thread.QueuedThreadPool$Runner.run(QueuedThreadPool.java:1034) [jetty-util-9.4.54.v20240208.jar:9.4.54.v20240208]
	at java.lang.Thread.run(Thread.java:840) [?:?]
Caused by: java.sql.SQLTransientConnectionException: HikariPool-21 - Connection is not available, request timed out after 30000ms (total=0, active=0, idle=0, waiting=0)
	at com.zaxxer.hikari.pool.HikariPool.createTimeoutException(HikariPool.java:686) ~[?:?]
	at com.zaxxer.hikari.pool.HikariPool.getConnection(HikariPool.java:179) ~[?:?]
	at com.zaxxer.hikari.pool.HikariPool.getConnection(HikariPool.java:144) ~[?:?]
	at com.zaxxer.hikari.HikariDataSource.getConnection(HikariDataSource.java:99) ~[?:?]
	at net.corda.db.core.DataSourceFactoryImpl$HikariDataSourceWrapper.getConnection(DataSourceFactoryImpl.kt) ~[?:?]
	at org.hibernate.engine.jdbc.connections.internal.DatasourceConnectionProviderImpl.getConnection(DatasourceConnectionProviderImpl.java:122) ~[?:?]
	at org.hibernate.internal.NonContextualJdbcConnectionAccess.obtainConnection(NonContextualJdbcConnectionAccess.java:38) ~[?:?]
	at org.hibernate.resource.jdbc.internal.LogicalConnectionManagedImpl.acquireConnectionIfNeeded(LogicalConnectionManagedImpl.java:108) ~[?:?]
	... 61 more
Caused by: org.postgresql.util.PSQLException: FATAL: remaining connection slots are reserved for non-replication superuser connections
	at org.postgresql.Driver$ConnectThread.getResult(Driver.java:397) ~[?:?]
	at org.postgresql.Driver.connect(Driver.java:305) ~[?:?]
	at java.sql.DriverManager.getConnection(DriverManager.java:681) ~[java.sql:?]
	at java.sql.DriverManager.getConnection(DriverManager.java:229) ~[java.sql:?]
	at org.postgresql.ds.common.BaseDataSource.getConnection(BaseDataSource.java:104) ~[?:?]
	at org.postgresql.ds.common.BaseDataSource.getConnection(BaseDataSource.java:88) ~[?:?]
	at com.zaxxer.hikari.pool.PoolBase.newConnection(PoolBase.java:360) ~[?:?]
	at com.zaxxer.hikari.pool.PoolBase.newPoolEntry(PoolBase.java:202) ~[?:?]
	at com.zaxxer.hikari.pool.HikariPool.createPoolEntry(HikariPool.java:461) ~[?:?]
	at com.zaxxer.hikari.pool.HikariPool$PoolEntryCreator.call(HikariPool.java:724) ~[?:?]
	at com.zaxxer.hikari.pool.HikariPool$PoolEntryCreator.call(HikariPool.java:703) ~[?:?]
	at java.util.concurrent.FutureTask.run(FutureTask.java:264) ~[?:?]
	at java.util.concurrent.ThreadPoolExecutor.runWorker(ThreadPoolExecutor.java:1136) ~[?:?]
	at java.util.concurrent.ThreadPoolExecutor$Worker.run(ThreadPoolExecutor.java:635) ~[?:?]
	... 1 more
2026-03-26 23:55:43.819 [JettyServerThreadPool-14937] ERROR net.corda.ledger.persistence.processor.LedgerPersistenceRequestProcessor {corda.client.id=ledger-repair-E3193F94C243-1774568251258, corda.external.event.id=f1681403-3de5-414e-85b1-eea1734e7b89-iNzKctuAo9jo5bXguJnU/PqTNmHS3yTV+azsIbZKixo=-1, spanId=692011930f22cf60, traceId=69c5c5939b0f70e386dcd2b9d51083ac, vnode.id=E3193F94C243} - Unable to acquire JDBC Connection
org.hibernate.exception.JDBCConnectionException: Unable to acquire JDBC Connection
	at org.hibernate.exception.internal.SQLExceptionTypeDelegate.convert(SQLExceptionTypeDelegate.java:48) ~[?:?]
	at org.hibernate.exception.internal.StandardSQLExceptionConverter.convert(StandardSQLExceptionConverter.java:37) ~[?:?]
	at org.hibernate.engine.jdbc.spi.SqlExceptionHelper.convert(SqlExceptionHelper.java:113) ~[?:?]
	at org.hibernate.engine.jdbc.spi.SqlExceptionHelper.convert(SqlExceptionHelper.java:99) ~[?:?]
	at org.hibernate.resource.jdbc.internal.LogicalConnectionManagedImpl.acquireConnectionIfNeeded(LogicalConnectionManagedImpl.java:111) ~[?:?]
	at org.hibernate.resource.jdbc.internal.LogicalConnectionManagedImpl.getPhysicalConnection(LogicalConnectionManagedImpl.java:138) ~[?:?]
	at org.hibernate.resource.jdbc.internal.LogicalConnectionManagedImpl.getConnectionForTransactionManagement(LogicalConnectionManagedImpl.java:276) ~[?:?]
	at org.hibernate.resource.jdbc.internal.LogicalConnectionManagedImpl.begin(LogicalConnectionManagedImpl.java:284) ~[?:?]
	at org.hibernate.resource.transaction.backend.jdbc.internal.JdbcResourceLocalTransactionCoordinatorImpl$TransactionDriverControlImpl.begin(JdbcResourceLocalTransactionCoordinatorImpl.java:246) ~[?:?]
	at org.hibernate.engine.transaction.internal.TransactionImpl.begin(TransactionImpl.java:83) ~[?:?]
	at net.corda.ledger.persistence.utxo.impl.UtxoPersistenceServiceImpl.findTransactionsWithStatusCreatedBetweenTime(UtxoPersistenceServiceImpl.kt:1362) ~[?:?]
	at net.corda.ledger.persistence.utxo.impl.request.handlers.UtxoFindTransactionsWithStatusCreatedBetweenTimeRequestHandler.execute(UtxoFindTransactionsWithStatusCreatedBetweenTimeRequestHandler.kt:24) ~[?:?]
	at net.corda.ledger.persistence.processor.LedgerPersistenceRequestProcessor$process$result$1.invoke(LedgerPersistenceRequestProcessor.kt:70) ~[?:?]
	at net.corda.ledger.persistence.processor.LedgerPersistenceRequestProcessor$process$result$1.invoke(LedgerPersistenceRequestProcessor.kt:52) ~[?:?]
	at net.corda.utilities.LogUtilsKt.withMDC(LogUtils.kt:73) ~[?:?]
	at net.corda.ledger.persistence.processor.LedgerPersistenceRequestProcessor.process(LedgerPersistenceRequestProcessor.kt:52) ~[?:?]
	at net.corda.ledger.persistence.processor.LedgerPersistenceRequestProcessor.process(LedgerPersistenceRequestProcessor.kt:29) ~[?:?]
	at net.corda.messaging.subscription.SyncRPCSubscriptionImpl.registerEndpoint$lambda$1(SyncRPCSubscriptionImpl.kt:92) ~[?:?]
	at net.corda.web.server.JavalinServer.registerEndpointInternal$lambda$15(JavalinServer.kt:150) ~[?:?]
	at io.javalin.core.security.SecurityUtil.noopAccessManager(SecurityUtil.kt:20) ~[?:?]
	at io.javalin.http.JavalinServlet.addHandler$lambda-0(JavalinServlet.kt:96) ~[?:?]
	at io.javalin.http.JavalinServlet$lifecycle$2$1$1.invoke(JavalinServlet.kt:43) ~[?:?]
	at io.javalin.http.JavalinServlet$lifecycle$2$1$1.invoke(JavalinServlet.kt:43) ~[?:?]
	at io.javalin.http.JavalinServletHandler.executeNextTask(JavalinServletHandler.kt:99) ~[?:?]
	at io.javalin.http.JavalinServletHandler.queueNextTaskOrFinish$lambda-1(JavalinServletHandler.kt:85) ~[?:?]
	at java.util.concurrent.CompletableFuture.uniComposeStage(CompletableFuture.java:1187) ~[?:?]
	at java.util.concurrent.CompletableFuture.thenCompose(CompletableFuture.java:2309) ~[?:?]
	at io.javalin.http.JavalinServletHandler.queueNextTaskOrFinish$javalin(JavalinServletHandler.kt:85) ~[?:?]
	at io.javalin.http.JavalinServlet.service(JavalinServlet.kt:89) ~[?:?]
	at javax.servlet.http.HttpServlet.service(HttpServlet.java:790) ~[javax.servlet-api-3.1.0.jar:3.1.0]
	at io.javalin.jetty.JavalinJettyServlet.service(JavalinJettyServlet.kt:58) ~[?:?]
	at javax.servlet.http.HttpServlet.service(HttpServlet.java:790) ~[javax.servlet-api-3.1.0.jar:3.1.0]
	at org.eclipse.jetty.servlet.ServletHolder.handle(ServletHolder.java:799) ~[?:?]
	at org.eclipse.jetty.servlet.ServletHandler$ChainEnd.doFilter(ServletHandler.java:1656) ~[?:?]
	at brave.servlet.TracingFilter.doFilter(TracingFilter.java:89) ~[?:?]
	at org.eclipse.jetty.servlet.FilterHolder.doFilter(FilterHolder.java:193) ~[?:?]
	at org.eclipse.jetty.servlet.ServletHandler$Chain.doFilter(ServletHandler.java:1626) ~[?:?]
	at org.eclipse.jetty.servlet.ServletHandler.doHandle(ServletHandler.java:552) ~[?:?]
	at org.eclipse.jetty.server.handler.ScopedHandler.nextHandle(ScopedHandler.java:233) ~[jetty-server-9.4.54.v20240208.jar:9.4.54.v20240208]
	at org.eclipse.jetty.server.session.SessionHandler.doHandle(SessionHandler.java:1624) ~[jetty-server-9.4.54.v20240208.jar:9.4.54.v20240208]
	at org.eclipse.jetty.server.handler.ScopedHandler.nextHandle(ScopedHandler.java:233) ~[jetty-server-9.4.54.v20240208.jar:9.4.54.v20240208]
	at io.javalin.jetty.JettyServer$start$wsAndHttpHandler$1.doHandle(JettyServer.kt:52) ~[?:?]
	at org.eclipse.jetty.server.handler.ScopedHandler.nextScope(ScopedHandler.java:188) ~[jetty-server-9.4.54.v20240208.jar:9.4.54.v20240208]
	at org.eclipse.jetty.servlet.ServletHandler.doScope(ServletHandler.java:505) ~[?:?]
	at org.eclipse.jetty.server.session.SessionHandler.doScope(SessionHandler.java:1594) ~[jetty-server-9.4.54.v20240208.jar:9.4.54.v20240208]
	at org.eclipse.jetty.server.handler.ScopedHandler.nextScope(ScopedHandler.java:186) ~[jetty-server-9.4.54.v20240208.jar:9.4.54.v20240208]
	at org.eclipse.jetty.server.handler.ContextHandler.doScope(ContextHandler.java:1355) ~[jetty-server-9.4.54.v20240208.jar:9.4.54.v20240208]
	at org.eclipse.jetty.server.handler.ScopedHandler.handle(ScopedHandler.java:141) ~[jetty-server-9.4.54.v20240208.jar:9.4.54.v20240208]
	at org.eclipse.jetty.server.handler.StatisticsHandler.handle(StatisticsHandler.java:181) ~[jetty-server-9.4.54.v20240208.jar:9.4.54.v20240208]
	at org.eclipse.jetty.server.handler.HandlerWrapper.handle(HandlerWrapper.java:127) ~[jetty-server-9.4.54.v20240208.jar:9.4.54.v20240208]
	at org.eclipse.jetty.server.Server.handle(Server.java:516) ~[jetty-server-9.4.54.v20240208.jar:9.4.54.v20240208]
	at org.eclipse.jetty.server.HttpChannel.lambda$handle$1(HttpChannel.java:487) ~[jetty-server-9.4.54.v20240208.jar:9.4.54.v20240208]
	at org.eclipse.jetty.server.HttpChannel.dispatch(HttpChannel.java:732) [jetty-server-9.4.54.v20240208.jar:9.4.54.v20240208]
	at org.eclipse.jetty.server.HttpChannel.handle(HttpChannel.java:479) [jetty-server-9.4.54.v20240208.jar:9.4.54.v20240208]
	at org.eclipse.jetty.server.HttpConnection.onFillable(HttpConnection.java:277) [jetty-server-9.4.54.v20240208.jar:9.4.54.v20240208]
	at org.eclipse.jetty.io.AbstractConnection$ReadCallback.succeeded(AbstractConnection.java:311) [jetty-io-9.4.54.v20240208.jar:9.4.54.v20240208]
	at org.eclipse.jetty.io.FillInterest.fillable(FillInterest.java:105) [jetty-io-9.4.54.v20240208.jar:9.4.54.v20240208]
	at org.eclipse.jetty.io.ChannelEndPoint$1.run(ChannelEndPoint.java:104) [jetty-io-9.4.54.v20240208.jar:9.4.54.v20240208]
	at org.eclipse.jetty.util.thread.strategy.EatWhatYouKill.runTask(EatWhatYouKill.java:338) [jetty-util-9.4.54.v20240208.jar:9.4.54.v20240208]
	at org.eclipse.jetty.util.thread.strategy.EatWhatYouKill.doProduce(EatWhatYouKill.java:315) [jetty-util-9.4.54.v20240208.jar:9.4.54.v20240208]
	at org.eclipse.jetty.util.thread.strategy.EatWhatYouKill.tryProduce(EatWhatYouKill.java:173) [jetty-util-9.4.54.v20240208.jar:9.4.54.v20240208]
	at org.eclipse.jetty.util.thread.strategy.EatWhatYouKill.run(EatWhatYouKill.java:131) [jetty-util-9.4.54.v20240208.jar:9.4.54.v20240208]
	at org.eclipse.jetty.util.thread.ReservedThreadExecutor$ReservedThread.run(ReservedThreadExecutor.java:409) [jetty-util-9.4.54.v20240208.jar:9.4.54.v20240208]
	at org.eclipse.jetty.util.thread.QueuedThreadPool.runJob(QueuedThreadPool.java:883) [jetty-util-9.4.54.v20240208.jar:9.4.54.v20240208]
	at org.eclipse.jetty.util.thread.QueuedThreadPool$Runner.run(QueuedThreadPool.java:1034) [jetty-util-9.4.54.v20240208.jar:9.4.54.v20240208]
	at java.lang.Thread.run(Thread.java:840) [?:?]
Caused by: java.sql.SQLTransientConnectionException: HikariPool-22 - Connection is not available, request timed out after 30000ms (total=0, active=0, idle=0, waiting=0)
	at com.zaxxer.hikari.pool.HikariPool.createTimeoutException(HikariPool.java:686) ~[?:?]
	at com.zaxxer.hikari.pool.HikariPool.getConnection(HikariPool.java:179) ~[?:?]
	at com.zaxxer.hikari.pool.HikariPool.getConnection(HikariPool.java:144) ~[?:?]
	at com.zaxxer.hikari.HikariDataSource.getConnection(HikariDataSource.java:99) ~[?:?]
	at net.corda.db.core.DataSourceFactoryImpl$HikariDataSourceWrapper.getConnection(DataSourceFactoryImpl.kt) ~[?:?]
	at org.hibernate.engine.jdbc.connections.internal.DatasourceConnectionProviderImpl.getConnection(DatasourceConnectionProviderImpl.java:122) ~[?:?]
	at org.hibernate.internal.NonContextualJdbcConnectionAccess.obtainConnection(NonContextualJdbcConnectionAccess.java:38) ~[?:?]
	at org.hibernate.resource.jdbc.internal.LogicalConnectionManagedImpl.acquireConnectionIfNeeded(LogicalConnectionManagedImpl.java:108) ~[?:?]
	... 61 more
Caused by: org.postgresql.util.PSQLException: FATAL: remaining connection slots are reserved for non-replication superuser connections
	at org.postgresql.Driver$ConnectThread.getResult(Driver.java:397) ~[?:?]
	at org.postgresql.Driver.connect(Driver.java:305) ~[?:?]
	at java.sql.DriverManager.getConnection(DriverManager.java:681) ~[java.sql:?]
	at java.sql.DriverManager.getConnection(DriverManager.java:229) ~[java.sql:?]
	at org.postgresql.ds.common.BaseDataSource.getConnection(BaseDataSource.java:104) ~[?:?]
	at org.postgresql.ds.common.BaseDataSource.getConnection(BaseDataSource.java:88) ~[?:?]
	at com.zaxxer.hikari.pool.PoolBase.newConnection(PoolBase.java:360) ~[?:?]
	at com.zaxxer.hikari.pool.PoolBase.newPoolEntry(PoolBase.java:202) ~[?:?]
	at com.zaxxer.hikari.pool.HikariPool.createPoolEntry(HikariPool.java:461) ~[?:?]
	at com.zaxxer.hikari.pool.HikariPool$PoolEntryCreator.call(HikariPool.java:724) ~[?:?]
	at com.zaxxer.hikari.pool.HikariPool$PoolEntryCreator.call(HikariPool.java:703) ~[?:?]
	at java.util.concurrent.FutureTask.run(FutureTask.java:264) ~[?:?]
	at java.util.concurrent.ThreadPoolExecutor.runWorker(ThreadPoolExecutor.java:1136) ~[?:?]
	at java.util.concurrent.ThreadPoolExecutor$Worker.run(ThreadPoolExecutor.java:635) ~[?:?]
	... 1 more
2026-03-26 23:55:43.846 [JettyServerThreadPool-14937] WARN  net.corda.persistence.common.PersistenceExceptionCategorizerImpl {corda.client.id=ledger-repair-E3193F94C243-1774568251258, corda.external.event.id=f1681403-3de5-414e-85b1-eea1734e7b89-iNzKctuAo9jo5bXguJnU/PqTNmHS3yTV+azsIbZKixo=-1, spanId=692011930f22cf60, traceId=69c5c5939b0f70e386dcd2b9d51083ac, vnode.id=E3193F94C243} - Categorized exception as TRANSIENT: org.hibernate.exception.JDBCConnectionException: Unable to acquire JDBC Connection
org.hibernate.exception.JDBCConnectionException: Unable to acquire JDBC Connection
	at org.hibernate.exception.internal.SQLExceptionTypeDelegate.convert(SQLExceptionTypeDelegate.java:48) ~[?:?]
	at org.hibernate.exception.internal.StandardSQLExceptionConverter.convert(StandardSQLExceptionConverter.java:37) ~[?:?]
	at org.hibernate.engine.jdbc.spi.SqlExceptionHelper.convert(SqlExceptionHelper.java:113) ~[?:?]
	at org.hibernate.engine.jdbc.spi.SqlExceptionHelper.convert(SqlExceptionHelper.java:99) ~[?:?]
	at org.hibernate.resource.jdbc.internal.LogicalConnectionManagedImpl.acquireConnectionIfNeeded(LogicalConnectionManagedImpl.java:111) ~[?:?]
	at org.hibernate.resource.jdbc.internal.LogicalConnectionManagedImpl.getPhysicalConnection(LogicalConnectionManagedImpl.java:138) ~[?:?]
	at org.hibernate.resource.jdbc.internal.LogicalConnectionManagedImpl.getConnectionForTransactionManagement(LogicalConnectionManagedImpl.java:276) ~[?:?]
	at org.hibernate.resource.jdbc.internal.LogicalConnectionManagedImpl.begin(LogicalConnectionManagedImpl.java:284) ~[?:?]
	at org.hibernate.resource.transaction.backend.jdbc.internal.JdbcResourceLocalTransactionCoordinatorImpl$TransactionDriverControlImpl.begin(JdbcResourceLocalTransactionCoordinatorImpl.java:246) ~[?:?]
	at org.hibernate.engine.transaction.internal.TransactionImpl.begin(TransactionImpl.java:83) ~[?:?]
	at net.corda.ledger.persistence.utxo.impl.UtxoPersistenceServiceImpl.findTransactionsWithStatusCreatedBetweenTime(UtxoPersistenceServiceImpl.kt:1362) ~[?:?]
	at net.corda.ledger.persistence.utxo.impl.request.handlers.UtxoFindTransactionsWithStatusCreatedBetweenTimeRequestHandler.execute(UtxoFindTransactionsWithStatusCreatedBetweenTimeRequestHandler.kt:24) ~[?:?]
	at net.corda.ledger.persistence.processor.LedgerPersistenceRequestProcessor$process$result$1.invoke(LedgerPersistenceRequestProcessor.kt:70) ~[?:?]
	at net.corda.ledger.persistence.processor.LedgerPersistenceRequestProcessor$process$result$1.invoke(LedgerPersistenceRequestProcessor.kt:52) ~[?:?]
	at net.corda.utilities.LogUtilsKt.withMDC(LogUtils.kt:73) ~[?:?]
	at net.corda.ledger.persistence.processor.LedgerPersistenceRequestProcessor.process(LedgerPersistenceRequestProcessor.kt:52) ~[?:?]
	at net.corda.ledger.persistence.processor.LedgerPersistenceRequestProcessor.process(LedgerPersistenceRequestProcessor.kt:29) ~[?:?]
	at net.corda.messaging.subscription.SyncRPCSubscriptionImpl.registerEndpoint$lambda$1(SyncRPCSubscriptionImpl.kt:92) ~[?:?]
	at net.corda.web.server.JavalinServer.registerEndpointInternal$lambda$15(JavalinServer.kt:150) ~[?:?]
	at io.javalin.core.security.SecurityUtil.noopAccessManager(SecurityUtil.kt:20) ~[?:?]
	at io.javalin.http.JavalinServlet.addHandler$lambda-0(JavalinServlet.kt:96) ~[?:?]
	at io.javalin.http.JavalinServlet$lifecycle$2$1$1.invoke(JavalinServlet.kt:43) ~[?:?]
	at io.javalin.http.JavalinServlet$lifecycle$2$1$1.invoke(JavalinServlet.kt:43) ~[?:?]
	at io.javalin.http.JavalinServletHandler.executeNextTask(JavalinServletHandler.kt:99) ~[?:?]
	at io.javalin.http.JavalinServletHandler.queueNextTaskOrFinish$lambda-1(JavalinServletHandler.kt:85) ~[?:?]
	at java.util.concurrent.CompletableFuture.uniComposeStage(CompletableFuture.java:1187) ~[?:?]
	at java.util.concurrent.CompletableFuture.thenCompose(CompletableFuture.java:2309) ~[?:?]
	at io.javalin.http.JavalinServletHandler.queueNextTaskOrFinish$javalin(JavalinServletHandler.kt:85) ~[?:?]
	at io.javalin.http.JavalinServlet.service(JavalinServlet.kt:89) ~[?:?]
	at javax.servlet.http.HttpServlet.service(HttpServlet.java:790) ~[javax.servlet-api-3.1.0.jar:3.1.0]
	at io.javalin.jetty.JavalinJettyServlet.service(JavalinJettyServlet.kt:58) ~[?:?]
	at javax.servlet.http.HttpServlet.service(HttpServlet.java:790) ~[javax.servlet-api-3.1.0.jar:3.1.0]
	at org.eclipse.jetty.servlet.ServletHolder.handle(ServletHolder.java:799) ~[?:?]
	at org.eclipse.jetty.servlet.ServletHandler$ChainEnd.doFilter(ServletHandler.java:1656) ~[?:?]
	at brave.servlet.TracingFilter.doFilter(TracingFilter.java:89) ~[?:?]
	at org.eclipse.jetty.servlet.FilterHolder.doFilter(FilterHolder.java:193) ~[?:?]
	at org.eclipse.jetty.servlet.ServletHandler$Chain.doFilter(ServletHandler.java:1626) ~[?:?]
	at org.eclipse.jetty.servlet.ServletHandler.doHandle(ServletHandler.java:552) ~[?:?]
	at org.eclipse.jetty.server.handler.ScopedHandler.nextHandle(ScopedHandler.java:233) ~[jetty-server-9.4.54.v20240208.jar:9.4.54.v20240208]
	at org.eclipse.jetty.server.session.SessionHandler.doHandle(SessionHandler.java:1624) ~[jetty-server-9.4.54.v20240208.jar:9.4.54.v20240208]
	at org.eclipse.jetty.server.handler.ScopedHandler.nextHandle(ScopedHandler.java:233) ~[jetty-server-9.4.54.v20240208.jar:9.4.54.v20240208]
	at io.javalin.jetty.JettyServer$start$wsAndHttpHandler$1.doHandle(JettyServer.kt:52) ~[?:?]
	at org.eclipse.jetty.server.handler.ScopedHandler.nextScope(ScopedHandler.java:188) ~[jetty-server-9.4.54.v20240208.jar:9.4.54.v20240208]
	at org.eclipse.jetty.servlet.ServletHandler.doScope(ServletHandler.java:505) ~[?:?]
	at org.eclipse.jetty.server.session.SessionHandler.doScope(SessionHandler.java:1594) ~[jetty-server-9.4.54.v20240208.jar:9.4.54.v20240208]
	at org.eclipse.jetty.server.handler.ScopedHandler.nextScope(ScopedHandler.java:186) ~[jetty-server-9.4.54.v20240208.jar:9.4.54.v20240208]
	at org.eclipse.jetty.server.handler.ContextHandler.doScope(ContextHandler.java:1355) ~[jetty-server-9.4.54.v20240208.jar:9.4.54.v20240208]
	at org.eclipse.jetty.server.handler.ScopedHandler.handle(ScopedHandler.java:141) ~[jetty-server-9.4.54.v20240208.jar:9.4.54.v20240208]
	at org.eclipse.jetty.server.handler.StatisticsHandler.handle(StatisticsHandler.java:181) ~[jetty-server-9.4.54.v20240208.jar:9.4.54.v20240208]
	at org.eclipse.jetty.server.handler.HandlerWrapper.handle(HandlerWrapper.java:127) ~[jetty-server-9.4.54.v20240208.jar:9.4.54.v20240208]
	at org.eclipse.jetty.server.Server.handle(Server.java:516) ~[jetty-server-9.4.54.v20240208.jar:9.4.54.v20240208]
	at org.eclipse.jetty.server.HttpChannel.lambda$handle$1(HttpChannel.java:487) ~[jetty-server-9.4.54.v20240208.jar:9.4.54.v20240208]
	at org.eclipse.jetty.server.HttpChannel.dispatch(HttpChannel.java:732) [jetty-server-9.4.54.v20240208.jar:9.4.54.v20240208]
	at org.eclipse.jetty.server.HttpChannel.handle(HttpChannel.java:479) [jetty-server-9.4.54.v20240208.jar:9.4.54.v20240208]
	at org.eclipse.jetty.server.HttpConnection.onFillable(HttpConnection.java:277) [jetty-server-9.4.54.v20240208.jar:9.4.54.v20240208]
	at org.eclipse.jetty.io.AbstractConnection$ReadCallback.succeeded(AbstractConnection.java:311) [jetty-io-9.4.54.v20240208.jar:9.4.54.v20240208]
	at org.eclipse.jetty.io.FillInterest.fillable(FillInterest.java:105) [jetty-io-9.4.54.v20240208.jar:9.4.54.v20240208]
	at org.eclipse.jetty.io.ChannelEndPoint$1.run(ChannelEndPoint.java:104) [jetty-io-9.4.54.v20240208.jar:9.4.54.v20240208]
	at org.eclipse.jetty.util.thread.strategy.EatWhatYouKill.runTask(EatWhatYouKill.java:338) [jetty-util-9.4.54.v20240208.jar:9.4.54.v20240208]
	at org.eclipse.jetty.util.thread.strategy.EatWhatYouKill.doProduce(EatWhatYouKill.java:315) [jetty-util-9.4.54.v20240208.jar:9.4.54.v20240208]
	at org.eclipse.jetty.util.thread.strategy.EatWhatYouKill.tryProduce(EatWhatYouKill.java:173) [jetty-util-9.4.54.v20240208.jar:9.4.54.v20240208]
	at org.eclipse.jetty.util.thread.strategy.EatWhatYouKill.run(EatWhatYouKill.java:131) [jetty-util-9.4.54.v20240208.jar:9.4.54.v20240208]
	at org.eclipse.jetty.util.thread.ReservedThreadExecutor$ReservedThread.run(ReservedThreadExecutor.java:409) [jetty-util-9.4.54.v20240208.jar:9.4.54.v20240208]
	at org.eclipse.jetty.util.thread.QueuedThreadPool.runJob(QueuedThreadPool.java:883) [jetty-util-9.4.54.v20240208.jar:9.4.54.v20240208]
	at org.eclipse.jetty.util.thread.QueuedThreadPool$Runner.run(QueuedThreadPool.java:1034) [jetty-util-9.4.54.v20240208.jar:9.4.54.v20240208]
	at java.lang.Thread.run(Thread.java:840) [?:?]
Caused by: java.sql.SQLTransientConnectionException: HikariPool-22 - Connection is not available, request timed out after 30000ms (total=0, active=0, idle=0, waiting=0)
	at com.zaxxer.hikari.pool.HikariPool.createTimeoutException(HikariPool.java:686) ~[?:?]
	at com.zaxxer.hikari.pool.HikariPool.getConnection(HikariPool.java:179) ~[?:?]
	at com.zaxxer.hikari.pool.HikariPool.getConnection(HikariPool.java:144) ~[?:?]
	at com.zaxxer.hikari.HikariDataSource.getConnection(HikariDataSource.java:99) ~[?:?]
	at net.corda.db.core.DataSourceFactoryImpl$HikariDataSourceWrapper.getConnection(DataSourceFactoryImpl.kt) ~[?:?]
	at org.hibernate.engine.jdbc.connections.internal.DatasourceConnectionProviderImpl.getConnection(DatasourceConnectionProviderImpl.java:122) ~[?:?]
	at org.hibernate.internal.NonContextualJdbcConnectionAccess.obtainConnection(NonContextualJdbcConnectionAccess.java:38) ~[?:?]
	at org.hibernate.resource.jdbc.internal.LogicalConnectionManagedImpl.acquireConnectionIfNeeded(LogicalConnectionManagedImpl.java:108) ~[?:?]
	... 61 more
Caused by: org.postgresql.util.PSQLException: FATAL: remaining connection slots are reserved for non-replication superuser connections
	at org.postgresql.Driver$ConnectThread.getResult(Driver.java:397) ~[?:?]
	at org.postgresql.Driver.connect(Driver.java:305) ~[?:?]
	at java.sql.DriverManager.getConnection(DriverManager.java:681) ~[java.sql:?]
	at java.sql.DriverManager.getConnection(DriverManager.java:229) ~[java.sql:?]
	at org.postgresql.ds.common.BaseDataSource.getConnection(BaseDataSource.java:104) ~[?:?]
	at org.postgresql.ds.common.BaseDataSource.getConnection(BaseDataSource.java:88) ~[?:?]
	at com.zaxxer.hikari.pool.PoolBase.newConnection(PoolBase.java:360) ~[?:?]
	at com.zaxxer.hikari.pool.PoolBase.newPoolEntry(PoolBase.java:202) ~[?:?]
	at com.zaxxer.hikari.pool.HikariPool.createPoolEntry(HikariPool.java:461) ~[?:?]
	at com.zaxxer.hikari.pool.HikariPool$PoolEntryCreator.call(HikariPool.java:724) ~[?:?]
	at com.zaxxer.hikari.pool.HikariPool$PoolEntryCreator.call(HikariPool.java:703) ~[?:?]
	at java.util.concurrent.FutureTask.run(FutureTask.java:264) ~[?:?]
	at java.util.concurrent.ThreadPoolExecutor.runWorker(ThreadPoolExecutor.java:1136) ~[?:?]
	at java.util.concurrent.ThreadPoolExecutor$Worker.run(ThreadPoolExecutor.java:635) ~[?:?]
	... 1 more
2026-03-26 23:55:43.844 [JettyServerThreadPool-979] WARN  net.corda.persistence.common.PersistenceExceptionCategorizerImpl {corda.client.id=ledger-repair-524FEE159D0F-1774568251258, corda.external.event.id=e3a2358c-64ba-46b4-936d-350e714f538e-iNzKctuAo9jo5bXguJnU/PqTNmHS3yTV+azsIbZKixo=-1, spanId=3cbc7d2626551932, traceId=69c5c59351b0d06fd3275061f8e428f1, vnode.id=524FEE159D0F} - Categorized exception as TRANSIENT: org.hibernate.exception.JDBCConnectionException: Unable to acquire JDBC Connection
org.hibernate.exception.JDBCConnectionException: Unable to acquire JDBC Connection
	at org.hibernate.exception.internal.SQLExceptionTypeDelegate.convert(SQLExceptionTypeDelegate.java:48) ~[?:?]
	at org.hibernate.exception.internal.StandardSQLExceptionConverter.convert(StandardSQLExceptionConverter.java:37) ~[?:?]
	at org.hibernate.engine.jdbc.spi.SqlExceptionHelper.convert(SqlExceptionHelper.java:113) ~[?:?]
	at org.hibernate.engine.jdbc.spi.SqlExceptionHelper.convert(SqlExceptionHelper.java:99) ~[?:?]
	at org.hibernate.resource.jdbc.internal.LogicalConnectionManagedImpl.acquireConnectionIfNeeded(LogicalConnectionManagedImpl.java:111) ~[?:?]
	at org.hibernate.resource.jdbc.internal.LogicalConnectionManagedImpl.getPhysicalConnection(LogicalConnectionManagedImpl.java:138) ~[?:?]
	at org.hibernate.resource.jdbc.internal.LogicalConnectionManagedImpl.getConnectionForTransactionManagement(LogicalConnectionManagedImpl.java:276) ~[?:?]
	at org.hibernate.resource.jdbc.internal.LogicalConnectionManagedImpl.begin(LogicalConnectionManagedImpl.java:284) ~[?:?]
	at org.hibernate.resource.transaction.backend.jdbc.internal.JdbcResourceLocalTransactionCoordinatorImpl$TransactionDriverControlImpl.begin(JdbcResourceLocalTransactionCoordinatorImpl.java:246) ~[?:?]
	at org.hibernate.engine.transaction.internal.TransactionImpl.begin(TransactionImpl.java:83) ~[?:?]
	at net.corda.ledger.persistence.utxo.impl.UtxoPersistenceServiceImpl.findTransactionsWithStatusCreatedBetweenTime(UtxoPersistenceServiceImpl.kt:1362) ~[?:?]
	at net.corda.ledger.persistence.utxo.impl.request.handlers.UtxoFindTransactionsWithStatusCreatedBetweenTimeRequestHandler.execute(UtxoFindTransactionsWithStatusCreatedBetweenTimeRequestHandler.kt:24) ~[?:?]
	at net.corda.ledger.persistence.processor.LedgerPersistenceRequestProcessor$process$result$1.invoke(LedgerPersistenceRequestProcessor.kt:70) ~[?:?]
	at net.corda.ledger.persistence.processor.LedgerPersistenceRequestProcessor$process$result$1.invoke(LedgerPersistenceRequestProcessor.kt:52) ~[?:?]
	at net.corda.utilities.LogUtilsKt.withMDC(LogUtils.kt:73) ~[?:?]
	at net.corda.ledger.persistence.processor.LedgerPersistenceRequestProcessor.process(LedgerPersistenceRequestProcessor.kt:52) ~[?:?]
	at net.corda.ledger.persistence.processor.LedgerPersistenceRequestProcessor.process(LedgerPersistenceRequestProcessor.kt:29) ~[?:?]
	at net.corda.messaging.subscription.SyncRPCSubscriptionImpl.registerEndpoint$lambda$1(SyncRPCSubscriptionImpl.kt:92) ~[?:?]
	at net.corda.web.server.JavalinServer.registerEndpointInternal$lambda$15(JavalinServer.kt:150) ~[?:?]
	at io.javalin.core.security.SecurityUtil.noopAccessManager(SecurityUtil.kt:20) ~[?:?]
	at io.javalin.http.JavalinServlet.addHandler$lambda-0(JavalinServlet.kt:96) ~[?:?]
	at io.javalin.http.JavalinServlet$lifecycle$2$1$1.invoke(JavalinServlet.kt:43) ~[?:?]
	at io.javalin.http.JavalinServlet$lifecycle$2$1$1.invoke(JavalinServlet.kt:43) ~[?:?]
	at io.javalin.http.JavalinServletHandler.executeNextTask(JavalinServletHandler.kt:99) ~[?:?]
	at io.javalin.http.JavalinServletHandler.queueNextTaskOrFinish$lambda-1(JavalinServletHandler.kt:85) ~[?:?]
	at java.util.concurrent.CompletableFuture.uniComposeStage(CompletableFuture.java:1187) ~[?:?]
	at java.util.concurrent.CompletableFuture.thenCompose(CompletableFuture.java:2309) ~[?:?]
	at io.javalin.http.JavalinServletHandler.queueNextTaskOrFinish$javalin(JavalinServletHandler.kt:85) ~[?:?]
	at io.javalin.http.JavalinServlet.service(JavalinServlet.kt:89) ~[?:?]
	at javax.servlet.http.HttpServlet.service(HttpServlet.java:790) ~[javax.servlet-api-3.1.0.jar:3.1.0]
	at io.javalin.jetty.JavalinJettyServlet.service(JavalinJettyServlet.kt:58) ~[?:?]
	at javax.servlet.http.HttpServlet.service(HttpServlet.java:790) ~[javax.servlet-api-3.1.0.jar:3.1.0]
	at org.eclipse.jetty.servlet.ServletHolder.handle(ServletHolder.java:799) ~[?:?]
	at org.eclipse.jetty.servlet.ServletHandler$ChainEnd.doFilter(ServletHandler.java:1656) ~[?:?]
	at brave.servlet.TracingFilter.doFilter(TracingFilter.java:89) ~[?:?]
	at org.eclipse.jetty.servlet.FilterHolder.doFilter(FilterHolder.java:193) ~[?:?]
	at org.eclipse.jetty.servlet.ServletHandler$Chain.doFilter(ServletHandler.java:1626) ~[?:?]
	at org.eclipse.jetty.servlet.ServletHandler.doHandle(ServletHandler.java:552) ~[?:?]
	at org.eclipse.jetty.server.handler.ScopedHandler.nextHandle(ScopedHandler.java:233) ~[jetty-server-9.4.54.v20240208.jar:9.4.54.v20240208]
	at org.eclipse.jetty.server.session.SessionHandler.doHandle(SessionHandler.java:1624) ~[jetty-server-9.4.54.v20240208.jar:9.4.54.v20240208]
	at org.eclipse.jetty.server.handler.ScopedHandler.nextHandle(ScopedHandler.java:233) ~[jetty-server-9.4.54.v20240208.jar:9.4.54.v20240208]
	at io.javalin.jetty.JettyServer$start$wsAndHttpHandler$1.doHandle(JettyServer.kt:52) ~[?:?]
	at org.eclipse.jetty.server.handler.ScopedHandler.nextScope(ScopedHandler.java:188) ~[jetty-server-9.4.54.v20240208.jar:9.4.54.v20240208]
	at org.eclipse.jetty.servlet.ServletHandler.doScope(ServletHandler.java:505) ~[?:?]
	at org.eclipse.jetty.server.session.SessionHandler.doScope(SessionHandler.java:1594) ~[jetty-server-9.4.54.v20240208.jar:9.4.54.v20240208]
	at org.eclipse.jetty.server.handler.ScopedHandler.nextScope(ScopedHandler.java:186) ~[jetty-server-9.4.54.v20240208.jar:9.4.54.v20240208]
	at org.eclipse.jetty.server.handler.ContextHandler.doScope(ContextHandler.java:1355) ~[jetty-server-9.4.54.v20240208.jar:9.4.54.v20240208]
	at org.eclipse.jetty.server.handler.ScopedHandler.handle(ScopedHandler.java:141) ~[jetty-server-9.4.54.v20240208.jar:9.4.54.v20240208]
	at org.eclipse.jetty.server.handler.StatisticsHandler.handle(StatisticsHandler.java:181) ~[jetty-server-9.4.54.v20240208.jar:9.4.54.v20240208]
	at org.eclipse.jetty.server.handler.HandlerWrapper.handle(HandlerWrapper.java:127) ~[jetty-server-9.4.54.v20240208.jar:9.4.54.v20240208]
	at org.eclipse.jetty.server.Server.handle(Server.java:516) ~[jetty-server-9.4.54.v20240208.jar:9.4.54.v20240208]
	at org.eclipse.jetty.server.HttpChannel.lambda$handle$1(HttpChannel.java:487) ~[jetty-server-9.4.54.v20240208.jar:9.4.54.v20240208]
	at org.eclipse.jetty.server.HttpChannel.dispatch(HttpChannel.java:732) [jetty-server-9.4.54.v20240208.jar:9.4.54.v20240208]
	at org.eclipse.jetty.server.HttpChannel.handle(HttpChannel.java:479) [jetty-server-9.4.54.v20240208.jar:9.4.54.v20240208]
	at org.eclipse.jetty.server.HttpConnection.onFillable(HttpConnection.java:277) [jetty-server-9.4.54.v20240208.jar:9.4.54.v20240208]
	at org.eclipse.jetty.io.AbstractConnection$ReadCallback.succeeded(AbstractConnection.java:311) [jetty-io-9.4.54.v20240208.jar:9.4.54.v20240208]
	at org.eclipse.jetty.io.FillInterest.fillable(FillInterest.java:105) [jetty-io-9.4.54.v20240208.jar:9.4.54.v20240208]
	at org.eclipse.jetty.io.ChannelEndPoint$1.run(ChannelEndPoint.java:104) [jetty-io-9.4.54.v20240208.jar:9.4.54.v20240208]
	at org.eclipse.jetty.util.thread.strategy.EatWhatYouKill.runTask(EatWhatYouKill.java:338) [jetty-util-9.4.54.v20240208.jar:9.4.54.v20240208]
	at org.eclipse.jetty.util.thread.strategy.EatWhatYouKill.doProduce(EatWhatYouKill.java:315) [jetty-util-9.4.54.v20240208.jar:9.4.54.v20240208]
	at org.eclipse.jetty.util.thread.strategy.EatWhatYouKill.tryProduce(EatWhatYouKill.java:173) [jetty-util-9.4.54.v20240208.jar:9.4.54.v20240208]
	at org.eclipse.jetty.util.thread.strategy.EatWhatYouKill.run(EatWhatYouKill.java:131) [jetty-util-9.4.54.v20240208.jar:9.4.54.v20240208]
	at org.eclipse.jetty.util.thread.ReservedThreadExecutor$ReservedThread.run(ReservedThreadExecutor.java:409) [jetty-util-9.4.54.v20240208.jar:9.4.54.v20240208]
	at org.eclipse.jetty.util.thread.QueuedThreadPool.runJob(QueuedThreadPool.java:883) [jetty-util-9.4.54.v20240208.jar:9.4.54.v20240208]
	at org.eclipse.jetty.util.thread.QueuedThreadPool$Runner.run(QueuedThreadPool.java:1034) [jetty-util-9.4.54.v20240208.jar:9.4.54.v20240208]
	at java.lang.Thread.run(Thread.java:840) [?:?]
Caused by: java.sql.SQLTransientConnectionException: HikariPool-21 - Connection is not available, request timed out after 30000ms (total=0, active=0, idle=0, waiting=0)
	at com.zaxxer.hikari.pool.HikariPool.createTimeoutException(HikariPool.java:686) ~[?:?]
	at com.zaxxer.hikari.pool.HikariPool.getConnection(HikariPool.java:179) ~[?:?]
	at com.zaxxer.hikari.pool.HikariPool.getConnection(HikariPool.java:144) ~[?:?]
	at com.zaxxer.hikari.HikariDataSource.getConnection(HikariDataSource.java:99) ~[?:?]
	at net.corda.db.core.DataSourceFactoryImpl$HikariDataSourceWrapper.getConnection(DataSourceFactoryImpl.kt) ~[?:?]
	at org.hibernate.engine.jdbc.connections.internal.DatasourceConnectionProviderImpl.getConnection(DatasourceConnectionProviderImpl.java:122) ~[?:?]
	at org.hibernate.internal.NonContextualJdbcConnectionAccess.obtainConnection(NonContextualJdbcConnectionAccess.java:38) ~[?:?]
	at org.hibernate.resource.jdbc.internal.LogicalConnectionManagedImpl.acquireConnectionIfNeeded(LogicalConnectionManagedImpl.java:108) ~[?:?]
	... 61 more
Caused by: org.postgresql.util.PSQLException: FATAL: remaining connection slots are reserved for non-replication superuser connections
	at org.postgresql.Driver$ConnectThread.getResult(Driver.java:397) ~[?:?]
	at org.postgresql.Driver.connect(Driver.java:305) ~[?:?]
	at java.sql.DriverManager.getConnection(DriverManager.java:681) ~[java.sql:?]
	at java.sql.DriverManager.getConnection(DriverManager.java:229) ~[java.sql:?]
	at org.postgresql.ds.common.BaseDataSource.getConnection(BaseDataSource.java:104) ~[?:?]
	at org.postgresql.ds.common.BaseDataSource.getConnection(BaseDataSource.java:88) ~[?:?]
	at com.zaxxer.hikari.pool.PoolBase.newConnection(PoolBase.java:360) ~[?:?]
	at com.zaxxer.hikari.pool.PoolBase.newPoolEntry(PoolBase.java:202) ~[?:?]
	at com.zaxxer.hikari.pool.HikariPool.createPoolEntry(HikariPool.java:461) ~[?:?]
	at com.zaxxer.hikari.pool.HikariPool$PoolEntryCreator.call(HikariPool.java:724) ~[?:?]
	at com.zaxxer.hikari.pool.HikariPool$PoolEntryCreator.call(HikariPool.java:703) ~[?:?]
	at java.util.concurrent.FutureTask.run(FutureTask.java:264) ~[?:?]
	at java.util.concurrent.ThreadPoolExecutor.runWorker(ThreadPoolExecutor.java:1136) ~[?:?]
	at java.util.concurrent.ThreadPoolExecutor$Worker.run(ThreadPoolExecutor.java:635) ~[?:?]
	... 1 more
2026-03-26 23:55:43.877 [JettyServerThreadPool-14937] WARN  net.corda.messaging.subscription.SyncRPCSubscriptionImpl {spanId=692011930f22cf60, traceId=69c5c5939b0f70e386dcd2b9d51083ac, vnode.id=E3193F94C243} - Transient error processing RPC request for Endpoint(methodType=POST, path='/ledger', isApi=true): Transient server exception while processing request 'f1681403-3de5-414e-85b1-eea1734e7b89-iNzKctuAo9jo5bXguJnU/PqTNmHS3yTV+azsIbZKixo=-1'. Cause: Unable to acquire JDBC Connection
net.corda.messaging.api.exception.CordaHTTPServerTransientException: Transient server exception while processing request 'f1681403-3de5-414e-85b1-eea1734e7b89-iNzKctuAo9jo5bXguJnU/PqTNmHS3yTV+azsIbZKixo=-1'. Cause: Unable to acquire JDBC Connection
	at net.corda.persistence.common.ResponseFactoryImpl.errorResponse(ResponseFactoryImpl.kt:60) ~[?:?]
	at net.corda.ledger.persistence.processor.LedgerPersistenceRequestProcessor$process$result$1.invoke(LedgerPersistenceRequestProcessor.kt:82) ~[?:?]
	at net.corda.ledger.persistence.processor.LedgerPersistenceRequestProcessor$process$result$1.invoke(LedgerPersistenceRequestProcessor.kt:52) ~[?:?]
	at net.corda.utilities.LogUtilsKt.withMDC(LogUtils.kt:73) ~[?:?]
	at net.corda.ledger.persistence.processor.LedgerPersistenceRequestProcessor.process(LedgerPersistenceRequestProcessor.kt:52) ~[?:?]
	at net.corda.ledger.persistence.processor.LedgerPersistenceRequestProcessor.process(LedgerPersistenceRequestProcessor.kt:29) ~[?:?]
	at net.corda.messaging.subscription.SyncRPCSubscriptionImpl.registerEndpoint$lambda$1(SyncRPCSubscriptionImpl.kt:92) ~[?:?]
	at net.corda.web.server.JavalinServer.registerEndpointInternal$lambda$15(JavalinServer.kt:150) ~[?:?]
	at io.javalin.core.security.SecurityUtil.noopAccessManager(SecurityUtil.kt:20) ~[?:?]
	at io.javalin.http.JavalinServlet.addHandler$lambda-0(JavalinServlet.kt:96) ~[?:?]
	at io.javalin.http.JavalinServlet$lifecycle$2$1$1.invoke(JavalinServlet.kt:43) ~[?:?]
	at io.javalin.http.JavalinServlet$lifecycle$2$1$1.invoke(JavalinServlet.kt:43) ~[?:?]
	at io.javalin.http.JavalinServletHandler.executeNextTask(JavalinServletHandler.kt:99) ~[?:?]
	at io.javalin.http.JavalinServletHandler.queueNextTaskOrFinish$lambda-1(JavalinServletHandler.kt:85) ~[?:?]
	at java.util.concurrent.CompletableFuture.uniComposeStage(CompletableFuture.java:1187) ~[?:?]
	at java.util.concurrent.CompletableFuture.thenCompose(CompletableFuture.java:2309) ~[?:?]
	at io.javalin.http.JavalinServletHandler.queueNextTaskOrFinish$javalin(JavalinServletHandler.kt:85) ~[?:?]
	at io.javalin.http.JavalinServlet.service(JavalinServlet.kt:89) ~[?:?]
	at javax.servlet.http.HttpServlet.service(HttpServlet.java:790) ~[javax.servlet-api-3.1.0.jar:3.1.0]
	at io.javalin.jetty.JavalinJettyServlet.service(JavalinJettyServlet.kt:58) ~[?:?]
	at javax.servlet.http.HttpServlet.service(HttpServlet.java:790) ~[javax.servlet-api-3.1.0.jar:3.1.0]
	at org.eclipse.jetty.servlet.ServletHolder.handle(ServletHolder.java:799) ~[?:?]
	at org.eclipse.jetty.servlet.ServletHandler$ChainEnd.doFilter(ServletHandler.java:1656) ~[?:?]
	at brave.servlet.TracingFilter.doFilter(TracingFilter.java:89) ~[?:?]
	at org.eclipse.jetty.servlet.FilterHolder.doFilter(FilterHolder.java:193) ~[?:?]
	at org.eclipse.jetty.servlet.ServletHandler$Chain.doFilter(ServletHandler.java:1626) ~[?:?]
	at org.eclipse.jetty.servlet.ServletHandler.doHandle(ServletHandler.java:552) ~[?:?]
	at org.eclipse.jetty.server.handler.ScopedHandler.nextHandle(ScopedHandler.java:233) ~[jetty-server-9.4.54.v20240208.jar:9.4.54.v20240208]
	at org.eclipse.jetty.server.session.SessionHandler.doHandle(SessionHandler.java:1624) ~[jetty-server-9.4.54.v20240208.jar:9.4.54.v20240208]
	at org.eclipse.jetty.server.handler.ScopedHandler.nextHandle(ScopedHandler.java:233) ~[jetty-server-9.4.54.v20240208.jar:9.4.54.v20240208]
	at io.javalin.jetty.JettyServer$start$wsAndHttpHandler$1.doHandle(JettyServer.kt:52) ~[?:?]
	at org.eclipse.jetty.server.handler.ScopedHandler.nextScope(ScopedHandler.java:188) ~[jetty-server-9.4.54.v20240208.jar:9.4.54.v20240208]
	at org.eclipse.jetty.servlet.ServletHandler.doScope(ServletHandler.java:505) ~[?:?]
	at org.eclipse.jetty.server.session.SessionHandler.doScope(SessionHandler.java:1594) ~[jetty-server-9.4.54.v20240208.jar:9.4.54.v20240208]
	at org.eclipse.jetty.server.handler.ScopedHandler.nextScope(ScopedHandler.java:186) ~[jetty-server-9.4.54.v20240208.jar:9.4.54.v20240208]
	at org.eclipse.jetty.server.handler.ContextHandler.doScope(ContextHandler.java:1355) ~[jetty-server-9.4.54.v20240208.jar:9.4.54.v20240208]
	at org.eclipse.jetty.server.handler.ScopedHandler.handle(ScopedHandler.java:141) ~[jetty-server-9.4.54.v20240208.jar:9.4.54.v20240208]
	at org.eclipse.jetty.server.handler.StatisticsHandler.handle(StatisticsHandler.java:181) ~[jetty-server-9.4.54.v20240208.jar:9.4.54.v20240208]
	at org.eclipse.jetty.server.handler.HandlerWrapper.handle(HandlerWrapper.java:127) ~[jetty-server-9.4.54.v20240208.jar:9.4.54.v20240208]
	at org.eclipse.jetty.server.Server.handle(Server.java:516) ~[jetty-server-9.4.54.v20240208.jar:9.4.54.v20240208]
	at org.eclipse.jetty.server.HttpChannel.lambda$handle$1(HttpChannel.java:487) ~[jetty-server-9.4.54.v20240208.jar:9.4.54.v20240208]
	at org.eclipse.jetty.server.HttpChannel.dispatch(HttpChannel.java:732) [jetty-server-9.4.54.v20240208.jar:9.4.54.v20240208]
	at org.eclipse.jetty.server.HttpChannel.handle(HttpChannel.java:479) [jetty-server-9.4.54.v20240208.jar:9.4.54.v20240208]
	at org.eclipse.jetty.server.HttpConnection.onFillable(HttpConnection.java:277) [jetty-server-9.4.54.v20240208.jar:9.4.54.v20240208]
	at org.eclipse.jetty.io.AbstractConnection$ReadCallback.succeeded(AbstractConnection.java:311) [jetty-io-9.4.54.v20240208.jar:9.4.54.v20240208]
	at org.eclipse.jetty.io.FillInterest.fillable(FillInterest.java:105) [jetty-io-9.4.54.v20240208.jar:9.4.54.v20240208]
	at org.eclipse.jetty.io.ChannelEndPoint$1.run(ChannelEndPoint.java:104) [jetty-io-9.4.54.v20240208.jar:9.4.54.v20240208]
	at org.eclipse.jetty.util.thread.strategy.EatWhatYouKill.runTask(EatWhatYouKill.java:338) [jetty-util-9.4.54.v20240208.jar:9.4.54.v20240208]
	at org.eclipse.jetty.util.thread.strategy.EatWhatYouKill.doProduce(EatWhatYouKill.java:315) [jetty-util-9.4.54.v20240208.jar:9.4.54.v20240208]
	at org.eclipse.jetty.util.thread.strategy.EatWhatYouKill.tryProduce(EatWhatYouKill.java:173) [jetty-util-9.4.54.v20240208.jar:9.4.54.v20240208]
	at org.eclipse.jetty.util.thread.strategy.EatWhatYouKill.run(EatWhatYouKill.java:131) [jetty-util-9.4.54.v20240208.jar:9.4.54.v20240208]
	at org.eclipse.jetty.util.thread.ReservedThreadExecutor$ReservedThread.run(ReservedThreadExecutor.java:409) [jetty-util-9.4.54.v20240208.jar:9.4.54.v20240208]
	at org.eclipse.jetty.util.thread.QueuedThreadPool.runJob(QueuedThreadPool.java:883) [jetty-util-9.4.54.v20240208.jar:9.4.54.v20240208]
	at org.eclipse.jetty.util.thread.QueuedThreadPool$Runner.run(QueuedThreadPool.java:1034) [jetty-util-9.4.54.v20240208.jar:9.4.54.v20240208]
	at java.lang.Thread.run(Thread.java:840) [?:?]
Caused by: org.hibernate.exception.JDBCConnectionException: Unable to acquire JDBC Connection
	at org.hibernate.exception.internal.SQLExceptionTypeDelegate.convert(SQLExceptionTypeDelegate.java:48) ~[?:?]
	at org.hibernate.exception.internal.StandardSQLExceptionConverter.convert(StandardSQLExceptionConverter.java:37) ~[?:?]
	at org.hibernate.engine.jdbc.spi.SqlExceptionHelper.convert(SqlExceptionHelper.java:113) ~[?:?]
	at org.hibernate.engine.jdbc.spi.SqlExceptionHelper.convert(SqlExceptionHelper.java:99) ~[?:?]
	at org.hibernate.resource.jdbc.internal.LogicalConnectionManagedImpl.acquireConnectionIfNeeded(LogicalConnectionManagedImpl.java:111) ~[?:?]
	at org.hibernate.resource.jdbc.internal.LogicalConnectionManagedImpl.getPhysicalConnection(LogicalConnectionManagedImpl.java:138) ~[?:?]
	at org.hibernate.resource.jdbc.internal.LogicalConnectionManagedImpl.getConnectionForTransactionManagement(LogicalConnectionManagedImpl.java:276) ~[?:?]
	at org.hibernate.resource.jdbc.internal.LogicalConnectionManagedImpl.begin(LogicalConnectionManagedImpl.java:284) ~[?:?]
	at org.hibernate.resource.transaction.backend.jdbc.internal.JdbcResourceLocalTransactionCoordinatorImpl$TransactionDriverControlImpl.begin(JdbcResourceLocalTransactionCoordinatorImpl.java:246) ~[?:?]
	at org.hibernate.engine.transaction.internal.TransactionImpl.begin(TransactionImpl.java:83) ~[?:?]
	at net.corda.ledger.persistence.utxo.impl.UtxoPersistenceServiceImpl.findTransactionsWithStatusCreatedBetweenTime(UtxoPersistenceServiceImpl.kt:1362) ~[?:?]
	at net.corda.ledger.persistence.utxo.impl.request.handlers.UtxoFindTransactionsWithStatusCreatedBetweenTimeRequestHandler.execute(UtxoFindTransactionsWithStatusCreatedBetweenTimeRequestHandler.kt:24) ~[?:?]
	at net.corda.ledger.persistence.processor.LedgerPersistenceRequestProcessor$process$result$1.invoke(LedgerPersistenceRequestProcessor.kt:70) ~[?:?]
	... 53 more
Caused by: java.sql.SQLTransientConnectionException: HikariPool-22 - Connection is not available, request timed out after 30000ms (total=0, active=0, idle=0, waiting=0)
	at com.zaxxer.hikari.pool.HikariPool.createTimeoutException(HikariPool.java:686) ~[?:?]
	at com.zaxxer.hikari.pool.HikariPool.getConnection(HikariPool.java:179) ~[?:?]
	at com.zaxxer.hikari.pool.HikariPool.getConnection(HikariPool.java:144) ~[?:?]
	at com.zaxxer.hikari.HikariDataSource.getConnection(HikariDataSource.java:99) ~[?:?]
	at net.corda.db.core.DataSourceFactoryImpl$HikariDataSourceWrapper.getConnection(DataSourceFactoryImpl.kt) ~[?:?]
	at org.hibernate.engine.jdbc.connections.internal.DatasourceConnectionProviderImpl.getConnection(DatasourceConnectionProviderImpl.java:122) ~[?:?]
	at org.hibernate.internal.NonContextualJdbcConnectionAccess.obtainConnection(NonContextualJdbcConnectionAccess.java:38) ~[?:?]
	at org.hibernate.resource.jdbc.internal.LogicalConnectionManagedImpl.acquireConnectionIfNeeded(LogicalConnectionManagedImpl.java:108) ~[?:?]
	at org.hibernate.resource.jdbc.internal.LogicalConnectionManagedImpl.getPhysicalConnection(LogicalConnectionManagedImpl.java:138) ~[?:?]
	at org.hibernate.resource.jdbc.internal.LogicalConnectionManagedImpl.getConnectionForTransactionManagement(LogicalConnectionManagedImpl.java:276) ~[?:?]
	at org.hibernate.resource.jdbc.internal.LogicalConnectionManagedImpl.begin(LogicalConnectionManagedImpl.java:284) ~[?:?]
	at org.hibernate.resource.transaction.backend.jdbc.internal.JdbcResourceLocalTransactionCoordinatorImpl$TransactionDriverControlImpl.begin(JdbcResourceLocalTransactionCoordinatorImpl.java:246) ~[?:?]
	at org.hibernate.engine.transaction.internal.TransactionImpl.begin(TransactionImpl.java:83) ~[?:?]
	at net.corda.ledger.persistence.utxo.impl.UtxoPersistenceServiceImpl.findTransactionsWithStatusCreatedBetweenTime(UtxoPersistenceServiceImpl.kt:1362) ~[?:?]
	at net.corda.ledger.persistence.utxo.impl.request.handlers.UtxoFindTransactionsWithStatusCreatedBetweenTimeRequestHandler.execute(UtxoFindTransactionsWithStatusCreatedBetweenTimeRequestHandler.kt:24) ~[?:?]
	at net.corda.ledger.persistence.processor.LedgerPersistenceRequestProcessor$process$result$1.invoke(LedgerPersistenceRequestProcessor.kt:70) ~[?:?]
	... 53 more
Caused by: org.postgresql.util.PSQLException: FATAL: remaining connection slots are reserved for non-replication superuser connections
	at org.postgresql.Driver$ConnectThread.getResult(Driver.java:397) ~[?:?]
	at org.postgresql.Driver.connect(Driver.java:305) ~[?:?]
	at java.sql.DriverManager.getConnection(DriverManager.java:681) ~[java.sql:?]
	at java.sql.DriverManager.getConnection(DriverManager.java:229) ~[java.sql:?]
	at org.postgresql.ds.common.BaseDataSource.getConnection(BaseDataSource.java:104) ~[?:?]
	at org.postgresql.ds.common.BaseDataSource.getConnection(BaseDataSource.java:88) ~[?:?]
	at com.zaxxer.hikari.pool.PoolBase.newConnection(PoolBase.java:360) ~[?:?]
	at com.zaxxer.hikari.pool.PoolBase.newPoolEntry(PoolBase.java:202) ~[?:?]
	at com.zaxxer.hikari.pool.HikariPool.createPoolEntry(HikariPool.java:461) ~[?:?]
	at com.zaxxer.hikari.pool.HikariPool$PoolEntryCreator.call(HikariPool.java:724) ~[?:?]
	at com.zaxxer.hikari.pool.HikariPool$PoolEntryCreator.call(HikariPool.java:703) ~[?:?]
	at java.util.concurrent.FutureTask.run(FutureTask.java:264) ~[?:?]
	at java.util.concurrent.ThreadPoolExecutor.runWorker(ThreadPoolExecutor.java:1136) ~[?:?]
	at java.util.concurrent.ThreadPoolExecutor$Worker.run(ThreadPoolExecutor.java:635) ~[?:?]
	... 1 more
2026-03-26 23:55:43.874 [JettyServerThreadPool-979] WARN  net.corda.messaging.subscription.SyncRPCSubscriptionImpl {spanId=3cbc7d2626551932, traceId=69c5c59351b0d06fd3275061f8e428f1, vnode.id=524FEE159D0F} - Transient error processing RPC request for Endpoint(methodType=POST, path='/ledger', isApi=true): Transient server exception while processing request 'e3a2358c-64ba-46b4-936d-350e714f538e-iNzKctuAo9jo5bXguJnU/PqTNmHS3yTV+azsIbZKixo=-1'. Cause: Unable to acquire JDBC Connection
net.corda.messaging.api.exception.CordaHTTPServerTransientException: Transient server exception while processing request 'e3a2358c-64ba-46b4-936d-350e714f538e-iNzKctuAo9jo5bXguJnU/PqTNmHS3yTV+azsIbZKixo=-1'. Cause: Unable to acquire JDBC Connection
	at net.corda.persistence.common.ResponseFactoryImpl.errorResponse(ResponseFactoryImpl.kt:60) ~[?:?]
	at net.corda.ledger.persistence.processor.LedgerPersistenceRequestProcessor$process$result$1.invoke(LedgerPersistenceRequestProcessor.kt:82) ~[?:?]
	at net.corda.ledger.persistence.processor.LedgerPersistenceRequestProcessor$process$result$1.invoke(LedgerPersistenceRequestProcessor.kt:52) ~[?:?]
	at net.corda.utilities.LogUtilsKt.withMDC(LogUtils.kt:73) ~[?:?]
	at net.corda.ledger.persistence.processor.LedgerPersistenceRequestProcessor.process(LedgerPersistenceRequestProcessor.kt:52) ~[?:?]
	at net.corda.ledger.persistence.processor.LedgerPersistenceRequestProcessor.process(LedgerPersistenceRequestProcessor.kt:29) ~[?:?]
	at net.corda.messaging.subscription.SyncRPCSubscriptionImpl.registerEndpoint$lambda$1(SyncRPCSubscriptionImpl.kt:92) ~[?:?]
	at net.corda.web.server.JavalinServer.registerEndpointInternal$lambda$15(JavalinServer.kt:150) ~[?:?]
	at io.javalin.core.security.SecurityUtil.noopAccessManager(SecurityUtil.kt:20) ~[?:?]
	at io.javalin.http.JavalinServlet.addHandler$lambda-0(JavalinServlet.kt:96) ~[?:?]
	at io.javalin.http.JavalinServlet$lifecycle$2$1$1.invoke(JavalinServlet.kt:43) ~[?:?]
	at io.javalin.http.JavalinServlet$lifecycle$2$1$1.invoke(JavalinServlet.kt:43) ~[?:?]
	at io.javalin.http.JavalinServletHandler.executeNextTask(JavalinServletHandler.kt:99) ~[?:?]
	at io.javalin.http.JavalinServletHandler.queueNextTaskOrFinish$lambda-1(JavalinServletHandler.kt:85) ~[?:?]
	at java.util.concurrent.CompletableFuture.uniComposeStage(CompletableFuture.java:1187) ~[?:?]
	at java.util.concurrent.CompletableFuture.thenCompose(CompletableFuture.java:2309) ~[?:?]
	at io.javalin.http.JavalinServletHandler.queueNextTaskOrFinish$javalin(JavalinServletHandler.kt:85) ~[?:?]
	at io.javalin.http.JavalinServlet.service(JavalinServlet.kt:89) ~[?:?]
	at javax.servlet.http.HttpServlet.service(HttpServlet.java:790) ~[javax.servlet-api-3.1.0.jar:3.1.0]
	at io.javalin.jetty.JavalinJettyServlet.service(JavalinJettyServlet.kt:58) ~[?:?]
	at javax.servlet.http.HttpServlet.service(HttpServlet.java:790) ~[javax.servlet-api-3.1.0.jar:3.1.0]
	at org.eclipse.jetty.servlet.ServletHolder.handle(ServletHolder.java:799) ~[?:?]
	at org.eclipse.jetty.servlet.ServletHandler$ChainEnd.doFilter(ServletHandler.java:1656) ~[?:?]
	at brave.servlet.TracingFilter.doFilter(TracingFilter.java:89) ~[?:?]
	at org.eclipse.jetty.servlet.FilterHolder.doFilter(FilterHolder.java:193) ~[?:?]
	at org.eclipse.jetty.servlet.ServletHandler$Chain.doFilter(ServletHandler.java:1626) ~[?:?]
	at org.eclipse.jetty.servlet.ServletHandler.doHandle(ServletHandler.java:552) ~[?:?]
	at org.eclipse.jetty.server.handler.ScopedHandler.nextHandle(ScopedHandler.java:233) ~[jetty-server-9.4.54.v20240208.jar:9.4.54.v20240208]
	at org.eclipse.jetty.server.session.SessionHandler.doHandle(SessionHandler.java:1624) ~[jetty-server-9.4.54.v20240208.jar:9.4.54.v20240208]
	at org.eclipse.jetty.server.handler.ScopedHandler.nextHandle(ScopedHandler.java:233) ~[jetty-server-9.4.54.v20240208.jar:9.4.54.v20240208]
	at io.javalin.jetty.JettyServer$start$wsAndHttpHandler$1.doHandle(JettyServer.kt:52) ~[?:?]
	at org.eclipse.jetty.server.handler.ScopedHandler.nextScope(ScopedHandler.java:188) ~[jetty-server-9.4.54.v20240208.jar:9.4.54.v20240208]
	at org.eclipse.jetty.servlet.ServletHandler.doScope(ServletHandler.java:505) ~[?:?]
	at org.eclipse.jetty.server.session.SessionHandler.doScope(SessionHandler.java:1594) ~[jetty-server-9.4.54.v20240208.jar:9.4.54.v20240208]
	at org.eclipse.jetty.server.handler.ScopedHandler.nextScope(ScopedHandler.java:186) ~[jetty-server-9.4.54.v20240208.jar:9.4.54.v20240208]
	at org.eclipse.jetty.server.handler.ContextHandler.doScope(ContextHandler.java:1355) ~[jetty-server-9.4.54.v20240208.jar:9.4.54.v20240208]
	at org.eclipse.jetty.server.handler.ScopedHandler.handle(ScopedHandler.java:141) ~[jetty-server-9.4.54.v20240208.jar:9.4.54.v20240208]
	at org.eclipse.jetty.server.handler.StatisticsHandler.handle(StatisticsHandler.java:181) ~[jetty-server-9.4.54.v20240208.jar:9.4.54.v20240208]
	at org.eclipse.jetty.server.handler.HandlerWrapper.handle(HandlerWrapper.java:127) ~[jetty-server-9.4.54.v20240208.jar:9.4.54.v20240208]
	at org.eclipse.jetty.server.Server.handle(Server.java:516) ~[jetty-server-9.4.54.v20240208.jar:9.4.54.v20240208]
	at org.eclipse.jetty.server.HttpChannel.lambda$handle$1(HttpChannel.java:487) ~[jetty-server-9.4.54.v20240208.jar:9.4.54.v20240208]
	at org.eclipse.jetty.server.HttpChannel.dispatch(HttpChannel.java:732) [jetty-server-9.4.54.v20240208.jar:9.4.54.v20240208]
	at org.eclipse.jetty.server.HttpChannel.handle(HttpChannel.java:479) [jetty-server-9.4.54.v20240208.jar:9.4.54.v20240208]
	at org.eclipse.jetty.server.HttpConnection.onFillable(HttpConnection.java:277) [jetty-server-9.4.54.v20240208.jar:9.4.54.v20240208]
	at org.eclipse.jetty.io.AbstractConnection$ReadCallback.succeeded(AbstractConnection.java:311) [jetty-io-9.4.54.v20240208.jar:9.4.54.v20240208]
	at org.eclipse.jetty.io.FillInterest.fillable(FillInterest.java:105) [jetty-io-9.4.54.v20240208.jar:9.4.54.v20240208]
	at org.eclipse.jetty.io.ChannelEndPoint$1.run(ChannelEndPoint.java:104) [jetty-io-9.4.54.v20240208.jar:9.4.54.v20240208]
	at org.eclipse.jetty.util.thread.strategy.EatWhatYouKill.runTask(EatWhatYouKill.java:338) [jetty-util-9.4.54.v20240208.jar:9.4.54.v20240208]
	at org.eclipse.jetty.util.thread.strategy.EatWhatYouKill.doProduce(EatWhatYouKill.java:315) [jetty-util-9.4.54.v20240208.jar:9.4.54.v20240208]
	at org.eclipse.jetty.util.thread.strategy.EatWhatYouKill.tryProduce(EatWhatYouKill.java:173) [jetty-util-9.4.54.v20240208.jar:9.4.54.v20240208]
	at org.eclipse.jetty.util.thread.strategy.EatWhatYouKill.run(EatWhatYouKill.java:131) [jetty-util-9.4.54.v20240208.jar:9.4.54.v20240208]
	at org.eclipse.jetty.util.thread.ReservedThreadExecutor$ReservedThread.run(ReservedThreadExecutor.java:409) [jetty-util-9.4.54.v20240208.jar:9.4.54.v20240208]
	at org.eclipse.jetty.util.thread.QueuedThreadPool.runJob(QueuedThreadPool.java:883) [jetty-util-9.4.54.v20240208.jar:9.4.54.v20240208]
	at org.eclipse.jetty.util.thread.QueuedThreadPool$Runner.run(QueuedThreadPool.java:1034) [jetty-util-9.4.54.v20240208.jar:9.4.54.v20240208]
	at java.lang.Thread.run(Thread.java:840) [?:?]
Caused by: org.hibernate.exception.JDBCConnectionException: Unable to acquire JDBC Connection
	at org.hibernate.exception.internal.SQLExceptionTypeDelegate.convert(SQLExceptionTypeDelegate.java:48) ~[?:?]
	at org.hibernate.exception.internal.StandardSQLExceptionConverter.convert(StandardSQLExceptionConverter.java:37) ~[?:?]
	at org.hibernate.engine.jdbc.spi.SqlExceptionHelper.convert(SqlExceptionHelper.java:113) ~[?:?]
	at org.hibernate.engine.jdbc.spi.SqlExceptionHelper.convert(SqlExceptionHelper.java:99) ~[?:?]
	at org.hibernate.resource.jdbc.internal.LogicalConnectionManagedImpl.acquireConnectionIfNeeded(LogicalConnectionManagedImpl.java:111) ~[?:?]
	at org.hibernate.resource.jdbc.internal.LogicalConnectionManagedImpl.getPhysicalConnection(LogicalConnectionManagedImpl.java:138) ~[?:?]
	at org.hibernate.resource.jdbc.internal.LogicalConnectionManagedImpl.getConnectionForTransactionManagement(LogicalConnectionManagedImpl.java:276) ~[?:?]
	at org.hibernate.resource.jdbc.internal.LogicalConnectionManagedImpl.begin(LogicalConnectionManagedImpl.java:284) ~[?:?]
	at org.hibernate.resource.transaction.backend.jdbc.internal.JdbcResourceLocalTransactionCoordinatorImpl$TransactionDriverControlImpl.begin(JdbcResourceLocalTransactionCoordinatorImpl.java:246) ~[?:?]
	at org.hibernate.engine.transaction.internal.TransactionImpl.begin(TransactionImpl.java:83) ~[?:?]
	at net.corda.ledger.persistence.utxo.impl.UtxoPersistenceServiceImpl.findTransactionsWithStatusCreatedBetweenTime(UtxoPersistenceServiceImpl.kt:1362) ~[?:?]
	at net.corda.ledger.persistence.utxo.impl.request.handlers.UtxoFindTransactionsWithStatusCreatedBetweenTimeRequestHandler.execute(UtxoFindTransactionsWithStatusCreatedBetweenTimeRequestHandler.kt:24) ~[?:?]
	at net.corda.ledger.persistence.processor.LedgerPersistenceRequestProcessor$process$result$1.invoke(LedgerPersistenceRequestProcessor.kt:70) ~[?:?]
	... 53 more
Caused by: java.sql.SQLTransientConnectionException: HikariPool-21 - Connection is not available, request timed out after 30000ms (total=0, active=0, idle=0, waiting=0)
	at com.zaxxer.hikari.pool.HikariPool.createTimeoutException(HikariPool.java:686) ~[?:?]
	at com.zaxxer.hikari.pool.HikariPool.getConnection(HikariPool.java:179) ~[?:?]
	at com.zaxxer.hikari.pool.HikariPool.getConnection(HikariPool.java:144) ~[?:?]
	at com.zaxxer.hikari.HikariDataSource.getConnection(HikariDataSource.java:99) ~[?:?]
	at net.corda.db.core.DataSourceFactoryImpl$HikariDataSourceWrapper.getConnection(DataSourceFactoryImpl.kt) ~[?:?]
	at org.hibernate.engine.jdbc.connections.internal.DatasourceConnectionProviderImpl.getConnection(DatasourceConnectionProviderImpl.java:122) ~[?:?]
	at org.hibernate.internal.NonContextualJdbcConnectionAccess.obtainConnection(NonContextualJdbcConnectionAccess.java:38) ~[?:?]
	at org.hibernate.resource.jdbc.internal.LogicalConnectionManagedImpl.acquireConnectionIfNeeded(LogicalConnectionManagedImpl.java:108) ~[?:?]
	at org.hibernate.resource.jdbc.internal.LogicalConnectionManagedImpl.getPhysicalConnection(LogicalConnectionManagedImpl.java:138) ~[?:?]
	at org.hibernate.resource.jdbc.internal.LogicalConnectionManagedImpl.getConnectionForTransactionManagement(LogicalConnectionManagedImpl.java:276) ~[?:?]
	at org.hibernate.resource.jdbc.internal.LogicalConnectionManagedImpl.begin(LogicalConnectionManagedImpl.java:284) ~[?:?]
	at org.hibernate.resource.transaction.backend.jdbc.internal.JdbcResourceLocalTransactionCoordinatorImpl$TransactionDriverControlImpl.begin(JdbcResourceLocalTransactionCoordinatorImpl.java:246) ~[?:?]
	at org.hibernate.engine.transaction.internal.TransactionImpl.begin(TransactionImpl.java:83) ~[?:?]
	at net.corda.ledger.persistence.utxo.impl.UtxoPersistenceServiceImpl.findTransactionsWithStatusCreatedBetweenTime(UtxoPersistenceServiceImpl.kt:1362) ~[?:?]
	at net.corda.ledger.persistence.utxo.impl.request.handlers.UtxoFindTransactionsWithStatusCreatedBetweenTimeRequestHandler.execute(UtxoFindTransactionsWithStatusCreatedBetweenTimeRequestHandler.kt:24) ~[?:?]
	at net.corda.ledger.persistence.processor.LedgerPersistenceRequestProcessor$process$result$1.invoke(LedgerPersistenceRequestProcessor.kt:70) ~[?:?]
	... 53 more
Caused by: org.postgresql.util.PSQLException: FATAL: remaining connection slots are reserved for non-replication superuser connections
	at org.postgresql.Driver$ConnectThread.getResult(Driver.java:397) ~[?:?]
	at org.postgresql.Driver.connect(Driver.java:305) ~[?:?]
	at java.sql.DriverManager.getConnection(DriverManager.java:681) ~[java.sql:?]
	at java.sql.DriverManager.getConnection(DriverManager.java:229) ~[java.sql:?]
	at org.postgresql.ds.common.BaseDataSource.getConnection(BaseDataSource.java:104) ~[?:?]
	at org.postgresql.ds.common.BaseDataSource.getConnection(BaseDataSource.java:88) ~[?:?]
	at com.zaxxer.hikari.pool.PoolBase.newConnection(PoolBase.java:360) ~[?:?]
	at com.zaxxer.hikari.pool.PoolBase.newPoolEntry(PoolBase.java:202) ~[?:?]
	at com.zaxxer.hikari.pool.HikariPool.createPoolEntry(HikariPool.java:461) ~[?:?]
	at com.zaxxer.hikari.pool.HikariPool$PoolEntryCreator.call(HikariPool.java:724) ~[?:?]
	at com.zaxxer.hikari.pool.HikariPool$PoolEntryCreator.call(HikariPool.java:703) ~[?:?]
	at java.util.concurrent.FutureTask.run(FutureTask.java:264) ~[?:?]
	at java.util.concurrent.ThreadPoolExecutor.runWorker(ThreadPoolExecutor.java:1136) ~[?:?]
	at java.util.concurrent.ThreadPoolExecutor$Worker.run(ThreadPoolExecutor.java:635) ~[?:?]
	... 1 more
2026-03-26 23:56:13.512 [kafka-producer-network-thread | producer--SCHEDULER_WRITER] INFO  net.corda.tracing.brave.BraveTracingService$LogReporter {spanId=67a6760dab3c23c9, traceId=69c5c79d1c8f4c5067a6760dab3c23c9} - {"traceId":"69c5c79d1c8f4c5067a6760dab3c23c9","id":"67a6760dab3c23c9","name":"kafka producer - send record to topic scheduled.task.flow.status.processor","timestamp":1774569373510625,"duration":1495,"localEndpoint":{"serviceName":"combined worker","ipv4":"172.18.0.5"},"tags":{"send.offset":"3438","send.partition":"0","send.topic":"scheduled.task.flow.status.processor"}}
2026-03-26 23:56:14.003 [JettyServerThreadPool-15575] WARN  org.hibernate.engine.jdbc.spi.SqlExceptionHelper {corda.client.id=ledger-repair-E3193F94C243-1774568251258, corda.external.event.id=f1681403-3de5-414e-85b1-eea1734e7b89-iNzKctuAo9jo5bXguJnU/PqTNmHS3yTV+azsIbZKixo=-1, spanId=3cec93ff482bfb31, traceId=69c5c5939b0f70e386dcd2b9d51083ac, vnode.id=E3193F94C243} - SQL Error: 0, SQLState: 53300
2026-03-26 23:56:14.003 [JettyServerThreadPool-15575] ERROR org.hibernate.engine.jdbc.spi.SqlExceptionHelper {corda.client.id=ledger-repair-E3193F94C243-1774568251258, corda.external.event.id=f1681403-3de5-414e-85b1-eea1734e7b89-iNzKctuAo9jo5bXguJnU/PqTNmHS3yTV+azsIbZKixo=-1, spanId=3cec93ff482bfb31, traceId=69c5c5939b0f70e386dcd2b9d51083ac, vnode.id=E3193F94C243} - HikariPool-22 - Connection is not available, request timed out after 30000ms (total=0, active=0, idle=0, waiting=0)
2026-03-26 23:56:14.003 [JettyServerThreadPool-15575] ERROR org.hibernate.engine.jdbc.spi.SqlExceptionHelper {corda.client.id=ledger-repair-E3193F94C243-1774568251258, corda.external.event.id=f1681403-3de5-414e-85b1-eea1734e7b89-iNzKctuAo9jo5bXguJnU/PqTNmHS3yTV+azsIbZKixo=-1, spanId=3cec93ff482bfb31, traceId=69c5c5939b0f70e386dcd2b9d51083ac, vnode.id=E3193F94C243} - FATAL: remaining connection slots are reserved for non-replication superuser connections
2026-03-26 23:56:14.003 [JettyServerThreadPool-15364] WARN  org.hibernate.engine.jdbc.spi.SqlExceptionHelper {corda.client.id=ledger-repair-524FEE159D0F-1774568251258, corda.external.event.id=e3a2358c-64ba-46b4-936d-350e714f538e-iNzKctuAo9jo5bXguJnU/PqTNmHS3yTV+azsIbZKixo=-1, spanId=7cb36de53c93ce87, traceId=69c5c59351b0d06fd3275061f8e428f1, vnode.id=524FEE159D0F} - SQL Error: 0, SQLState: 53300
2026-03-26 23:56:14.003 [JettyServerThreadPool-15364] ERROR org.hibernate.engine.jdbc.spi.SqlExceptionHelper {corda.client.id=ledger-repair-524FEE159D0F-1774568251258, corda.external.event.id=e3a2358c-64ba-46b4-936d-350e714f538e-iNzKctuAo9jo5bXguJnU/PqTNmHS3yTV+azsIbZKixo=-1, spanId=7cb36de53c93ce87, traceId=69c5c59351b0d06fd3275061f8e428f1, vnode.id=524FEE159D0F} - HikariPool-21 - Connection is not available, request timed out after 30000ms (total=0, active=0, idle=0, waiting=0)
2026-03-26 23:56:14.003 [JettyServerThreadPool-15364] ERROR org.hibernate.engine.jdbc.spi.SqlExceptionHelper {corda.client.id=ledger-repair-524FEE159D0F-1774568251258, corda.external.event.id=e3a2358c-64ba-46b4-936d-350e714f538e-iNzKctuAo9jo5bXguJnU/PqTNmHS3yTV+azsIbZKixo=-1, spanId=7cb36de53c93ce87, traceId=69c5c59351b0d06fd3275061f8e428f1, vnode.id=524FEE159D0F} - FATAL: remaining connection slots are reserved for non-replication superuser connections
2026-03-26 23:56:14.003 [JettyServerThreadPool-15575] ERROR net.corda.ledger.persistence.processor.LedgerPersistenceRequestProcessor {corda.client.id=ledger-repair-E3193F94C243-1774568251258, corda.external.event.id=f1681403-3de5-414e-85b1-eea1734e7b89-iNzKctuAo9jo5bXguJnU/PqTNmHS3yTV+azsIbZKixo=-1, spanId=3cec93ff482bfb31, traceId=69c5c5939b0f70e386dcd2b9d51083ac, vnode.id=E3193F94C243} - Unable to acquire JDBC Connection
org.hibernate.exception.JDBCConnectionException: Unable to acquire JDBC Connection
	at org.hibernate.exception.internal.SQLExceptionTypeDelegate.convert(SQLExceptionTypeDelegate.java:48) ~[?:?]
	at org.hibernate.exception.internal.StandardSQLExceptionConverter.convert(StandardSQLExceptionConverter.java:37) ~[?:?]
	at org.hibernate.engine.jdbc.spi.SqlExceptionHelper.convert(SqlExceptionHelper.java:113) ~[?:?]
	at org.hibernate.engine.jdbc.spi.SqlExceptionHelper.convert(SqlExceptionHelper.java:99) ~[?:?]
	at org.hibernate.resource.jdbc.internal.LogicalConnectionManagedImpl.acquireConnectionIfNeeded(LogicalConnectionManagedImpl.java:111) ~[?:?]
	at org.hibernate.resource.jdbc.internal.LogicalConnectionManagedImpl.getPhysicalConnection(LogicalConnectionManagedImpl.java:138) ~[?:?]
	at org.hibernate.resource.jdbc.internal.LogicalConnectionManagedImpl.getConnectionForTransactionManagement(LogicalConnectionManagedImpl.java:276) ~[?:?]
	at org.hibernate.resource.jdbc.internal.LogicalConnectionManagedImpl.begin(LogicalConnectionManagedImpl.java:284) ~[?:?]
	at org.hibernate.resource.transaction.backend.jdbc.internal.JdbcResourceLocalTransactionCoordinatorImpl$TransactionDriverControlImpl.begin(JdbcResourceLocalTransactionCoordinatorImpl.java:246) ~[?:?]
	at org.hibernate.engine.transaction.internal.TransactionImpl.begin(TransactionImpl.java:83) ~[?:?]
	at net.corda.ledger.persistence.utxo.impl.UtxoPersistenceServiceImpl.findTransactionsWithStatusCreatedBetweenTime(UtxoPersistenceServiceImpl.kt:1362) ~[?:?]
	at net.corda.ledger.persistence.utxo.impl.request.handlers.UtxoFindTransactionsWithStatusCreatedBetweenTimeRequestHandler.execute(UtxoFindTransactionsWithStatusCreatedBetweenTimeRequestHandler.kt:24) ~[?:?]
	at net.corda.ledger.persistence.processor.LedgerPersistenceRequestProcessor$process$result$1.invoke(LedgerPersistenceRequestProcessor.kt:70) ~[?:?]
	at net.corda.ledger.persistence.processor.LedgerPersistenceRequestProcessor$process$result$1.invoke(LedgerPersistenceRequestProcessor.kt:52) ~[?:?]
	at net.corda.utilities.LogUtilsKt.withMDC(LogUtils.kt:73) ~[?:?]
	at net.corda.ledger.persistence.processor.LedgerPersistenceRequestProcessor.process(LedgerPersistenceRequestProcessor.kt:52) ~[?:?]
	at net.corda.ledger.persistence.processor.LedgerPersistenceRequestProcessor.process(LedgerPersistenceRequestProcessor.kt:29) ~[?:?]
	at net.corda.messaging.subscription.SyncRPCSubscriptionImpl.registerEndpoint$lambda$1(SyncRPCSubscriptionImpl.kt:92) ~[?:?]
	at net.corda.web.server.JavalinServer.registerEndpointInternal$lambda$15(JavalinServer.kt:150) ~[?:?]
	at io.javalin.core.security.SecurityUtil.noopAccessManager(SecurityUtil.kt:20) ~[?:?]
	at io.javalin.http.JavalinServlet.addHandler$lambda-0(JavalinServlet.kt:96) ~[?:?]
	at io.javalin.http.JavalinServlet$lifecycle$2$1$1.invoke(JavalinServlet.kt:43) ~[?:?]
	at io.javalin.http.JavalinServlet$lifecycle$2$1$1.invoke(JavalinServlet.kt:43) ~[?:?]
	at io.javalin.http.JavalinServletHandler.executeNextTask(JavalinServletHandler.kt:99) ~[?:?]
	at io.javalin.http.JavalinServletHandler.queueNextTaskOrFinish$lambda-1(JavalinServletHandler.kt:85) ~[?:?]
	at java.util.concurrent.CompletableFuture.uniComposeStage(CompletableFuture.java:1187) ~[?:?]
	at java.util.concurrent.CompletableFuture.thenCompose(CompletableFuture.java:2309) ~[?:?]
	at io.javalin.http.JavalinServletHandler.queueNextTaskOrFinish$javalin(JavalinServletHandler.kt:85) ~[?:?]
	at io.javalin.http.JavalinServlet.service(JavalinServlet.kt:89) ~[?:?]
	at javax.servlet.http.HttpServlet.service(HttpServlet.java:790) ~[javax.servlet-api-3.1.0.jar:3.1.0]
	at io.javalin.jetty.JavalinJettyServlet.service(JavalinJettyServlet.kt:58) ~[?:?]
	at javax.servlet.http.HttpServlet.service(HttpServlet.java:790) ~[javax.servlet-api-3.1.0.jar:3.1.0]
	at org.eclipse.jetty.servlet.ServletHolder.handle(ServletHolder.java:799) ~[?:?]
	at org.eclipse.jetty.servlet.ServletHandler$ChainEnd.doFilter(ServletHandler.java:1656) ~[?:?]
	at brave.servlet.TracingFilter.doFilter(TracingFilter.java:89) ~[?:?]
	at org.eclipse.jetty.servlet.FilterHolder.doFilter(FilterHolder.java:193) ~[?:?]
	at org.eclipse.jetty.servlet.ServletHandler$Chain.doFilter(ServletHandler.java:1626) ~[?:?]
	at org.eclipse.jetty.servlet.ServletHandler.doHandle(ServletHandler.java:552) ~[?:?]
	at org.eclipse.jetty.server.handler.ScopedHandler.nextHandle(ScopedHandler.java:233) ~[jetty-server-9.4.54.v20240208.jar:9.4.54.v20240208]
	at org.eclipse.jetty.server.session.SessionHandler.doHandle(SessionHandler.java:1624) ~[jetty-server-9.4.54.v20240208.jar:9.4.54.v20240208]
	at org.eclipse.jetty.server.handler.ScopedHandler.nextHandle(ScopedHandler.java:233) ~[jetty-server-9.4.54.v20240208.jar:9.4.54.v20240208]
	at io.javalin.jetty.JettyServer$start$wsAndHttpHandler$1.doHandle(JettyServer.kt:52) ~[?:?]
	at org.eclipse.jetty.server.handler.ScopedHandler.nextScope(ScopedHandler.java:188) ~[jetty-server-9.4.54.v20240208.jar:9.4.54.v20240208]
	at org.eclipse.jetty.servlet.ServletHandler.doScope(ServletHandler.java:505) ~[?:?]
	at org.eclipse.jetty.server.session.SessionHandler.doScope(SessionHandler.java:1594) ~[jetty-server-9.4.54.v20240208.jar:9.4.54.v20240208]
	at org.eclipse.jetty.server.handler.ScopedHandler.nextScope(ScopedHandler.java:186) ~[jetty-server-9.4.54.v20240208.jar:9.4.54.v20240208]
	at org.eclipse.jetty.server.handler.ContextHandler.doScope(ContextHandler.java:1355) ~[jetty-server-9.4.54.v20240208.jar:9.4.54.v20240208]
	at org.eclipse.jetty.server.handler.ScopedHandler.handle(ScopedHandler.java:141) ~[jetty-server-9.4.54.v20240208.jar:9.4.54.v20240208]
	at org.eclipse.jetty.server.handler.StatisticsHandler.handle(StatisticsHandler.java:181) ~[jetty-server-9.4.54.v20240208.jar:9.4.54.v20240208]
	at org.eclipse.jetty.server.handler.HandlerWrapper.handle(HandlerWrapper.java:127) ~[jetty-server-9.4.54.v20240208.jar:9.4.54.v20240208]
	at org.eclipse.jetty.server.Server.handle(Server.java:516) ~[jetty-server-9.4.54.v20240208.jar:9.4.54.v20240208]
	at org.eclipse.jetty.server.HttpChannel.lambda$handle$1(HttpChannel.java:487) ~[jetty-server-9.4.54.v20240208.jar:9.4.54.v20240208]
	at org.eclipse.jetty.server.HttpChannel.dispatch(HttpChannel.java:732) [jetty-server-9.4.54.v20240208.jar:9.4.54.v20240208]
	at org.eclipse.jetty.server.HttpChannel.handle(HttpChannel.java:479) [jetty-server-9.4.54.v20240208.jar:9.4.54.v20240208]
	at org.eclipse.jetty.server.HttpConnection.onFillable(HttpConnection.java:277) [jetty-server-9.4.54.v20240208.jar:9.4.54.v20240208]
	at org.eclipse.jetty.io.AbstractConnection$ReadCallback.succeeded(AbstractConnection.java:311) [jetty-io-9.4.54.v20240208.jar:9.4.54.v20240208]
	at org.eclipse.jetty.io.FillInterest.fillable(FillInterest.java:105) [jetty-io-9.4.54.v20240208.jar:9.4.54.v20240208]
	at org.eclipse.jetty.io.ChannelEndPoint$1.run(ChannelEndPoint.java:104) [jetty-io-9.4.54.v20240208.jar:9.4.54.v20240208]
	at org.eclipse.jetty.util.thread.strategy.EatWhatYouKill.runTask(EatWhatYouKill.java:338) [jetty-util-9.4.54.v20240208.jar:9.4.54.v20240208]
	at org.eclipse.jetty.util.thread.strategy.EatWhatYouKill.doProduce(EatWhatYouKill.java:315) [jetty-util-9.4.54.v20240208.jar:9.4.54.v20240208]
	at org.eclipse.jetty.util.thread.strategy.EatWhatYouKill.tryProduce(EatWhatYouKill.java:173) [jetty-util-9.4.54.v20240208.jar:9.4.54.v20240208]
	at org.eclipse.jetty.util.thread.strategy.EatWhatYouKill.run(EatWhatYouKill.java:131) [jetty-util-9.4.54.v20240208.jar:9.4.54.v20240208]
	at org.eclipse.jetty.util.thread.ReservedThreadExecutor$ReservedThread.run(ReservedThreadExecutor.java:409) [jetty-util-9.4.54.v20240208.jar:9.4.54.v20240208]
	at org.eclipse.jetty.util.thread.QueuedThreadPool.runJob(QueuedThreadPool.java:883) [jetty-util-9.4.54.v20240208.jar:9.4.54.v20240208]
	at org.eclipse.jetty.util.thread.QueuedThreadPool$Runner.run(QueuedThreadPool.java:1034) [jetty-util-9.4.54.v20240208.jar:9.4.54.v20240208]
	at java.lang.Thread.run(Thread.java:840) [?:?]
Caused by: java.sql.SQLTransientConnectionException: HikariPool-22 - Connection is not available, request timed out after 30000ms (total=0, active=0, idle=0, waiting=0)
	at com.zaxxer.hikari.pool.HikariPool.createTimeoutException(HikariPool.java:686) ~[?:?]
	at com.zaxxer.hikari.pool.HikariPool.getConnection(HikariPool.java:179) ~[?:?]
	at com.zaxxer.hikari.pool.HikariPool.getConnection(HikariPool.java:144) ~[?:?]
	at com.zaxxer.hikari.HikariDataSource.getConnection(HikariDataSource.java:99) ~[?:?]
	at net.corda.db.core.DataSourceFactoryImpl$HikariDataSourceWrapper.getConnection(DataSourceFactoryImpl.kt) ~[?:?]
	at org.hibernate.engine.jdbc.connections.internal.DatasourceConnectionProviderImpl.getConnection(DatasourceConnectionProviderImpl.java:122) ~[?:?]
	at org.hibernate.internal.NonContextualJdbcConnectionAccess.obtainConnection(NonContextualJdbcConnectionAccess.java:38) ~[?:?]
	at org.hibernate.resource.jdbc.internal.LogicalConnectionManagedImpl.acquireConnectionIfNeeded(LogicalConnectionManagedImpl.java:108) ~[?:?]
	... 61 more
Caused by: org.postgresql.util.PSQLException: FATAL: remaining connection slots are reserved for non-replication superuser connections
	at org.postgresql.Driver$ConnectThread.getResult(Driver.java:397) ~[?:?]
	at org.postgresql.Driver.connect(Driver.java:305) ~[?:?]
	at java.sql.DriverManager.getConnection(DriverManager.java:681) ~[java.sql:?]
	at java.sql.DriverManager.getConnection(DriverManager.java:229) ~[java.sql:?]
	at org.postgresql.ds.common.BaseDataSource.getConnection(BaseDataSource.java:104) ~[?:?]
	at org.postgresql.ds.common.BaseDataSource.getConnection(BaseDataSource.java:88) ~[?:?]
	at com.zaxxer.hikari.pool.PoolBase.newConnection(PoolBase.java:360) ~[?:?]
	at com.zaxxer.hikari.pool.PoolBase.newPoolEntry(PoolBase.java:202) ~[?:?]
	at com.zaxxer.hikari.pool.HikariPool.createPoolEntry(HikariPool.java:461) ~[?:?]
	at com.zaxxer.hikari.pool.HikariPool$PoolEntryCreator.call(HikariPool.java:724) ~[?:?]
	at com.zaxxer.hikari.pool.HikariPool$PoolEntryCreator.call(HikariPool.java:703) ~[?:?]
	at java.util.concurrent.FutureTask.run(FutureTask.java:264) ~[?:?]
	at java.util.concurrent.ThreadPoolExecutor.runWorker(ThreadPoolExecutor.java:1136) ~[?:?]
	at java.util.concurrent.ThreadPoolExecutor$Worker.run(ThreadPoolExecutor.java:635) ~[?:?]
	... 1 more
2026-03-26 23:56:14.003 [JettyServerThreadPool-15364] ERROR net.corda.ledger.persistence.processor.LedgerPersistenceRequestProcessor {corda.client.id=ledger-repair-524FEE159D0F-1774568251258, corda.external.event.id=e3a2358c-64ba-46b4-936d-350e714f538e-iNzKctuAo9jo5bXguJnU/PqTNmHS3yTV+azsIbZKixo=-1, spanId=7cb36de53c93ce87, traceId=69c5c59351b0d06fd3275061f8e428f1, vnode.id=524FEE159D0F} - Unable to acquire JDBC Connection
org.hibernate.exception.JDBCConnectionException: Unable to acquire JDBC Connection
	at org.hibernate.exception.internal.SQLExceptionTypeDelegate.convert(SQLExceptionTypeDelegate.java:48) ~[?:?]
	at org.hibernate.exception.internal.StandardSQLExceptionConverter.convert(StandardSQLExceptionConverter.java:37) ~[?:?]
	at org.hibernate.engine.jdbc.spi.SqlExceptionHelper.convert(SqlExceptionHelper.java:113) ~[?:?]
	at org.hibernate.engine.jdbc.spi.SqlExceptionHelper.convert(SqlExceptionHelper.java:99) ~[?:?]
	at org.hibernate.resource.jdbc.internal.LogicalConnectionManagedImpl.acquireConnectionIfNeeded(LogicalConnectionManagedImpl.java:111) ~[?:?]
	at org.hibernate.resource.jdbc.internal.LogicalConnectionManagedImpl.getPhysicalConnection(LogicalConnectionManagedImpl.java:138) ~[?:?]
	at org.hibernate.resource.jdbc.internal.LogicalConnectionManagedImpl.getConnectionForTransactionManagement(LogicalConnectionManagedImpl.java:276) ~[?:?]
	at org.hibernate.resource.jdbc.internal.LogicalConnectionManagedImpl.begin(LogicalConnectionManagedImpl.java:284) ~[?:?]
	at org.hibernate.resource.transaction.backend.jdbc.internal.JdbcResourceLocalTransactionCoordinatorImpl$TransactionDriverControlImpl.begin(JdbcResourceLocalTransactionCoordinatorImpl.java:246) ~[?:?]
	at org.hibernate.engine.transaction.internal.TransactionImpl.begin(TransactionImpl.java:83) ~[?:?]
	at net.corda.ledger.persistence.utxo.impl.UtxoPersistenceServiceImpl.findTransactionsWithStatusCreatedBetweenTime(UtxoPersistenceServiceImpl.kt:1362) ~[?:?]
	at net.corda.ledger.persistence.utxo.impl.request.handlers.UtxoFindTransactionsWithStatusCreatedBetweenTimeRequestHandler.execute(UtxoFindTransactionsWithStatusCreatedBetweenTimeRequestHandler.kt:24) ~[?:?]
	at net.corda.ledger.persistence.processor.LedgerPersistenceRequestProcessor$process$result$1.invoke(LedgerPersistenceRequestProcessor.kt:70) ~[?:?]
	at net.corda.ledger.persistence.processor.LedgerPersistenceRequestProcessor$process$result$1.invoke(LedgerPersistenceRequestProcessor.kt:52) ~[?:?]
	at net.corda.utilities.LogUtilsKt.withMDC(LogUtils.kt:73) ~[?:?]
	at net.corda.ledger.persistence.processor.LedgerPersistenceRequestProcessor.process(LedgerPersistenceRequestProcessor.kt:52) ~[?:?]
	at net.corda.ledger.persistence.processor.LedgerPersistenceRequestProcessor.process(LedgerPersistenceRequestProcessor.kt:29) ~[?:?]
	at net.corda.messaging.subscription.SyncRPCSubscriptionImpl.registerEndpoint$lambda$1(SyncRPCSubscriptionImpl.kt:92) ~[?:?]
	at net.corda.web.server.JavalinServer.registerEndpointInternal$lambda$15(JavalinServer.kt:150) ~[?:?]
	at io.javalin.core.security.SecurityUtil.noopAccessManager(SecurityUtil.kt:20) ~[?:?]
	at io.javalin.http.JavalinServlet.addHandler$lambda-0(JavalinServlet.kt:96) ~[?:?]
	at io.javalin.http.JavalinServlet$lifecycle$2$1$1.invoke(JavalinServlet.kt:43) ~[?:?]
	at io.javalin.http.JavalinServlet$lifecycle$2$1$1.invoke(JavalinServlet.kt:43) ~[?:?]
	at io.javalin.http.JavalinServletHandler.executeNextTask(JavalinServletHandler.kt:99) ~[?:?]
	at io.javalin.http.JavalinServletHandler.queueNextTaskOrFinish$lambda-1(JavalinServletHandler.kt:85) ~[?:?]
	at java.util.concurrent.CompletableFuture.uniComposeStage(CompletableFuture.java:1187) ~[?:?]
	at java.util.concurrent.CompletableFuture.thenCompose(CompletableFuture.java:2309) ~[?:?]
	at io.javalin.http.JavalinServletHandler.queueNextTaskOrFinish$javalin(JavalinServletHandler.kt:85) ~[?:?]
	at io.javalin.http.JavalinServlet.service(JavalinServlet.kt:89) ~[?:?]
	at javax.servlet.http.HttpServlet.service(HttpServlet.java:790) ~[javax.servlet-api-3.1.0.jar:3.1.0]
	at io.javalin.jetty.JavalinJettyServlet.service(JavalinJettyServlet.kt:58) ~[?:?]
	at javax.servlet.http.HttpServlet.service(HttpServlet.java:790) ~[javax.servlet-api-3.1.0.jar:3.1.0]
	at org.eclipse.jetty.servlet.ServletHolder.handle(ServletHolder.java:799) ~[?:?]
	at org.eclipse.jetty.servlet.ServletHandler$ChainEnd.doFilter(ServletHandler.java:1656) ~[?:?]
	at brave.servlet.TracingFilter.doFilter(TracingFilter.java:89) ~[?:?]
	at org.eclipse.jetty.servlet.FilterHolder.doFilter(FilterHolder.java:193) ~[?:?]
	at org.eclipse.jetty.servlet.ServletHandler$Chain.doFilter(ServletHandler.java:1626) ~[?:?]
	at org.eclipse.jetty.servlet.ServletHandler.doHandle(ServletHandler.java:552) ~[?:?]
	at org.eclipse.jetty.server.handler.ScopedHandler.nextHandle(ScopedHandler.java:233) ~[jetty-server-9.4.54.v20240208.jar:9.4.54.v20240208]
	at org.eclipse.jetty.server.session.SessionHandler.doHandle(SessionHandler.java:1624) ~[jetty-server-9.4.54.v20240208.jar:9.4.54.v20240208]
	at org.eclipse.jetty.server.handler.ScopedHandler.nextHandle(ScopedHandler.java:233) ~[jetty-server-9.4.54.v20240208.jar:9.4.54.v20240208]
	at io.javalin.jetty.JettyServer$start$wsAndHttpHandler$1.doHandle(JettyServer.kt:52) ~[?:?]
	at org.eclipse.jetty.server.handler.ScopedHandler.nextScope(ScopedHandler.java:188) ~[jetty-server-9.4.54.v20240208.jar:9.4.54.v20240208]
	at org.eclipse.jetty.servlet.ServletHandler.doScope(ServletHandler.java:505) ~[?:?]
	at org.eclipse.jetty.server.session.SessionHandler.doScope(SessionHandler.java:1594) ~[jetty-server-9.4.54.v20240208.jar:9.4.54.v20240208]
	at org.eclipse.jetty.server.handler.ScopedHandler.nextScope(ScopedHandler.java:186) ~[jetty-server-9.4.54.v20240208.jar:9.4.54.v20240208]
	at org.eclipse.jetty.server.handler.ContextHandler.doScope(ContextHandler.java:1355) ~[jetty-server-9.4.54.v20240208.jar:9.4.54.v20240208]
	at org.eclipse.jetty.server.handler.ScopedHandler.handle(ScopedHandler.java:141) ~[jetty-server-9.4.54.v20240208.jar:9.4.54.v20240208]
	at org.eclipse.jetty.server.handler.StatisticsHandler.handle(StatisticsHandler.java:181) ~[jetty-server-9.4.54.v20240208.jar:9.4.54.v20240208]
	at org.eclipse.jetty.server.handler.HandlerWrapper.handle(HandlerWrapper.java:127) ~[jetty-server-9.4.54.v20240208.jar:9.4.54.v20240208]
	at org.eclipse.jetty.server.Server.handle(Server.java:516) ~[jetty-server-9.4.54.v20240208.jar:9.4.54.v20240208]
	at org.eclipse.jetty.server.HttpChannel.lambda$handle$1(HttpChannel.java:487) ~[jetty-server-9.4.54.v20240208.jar:9.4.54.v20240208]
	at org.eclipse.jetty.server.HttpChannel.dispatch(HttpChannel.java:732) [jetty-server-9.4.54.v20240208.jar:9.4.54.v20240208]
	at org.eclipse.jetty.server.HttpChannel.handle(HttpChannel.java:479) [jetty-server-9.4.54.v20240208.jar:9.4.54.v20240208]
	at org.eclipse.jetty.server.HttpConnection.onFillable(HttpConnection.java:277) [jetty-server-9.4.54.v20240208.jar:9.4.54.v20240208]
	at org.eclipse.jetty.io.AbstractConnection$ReadCallback.succeeded(AbstractConnection.java:311) [jetty-io-9.4.54.v20240208.jar:9.4.54.v20240208]
	at org.eclipse.jetty.io.FillInterest.fillable(FillInterest.java:105) [jetty-io-9.4.54.v20240208.jar:9.4.54.v20240208]
	at org.eclipse.jetty.io.ChannelEndPoint$1.run(ChannelEndPoint.java:104) [jetty-io-9.4.54.v20240208.jar:9.4.54.v20240208]
	at org.eclipse.jetty.util.thread.strategy.EatWhatYouKill.runTask(EatWhatYouKill.java:338) [jetty-util-9.4.54.v20240208.jar:9.4.54.v20240208]
	at org.eclipse.jetty.util.thread.strategy.EatWhatYouKill.doProduce(EatWhatYouKill.java:315) [jetty-util-9.4.54.v20240208.jar:9.4.54.v20240208]
	at org.eclipse.jetty.util.thread.strategy.EatWhatYouKill.tryProduce(EatWhatYouKill.java:173) [jetty-util-9.4.54.v20240208.jar:9.4.54.v20240208]
	at org.eclipse.jetty.util.thread.strategy.EatWhatYouKill.run(EatWhatYouKill.java:131) [jetty-util-9.4.54.v20240208.jar:9.4.54.v20240208]
	at org.eclipse.jetty.util.thread.ReservedThreadExecutor$ReservedThread.run(ReservedThreadExecutor.java:409) [jetty-util-9.4.54.v20240208.jar:9.4.54.v20240208]
	at org.eclipse.jetty.util.thread.QueuedThreadPool.runJob(QueuedThreadPool.java:883) [jetty-util-9.4.54.v20240208.jar:9.4.54.v20240208]
	at org.eclipse.jetty.util.thread.QueuedThreadPool$Runner.run(QueuedThreadPool.java:1034) [jetty-util-9.4.54.v20240208.jar:9.4.54.v20240208]
	at java.lang.Thread.run(Thread.java:840) [?:?]
Caused by: java.sql.SQLTransientConnectionException: HikariPool-21 - Connection is not available, request timed out after 30000ms (total=0, active=0, idle=0, waiting=0)
	at com.zaxxer.hikari.pool.HikariPool.createTimeoutException(HikariPool.java:686) ~[?:?]
	at com.zaxxer.hikari.pool.HikariPool.getConnection(HikariPool.java:179) ~[?:?]
	at com.zaxxer.hikari.pool.HikariPool.getConnection(HikariPool.java:144) ~[?:?]
	at com.zaxxer.hikari.HikariDataSource.getConnection(HikariDataSource.java:99) ~[?:?]
	at net.corda.db.core.DataSourceFactoryImpl$HikariDataSourceWrapper.getConnection(DataSourceFactoryImpl.kt) ~[?:?]
	at org.hibernate.engine.jdbc.connections.internal.DatasourceConnectionProviderImpl.getConnection(DatasourceConnectionProviderImpl.java:122) ~[?:?]
	at org.hibernate.internal.NonContextualJdbcConnectionAccess.obtainConnection(NonContextualJdbcConnectionAccess.java:38) ~[?:?]
	at org.hibernate.resource.jdbc.internal.LogicalConnectionManagedImpl.acquireConnectionIfNeeded(LogicalConnectionManagedImpl.java:108) ~[?:?]
	... 61 more
Caused by: org.postgresql.util.PSQLException: FATAL: remaining connection slots are reserved for non-replication superuser connections
	at org.postgresql.Driver$ConnectThread.getResult(Driver.java:397) ~[?:?]
	at org.postgresql.Driver.connect(Driver.java:305) ~[?:?]
	at java.sql.DriverManager.getConnection(DriverManager.java:681) ~[java.sql:?]
	at java.sql.DriverManager.getConnection(DriverManager.java:229) ~[java.sql:?]
	at org.postgresql.ds.common.BaseDataSource.getConnection(BaseDataSource.java:104) ~[?:?]
	at org.postgresql.ds.common.BaseDataSource.getConnection(BaseDataSource.java:88) ~[?:?]
	at com.zaxxer.hikari.pool.PoolBase.newConnection(PoolBase.java:360) ~[?:?]
	at com.zaxxer.hikari.pool.PoolBase.newPoolEntry(PoolBase.java:202) ~[?:?]
	at com.zaxxer.hikari.pool.HikariPool.createPoolEntry(HikariPool.java:461) ~[?:?]
	at com.zaxxer.hikari.pool.HikariPool$PoolEntryCreator.call(HikariPool.java:724) ~[?:?]
	at com.zaxxer.hikari.pool.HikariPool$PoolEntryCreator.call(HikariPool.java:703) ~[?:?]
	at java.util.concurrent.FutureTask.run(FutureTask.java:264) ~[?:?]
	at java.util.concurrent.ThreadPoolExecutor.runWorker(ThreadPoolExecutor.java:1136) ~[?:?]
	at java.util.concurrent.ThreadPoolExecutor$Worker.run(ThreadPoolExecutor.java:635) ~[?:?]
	... 1 more
2026-03-26 23:56:14.022 [JettyServerThreadPool-15575] WARN  net.corda.persistence.common.PersistenceExceptionCategorizerImpl {corda.client.id=ledger-repair-E3193F94C243-1774568251258, corda.external.event.id=f1681403-3de5-414e-85b1-eea1734e7b89-iNzKctuAo9jo5bXguJnU/PqTNmHS3yTV+azsIbZKixo=-1, spanId=3cec93ff482bfb31, traceId=69c5c5939b0f70e386dcd2b9d51083ac, vnode.id=E3193F94C243} - Categorized exception as TRANSIENT: org.hibernate.exception.JDBCConnectionException: Unable to acquire JDBC Connection
org.hibernate.exception.JDBCConnectionException: Unable to acquire JDBC Connection
	at org.hibernate.exception.internal.SQLExceptionTypeDelegate.convert(SQLExceptionTypeDelegate.java:48) ~[?:?]
	at org.hibernate.exception.internal.StandardSQLExceptionConverter.convert(StandardSQLExceptionConverter.java:37) ~[?:?]
	at org.hibernate.engine.jdbc.spi.SqlExceptionHelper.convert(SqlExceptionHelper.java:113) ~[?:?]
	at org.hibernate.engine.jdbc.spi.SqlExceptionHelper.convert(SqlExceptionHelper.java:99) ~[?:?]
	at org.hibernate.resource.jdbc.internal.LogicalConnectionManagedImpl.acquireConnectionIfNeeded(LogicalConnectionManagedImpl.java:111) ~[?:?]
	at org.hibernate.resource.jdbc.internal.LogicalConnectionManagedImpl.getPhysicalConnection(LogicalConnectionManagedImpl.java:138) ~[?:?]
	at org.hibernate.resource.jdbc.internal.LogicalConnectionManagedImpl.getConnectionForTransactionManagement(LogicalConnectionManagedImpl.java:276) ~[?:?]
	at org.hibernate.resource.jdbc.internal.LogicalConnectionManagedImpl.begin(LogicalConnectionManagedImpl.java:284) ~[?:?]
	at org.hibernate.resource.transaction.backend.jdbc.internal.JdbcResourceLocalTransactionCoordinatorImpl$TransactionDriverControlImpl.begin(JdbcResourceLocalTransactionCoordinatorImpl.java:246) ~[?:?]
	at org.hibernate.engine.transaction.internal.TransactionImpl.begin(TransactionImpl.java:83) ~[?:?]
	at net.corda.ledger.persistence.utxo.impl.UtxoPersistenceServiceImpl.findTransactionsWithStatusCreatedBetweenTime(UtxoPersistenceServiceImpl.kt:1362) ~[?:?]
	at net.corda.ledger.persistence.utxo.impl.request.handlers.UtxoFindTransactionsWithStatusCreatedBetweenTimeRequestHandler.execute(UtxoFindTransactionsWithStatusCreatedBetweenTimeRequestHandler.kt:24) ~[?:?]
	at net.corda.ledger.persistence.processor.LedgerPersistenceRequestProcessor$process$result$1.invoke(LedgerPersistenceRequestProcessor.kt:70) ~[?:?]
	at net.corda.ledger.persistence.processor.LedgerPersistenceRequestProcessor$process$result$1.invoke(LedgerPersistenceRequestProcessor.kt:52) ~[?:?]
	at net.corda.utilities.LogUtilsKt.withMDC(LogUtils.kt:73) ~[?:?]
	at net.corda.ledger.persistence.processor.LedgerPersistenceRequestProcessor.process(LedgerPersistenceRequestProcessor.kt:52) ~[?:?]
	at net.corda.ledger.persistence.processor.LedgerPersistenceRequestProcessor.process(LedgerPersistenceRequestProcessor.kt:29) ~[?:?]
	at net.corda.messaging.subscription.SyncRPCSubscriptionImpl.registerEndpoint$lambda$1(SyncRPCSubscriptionImpl.kt:92) ~[?:?]
	at net.corda.web.server.JavalinServer.registerEndpointInternal$lambda$15(JavalinServer.kt:150) ~[?:?]
	at io.javalin.core.security.SecurityUtil.noopAccessManager(SecurityUtil.kt:20) ~[?:?]
	at io.javalin.http.JavalinServlet.addHandler$lambda-0(JavalinServlet.kt:96) ~[?:?]
	at io.javalin.http.JavalinServlet$lifecycle$2$1$1.invoke(JavalinServlet.kt:43) ~[?:?]
	at io.javalin.http.JavalinServlet$lifecycle$2$1$1.invoke(JavalinServlet.kt:43) ~[?:?]
	at io.javalin.http.JavalinServletHandler.executeNextTask(JavalinServletHandler.kt:99) ~[?:?]
	at io.javalin.http.JavalinServletHandler.queueNextTaskOrFinish$lambda-1(JavalinServletHandler.kt:85) ~[?:?]
	at java.util.concurrent.CompletableFuture.uniComposeStage(CompletableFuture.java:1187) ~[?:?]
	at java.util.concurrent.CompletableFuture.thenCompose(CompletableFuture.java:2309) ~[?:?]
	at io.javalin.http.JavalinServletHandler.queueNextTaskOrFinish$javalin(JavalinServletHandler.kt:85) ~[?:?]
	at io.javalin.http.JavalinServlet.service(JavalinServlet.kt:89) ~[?:?]
	at javax.servlet.http.HttpServlet.service(HttpServlet.java:790) ~[javax.servlet-api-3.1.0.jar:3.1.0]
	at io.javalin.jetty.JavalinJettyServlet.service(JavalinJettyServlet.kt:58) ~[?:?]
	at javax.servlet.http.HttpServlet.service(HttpServlet.java:790) ~[javax.servlet-api-3.1.0.jar:3.1.0]
	at org.eclipse.jetty.servlet.ServletHolder.handle(ServletHolder.java:799) ~[?:?]
	at org.eclipse.jetty.servlet.ServletHandler$ChainEnd.doFilter(ServletHandler.java:1656) ~[?:?]
	at brave.servlet.TracingFilter.doFilter(TracingFilter.java:89) ~[?:?]
	at org.eclipse.jetty.servlet.FilterHolder.doFilter(FilterHolder.java:193) ~[?:?]
	at org.eclipse.jetty.servlet.ServletHandler$Chain.doFilter(ServletHandler.java:1626) ~[?:?]
	at org.eclipse.jetty.servlet.ServletHandler.doHandle(ServletHandler.java:552) ~[?:?]
	at org.eclipse.jetty.server.handler.ScopedHandler.nextHandle(ScopedHandler.java:233) ~[jetty-server-9.4.54.v20240208.jar:9.4.54.v20240208]
	at org.eclipse.jetty.server.session.SessionHandler.doHandle(SessionHandler.java:1624) ~[jetty-server-9.4.54.v20240208.jar:9.4.54.v20240208]
	at org.eclipse.jetty.server.handler.ScopedHandler.nextHandle(ScopedHandler.java:233) ~[jetty-server-9.4.54.v20240208.jar:9.4.54.v20240208]
	at io.javalin.jetty.JettyServer$start$wsAndHttpHandler$1.doHandle(JettyServer.kt:52) ~[?:?]
	at org.eclipse.jetty.server.handler.ScopedHandler.nextScope(ScopedHandler.java:188) ~[jetty-server-9.4.54.v20240208.jar:9.4.54.v20240208]
	at org.eclipse.jetty.servlet.ServletHandler.doScope(ServletHandler.java:505) ~[?:?]
	at org.eclipse.jetty.server.session.SessionHandler.doScope(SessionHandler.java:1594) ~[jetty-server-9.4.54.v20240208.jar:9.4.54.v20240208]
	at org.eclipse.jetty.server.handler.ScopedHandler.nextScope(ScopedHandler.java:186) ~[jetty-server-9.4.54.v20240208.jar:9.4.54.v20240208]
	at org.eclipse.jetty.server.handler.ContextHandler.doScope(ContextHandler.java:1355) ~[jetty-server-9.4.54.v20240208.jar:9.4.54.v20240208]
	at org.eclipse.jetty.server.handler.ScopedHandler.handle(ScopedHandler.java:141) ~[jetty-server-9.4.54.v20240208.jar:9.4.54.v20240208]
	at org.eclipse.jetty.server.handler.StatisticsHandler.handle(StatisticsHandler.java:181) ~[jetty-server-9.4.54.v20240208.jar:9.4.54.v20240208]
	at org.eclipse.jetty.server.handler.HandlerWrapper.handle(HandlerWrapper.java:127) ~[jetty-server-9.4.54.v20240208.jar:9.4.54.v20240208]
	at org.eclipse.jetty.server.Server.handle(Server.java:516) ~[jetty-server-9.4.54.v20240208.jar:9.4.54.v20240208]
	at org.eclipse.jetty.server.HttpChannel.lambda$handle$1(HttpChannel.java:487) ~[jetty-server-9.4.54.v20240208.jar:9.4.54.v20240208]
	at org.eclipse.jetty.server.HttpChannel.dispatch(HttpChannel.java:732) [jetty-server-9.4.54.v20240208.jar:9.4.54.v20240208]
	at org.eclipse.jetty.server.HttpChannel.handle(HttpChannel.java:479) [jetty-server-9.4.54.v20240208.jar:9.4.54.v20240208]
	at org.eclipse.jetty.server.HttpConnection.onFillable(HttpConnection.java:277) [jetty-server-9.4.54.v20240208.jar:9.4.54.v20240208]
	at org.eclipse.jetty.io.AbstractConnection$ReadCallback.succeeded(AbstractConnection.java:311) [jetty-io-9.4.54.v20240208.jar:9.4.54.v20240208]
	at org.eclipse.jetty.io.FillInterest.fillable(FillInterest.java:105) [jetty-io-9.4.54.v20240208.jar:9.4.54.v20240208]
	at org.eclipse.jetty.io.ChannelEndPoint$1.run(ChannelEndPoint.java:104) [jetty-io-9.4.54.v20240208.jar:9.4.54.v20240208]
	at org.eclipse.jetty.util.thread.strategy.EatWhatYouKill.runTask(EatWhatYouKill.java:338) [jetty-util-9.4.54.v20240208.jar:9.4.54.v20240208]
	at org.eclipse.jetty.util.thread.strategy.EatWhatYouKill.doProduce(EatWhatYouKill.java:315) [jetty-util-9.4.54.v20240208.jar:9.4.54.v20240208]
	at org.eclipse.jetty.util.thread.strategy.EatWhatYouKill.tryProduce(EatWhatYouKill.java:173) [jetty-util-9.4.54.v20240208.jar:9.4.54.v20240208]
	at org.eclipse.jetty.util.thread.strategy.EatWhatYouKill.run(EatWhatYouKill.java:131) [jetty-util-9.4.54.v20240208.jar:9.4.54.v20240208]
	at org.eclipse.jetty.util.thread.ReservedThreadExecutor$ReservedThread.run(ReservedThreadExecutor.java:409) [jetty-util-9.4.54.v20240208.jar:9.4.54.v20240208]
	at org.eclipse.jetty.util.thread.QueuedThreadPool.runJob(QueuedThreadPool.java:883) [jetty-util-9.4.54.v20240208.jar:9.4.54.v20240208]
	at org.eclipse.jetty.util.thread.QueuedThreadPool$Runner.run(QueuedThreadPool.java:1034) [jetty-util-9.4.54.v20240208.jar:9.4.54.v20240208]
	at java.lang.Thread.run(Thread.java:840) [?:?]
Caused by: java.sql.SQLTransientConnectionException: HikariPool-22 - Connection is not available, request timed out after 30000ms (total=0, active=0, idle=0, waiting=0)
	at com.zaxxer.hikari.pool.HikariPool.createTimeoutException(HikariPool.java:686) ~[?:?]
	at com.zaxxer.hikari.pool.HikariPool.getConnection(HikariPool.java:179) ~[?:?]
	at com.zaxxer.hikari.pool.HikariPool.getConnection(HikariPool.java:144) ~[?:?]
	at com.zaxxer.hikari.HikariDataSource.getConnection(HikariDataSource.java:99) ~[?:?]
	at net.corda.db.core.DataSourceFactoryImpl$HikariDataSourceWrapper.getConnection(DataSourceFactoryImpl.kt) ~[?:?]
	at org.hibernate.engine.jdbc.connections.internal.DatasourceConnectionProviderImpl.getConnection(DatasourceConnectionProviderImpl.java:122) ~[?:?]
	at org.hibernate.internal.NonContextualJdbcConnectionAccess.obtainConnection(NonContextualJdbcConnectionAccess.java:38) ~[?:?]
	at org.hibernate.resource.jdbc.internal.LogicalConnectionManagedImpl.acquireConnectionIfNeeded(LogicalConnectionManagedImpl.java:108) ~[?:?]
	... 61 more
Caused by: org.postgresql.util.PSQLException: FATAL: remaining connection slots are reserved for non-replication superuser connections
	at org.postgresql.Driver$ConnectThread.getResult(Driver.java:397) ~[?:?]
	at org.postgresql.Driver.connect(Driver.java:305) ~[?:?]
	at java.sql.DriverManager.getConnection(DriverManager.java:681) ~[java.sql:?]
	at java.sql.DriverManager.getConnection(DriverManager.java:229) ~[java.sql:?]
	at org.postgresql.ds.common.BaseDataSource.getConnection(BaseDataSource.java:104) ~[?:?]
	at org.postgresql.ds.common.BaseDataSource.getConnection(BaseDataSource.java:88) ~[?:?]
	at com.zaxxer.hikari.pool.PoolBase.newConnection(PoolBase.java:360) ~[?:?]
	at com.zaxxer.hikari.pool.PoolBase.newPoolEntry(PoolBase.java:202) ~[?:?]
	at com.zaxxer.hikari.pool.HikariPool.createPoolEntry(HikariPool.java:461) ~[?:?]
	at com.zaxxer.hikari.pool.HikariPool$PoolEntryCreator.call(HikariPool.java:724) ~[?:?]
	at com.zaxxer.hikari.pool.HikariPool$PoolEntryCreator.call(HikariPool.java:703) ~[?:?]
	at java.util.concurrent.FutureTask.run(FutureTask.java:264) ~[?:?]
	at java.util.concurrent.ThreadPoolExecutor.runWorker(ThreadPoolExecutor.java:1136) ~[?:?]
	at java.util.concurrent.ThreadPoolExecutor$Worker.run(ThreadPoolExecutor.java:635) ~[?:?]
	... 1 more
2026-03-26 23:56:14.027 [JettyServerThreadPool-15364] WARN  net.corda.persistence.common.PersistenceExceptionCategorizerImpl {corda.client.id=ledger-repair-524FEE159D0F-1774568251258, corda.external.event.id=e3a2358c-64ba-46b4-936d-350e714f538e-iNzKctuAo9jo5bXguJnU/PqTNmHS3yTV+azsIbZKixo=-1, spanId=7cb36de53c93ce87, traceId=69c5c59351b0d06fd3275061f8e428f1, vnode.id=524FEE159D0F} - Categorized exception as TRANSIENT: org.hibernate.exception.JDBCConnectionException: Unable to acquire JDBC Connection
org.hibernate.exception.JDBCConnectionException: Unable to acquire JDBC Connection
	at org.hibernate.exception.internal.SQLExceptionTypeDelegate.convert(SQLExceptionTypeDelegate.java:48) ~[?:?]
	at org.hibernate.exception.internal.StandardSQLExceptionConverter.convert(StandardSQLExceptionConverter.java:37) ~[?:?]
	at org.hibernate.engine.jdbc.spi.SqlExceptionHelper.convert(SqlExceptionHelper.java:113) ~[?:?]
	at org.hibernate.engine.jdbc.spi.SqlExceptionHelper.convert(SqlExceptionHelper.java:99) ~[?:?]
	at org.hibernate.resource.jdbc.internal.LogicalConnectionManagedImpl.acquireConnectionIfNeeded(LogicalConnectionManagedImpl.java:111) ~[?:?]
	at org.hibernate.resource.jdbc.internal.LogicalConnectionManagedImpl.getPhysicalConnection(LogicalConnectionManagedImpl.java:138) ~[?:?]
	at org.hibernate.resource.jdbc.internal.LogicalConnectionManagedImpl.getConnectionForTransactionManagement(LogicalConnectionManagedImpl.java:276) ~[?:?]
	at org.hibernate.resource.jdbc.internal.LogicalConnectionManagedImpl.begin(LogicalConnectionManagedImpl.java:284) ~[?:?]
	at org.hibernate.resource.transaction.backend.jdbc.internal.JdbcResourceLocalTransactionCoordinatorImpl$TransactionDriverControlImpl.begin(JdbcResourceLocalTransactionCoordinatorImpl.java:246) ~[?:?]
	at org.hibernate.engine.transaction.internal.TransactionImpl.begin(TransactionImpl.java:83) ~[?:?]
	at net.corda.ledger.persistence.utxo.impl.UtxoPersistenceServiceImpl.findTransactionsWithStatusCreatedBetweenTime(UtxoPersistenceServiceImpl.kt:1362) ~[?:?]
	at net.corda.ledger.persistence.utxo.impl.request.handlers.UtxoFindTransactionsWithStatusCreatedBetweenTimeRequestHandler.execute(UtxoFindTransactionsWithStatusCreatedBetweenTimeRequestHandler.kt:24) ~[?:?]
	at net.corda.ledger.persistence.processor.LedgerPersistenceRequestProcessor$process$result$1.invoke(LedgerPersistenceRequestProcessor.kt:70) ~[?:?]
	at net.corda.ledger.persistence.processor.LedgerPersistenceRequestProcessor$process$result$1.invoke(LedgerPersistenceRequestProcessor.kt:52) ~[?:?]
	at net.corda.utilities.LogUtilsKt.withMDC(LogUtils.kt:73) ~[?:?]
	at net.corda.ledger.persistence.processor.LedgerPersistenceRequestProcessor.process(LedgerPersistenceRequestProcessor.kt:52) ~[?:?]
	at net.corda.ledger.persistence.processor.LedgerPersistenceRequestProcessor.process(LedgerPersistenceRequestProcessor.kt:29) ~[?:?]
	at net.corda.messaging.subscription.SyncRPCSubscriptionImpl.registerEndpoint$lambda$1(SyncRPCSubscriptionImpl.kt:92) ~[?:?]
	at net.corda.web.server.JavalinServer.registerEndpointInternal$lambda$15(JavalinServer.kt:150) ~[?:?]
	at io.javalin.core.security.SecurityUtil.noopAccessManager(SecurityUtil.kt:20) ~[?:?]
	at io.javalin.http.JavalinServlet.addHandler$lambda-0(JavalinServlet.kt:96) ~[?:?]
	at io.javalin.http.JavalinServlet$lifecycle$2$1$1.invoke(JavalinServlet.kt:43) ~[?:?]
	at io.javalin.http.JavalinServlet$lifecycle$2$1$1.invoke(JavalinServlet.kt:43) ~[?:?]
	at io.javalin.http.JavalinServletHandler.executeNextTask(JavalinServletHandler.kt:99) ~[?:?]
	at io.javalin.http.JavalinServletHandler.queueNextTaskOrFinish$lambda-1(JavalinServletHandler.kt:85) ~[?:?]
	at java.util.concurrent.CompletableFuture.uniComposeStage(CompletableFuture.java:1187) ~[?:?]
	at java.util.concurrent.CompletableFuture.thenCompose(CompletableFuture.java:2309) ~[?:?]
	at io.javalin.http.JavalinServletHandler.queueNextTaskOrFinish$javalin(JavalinServletHandler.kt:85) ~[?:?]
	at io.javalin.http.JavalinServlet.service(JavalinServlet.kt:89) ~[?:?]
	at javax.servlet.http.HttpServlet.service(HttpServlet.java:790) ~[javax.servlet-api-3.1.0.jar:3.1.0]
	at io.javalin.jetty.JavalinJettyServlet.service(JavalinJettyServlet.kt:58) ~[?:?]
	at javax.servlet.http.HttpServlet.service(HttpServlet.java:790) ~[javax.servlet-api-3.1.0.jar:3.1.0]
	at org.eclipse.jetty.servlet.ServletHolder.handle(ServletHolder.java:799) ~[?:?]
	at org.eclipse.jetty.servlet.ServletHandler$ChainEnd.doFilter(ServletHandler.java:1656) ~[?:?]
	at brave.servlet.TracingFilter.doFilter(TracingFilter.java:89) ~[?:?]
	at org.eclipse.jetty.servlet.FilterHolder.doFilter(FilterHolder.java:193) ~[?:?]
	at org.eclipse.jetty.servlet.ServletHandler$Chain.doFilter(ServletHandler.java:1626) ~[?:?]
	at org.eclipse.jetty.servlet.ServletHandler.doHandle(ServletHandler.java:552) ~[?:?]
	at org.eclipse.jetty.server.handler.ScopedHandler.nextHandle(ScopedHandler.java:233) ~[jetty-server-9.4.54.v20240208.jar:9.4.54.v20240208]
	at org.eclipse.jetty.server.session.SessionHandler.doHandle(SessionHandler.java:1624) ~[jetty-server-9.4.54.v20240208.jar:9.4.54.v20240208]
	at org.eclipse.jetty.server.handler.ScopedHandler.nextHandle(ScopedHandler.java:233) ~[jetty-server-9.4.54.v20240208.jar:9.4.54.v20240208]
	at io.javalin.jetty.JettyServer$start$wsAndHttpHandler$1.doHandle(JettyServer.kt:52) ~[?:?]
	at org.eclipse.jetty.server.handler.ScopedHandler.nextScope(ScopedHandler.java:188) ~[jetty-server-9.4.54.v20240208.jar:9.4.54.v20240208]
	at org.eclipse.jetty.servlet.ServletHandler.doScope(ServletHandler.java:505) ~[?:?]
	at org.eclipse.jetty.server.session.SessionHandler.doScope(SessionHandler.java:1594) ~[jetty-server-9.4.54.v20240208.jar:9.4.54.v20240208]
	at org.eclipse.jetty.server.handler.ScopedHandler.nextScope(ScopedHandler.java:186) ~[jetty-server-9.4.54.v20240208.jar:9.4.54.v20240208]
	at org.eclipse.jetty.server.handler.ContextHandler.doScope(ContextHandler.java:1355) ~[jetty-server-9.4.54.v20240208.jar:9.4.54.v20240208]
	at org.eclipse.jetty.server.handler.ScopedHandler.handle(ScopedHandler.java:141) ~[jetty-server-9.4.54.v20240208.jar:9.4.54.v20240208]
	at org.eclipse.jetty.server.handler.StatisticsHandler.handle(StatisticsHandler.java:181) ~[jetty-server-9.4.54.v20240208.jar:9.4.54.v20240208]
	at org.eclipse.jetty.server.handler.HandlerWrapper.handle(HandlerWrapper.java:127) ~[jetty-server-9.4.54.v20240208.jar:9.4.54.v20240208]
	at org.eclipse.jetty.server.Server.handle(Server.java:516) ~[jetty-server-9.4.54.v20240208.jar:9.4.54.v20240208]
	at org.eclipse.jetty.server.HttpChannel.lambda$handle$1(HttpChannel.java:487) ~[jetty-server-9.4.54.v20240208.jar:9.4.54.v20240208]
	at org.eclipse.jetty.server.HttpChannel.dispatch(HttpChannel.java:732) [jetty-server-9.4.54.v20240208.jar:9.4.54.v20240208]
	at org.eclipse.jetty.server.HttpChannel.handle(HttpChannel.java:479) [jetty-server-9.4.54.v20240208.jar:9.4.54.v20240208]
	at org.eclipse.jetty.server.HttpConnection.onFillable(HttpConnection.java:277) [jetty-server-9.4.54.v20240208.jar:9.4.54.v20240208]
	at org.eclipse.jetty.io.AbstractConnection$ReadCallback.succeeded(AbstractConnection.java:311) [jetty-io-9.4.54.v20240208.jar:9.4.54.v20240208]
	at org.eclipse.jetty.io.FillInterest.fillable(FillInterest.java:105) [jetty-io-9.4.54.v20240208.jar:9.4.54.v20240208]
	at org.eclipse.jetty.io.ChannelEndPoint$1.run(ChannelEndPoint.java:104) [jetty-io-9.4.54.v20240208.jar:9.4.54.v20240208]
	at org.eclipse.jetty.util.thread.strategy.EatWhatYouKill.runTask(EatWhatYouKill.java:338) [jetty-util-9.4.54.v20240208.jar:9.4.54.v20240208]
	at org.eclipse.jetty.util.thread.strategy.EatWhatYouKill.doProduce(EatWhatYouKill.java:315) [jetty-util-9.4.54.v20240208.jar:9.4.54.v20240208]
	at org.eclipse.jetty.util.thread.strategy.EatWhatYouKill.tryProduce(EatWhatYouKill.java:173) [jetty-util-9.4.54.v20240208.jar:9.4.54.v20240208]
	at org.eclipse.jetty.util.thread.strategy.EatWhatYouKill.run(EatWhatYouKill.java:131) [jetty-util-9.4.54.v20240208.jar:9.4.54.v20240208]
	at org.eclipse.jetty.util.thread.ReservedThreadExecutor$ReservedThread.run(ReservedThreadExecutor.java:409) [jetty-util-9.4.54.v20240208.jar:9.4.54.v20240208]
	at org.eclipse.jetty.util.thread.QueuedThreadPool.runJob(QueuedThreadPool.java:883) [jetty-util-9.4.54.v20240208.jar:9.4.54.v20240208]
	at org.eclipse.jetty.util.thread.QueuedThreadPool$Runner.run(QueuedThreadPool.java:1034) [jetty-util-9.4.54.v20240208.jar:9.4.54.v20240208]
	at java.lang.Thread.run(Thread.java:840) [?:?]
Caused by: java.sql.SQLTransientConnectionException: HikariPool-21 - Connection is not available, request timed out after 30000ms (total=0, active=0, idle=0, waiting=0)
	at com.zaxxer.hikari.pool.HikariPool.createTimeoutException(HikariPool.java:686) ~[?:?]
	at com.zaxxer.hikari.pool.HikariPool.getConnection(HikariPool.java:179) ~[?:?]
	at com.zaxxer.hikari.pool.HikariPool.getConnection(HikariPool.java:144) ~[?:?]
	at com.zaxxer.hikari.HikariDataSource.getConnection(HikariDataSource.java:99) ~[?:?]
	at net.corda.db.core.DataSourceFactoryImpl$HikariDataSourceWrapper.getConnection(DataSourceFactoryImpl.kt) ~[?:?]
	at org.hibernate.engine.jdbc.connections.internal.DatasourceConnectionProviderImpl.getConnection(DatasourceConnectionProviderImpl.java:122) ~[?:?]
	at org.hibernate.internal.NonContextualJdbcConnectionAccess.obtainConnection(NonContextualJdbcConnectionAccess.java:38) ~[?:?]
	at org.hibernate.resource.jdbc.internal.LogicalConnectionManagedImpl.acquireConnectionIfNeeded(LogicalConnectionManagedImpl.java:108) ~[?:?]
	... 61 more
Caused by: org.postgresql.util.PSQLException: FATAL: remaining connection slots are reserved for non-replication superuser connections
	at org.postgresql.Driver$ConnectThread.getResult(Driver.java:397) ~[?:?]
	at org.postgresql.Driver.connect(Driver.java:305) ~[?:?]
	at java.sql.DriverManager.getConnection(DriverManager.java:681) ~[java.sql:?]
	at java.sql.DriverManager.getConnection(DriverManager.java:229) ~[java.sql:?]
	at org.postgresql.ds.common.BaseDataSource.getConnection(BaseDataSource.java:104) ~[?:?]
	at org.postgresql.ds.common.BaseDataSource.getConnection(BaseDataSource.java:88) ~[?:?]
	at com.zaxxer.hikari.pool.PoolBase.newConnection(PoolBase.java:360) ~[?:?]
	at com.zaxxer.hikari.pool.PoolBase.newPoolEntry(PoolBase.java:202) ~[?:?]
	at com.zaxxer.hikari.pool.HikariPool.createPoolEntry(HikariPool.java:461) ~[?:?]
	at com.zaxxer.hikari.pool.HikariPool$PoolEntryCreator.call(HikariPool.java:724) ~[?:?]
	at com.zaxxer.hikari.pool.HikariPool$PoolEntryCreator.call(HikariPool.java:703) ~[?:?]
	at java.util.concurrent.FutureTask.run(FutureTask.java:264) ~[?:?]
	at java.util.concurrent.ThreadPoolExecutor.runWorker(ThreadPoolExecutor.java:1136) ~[?:?]
	at java.util.concurrent.ThreadPoolExecutor$Worker.run(ThreadPoolExecutor.java:635) ~[?:?]
	... 1 more
2026-03-26 23:56:14.046 [JettyServerThreadPool-15364] WARN  net.corda.messaging.subscription.SyncRPCSubscriptionImpl {spanId=7cb36de53c93ce87, traceId=69c5c59351b0d06fd3275061f8e428f1, vnode.id=524FEE159D0F} - Transient error processing RPC request for Endpoint(methodType=POST, path='/ledger', isApi=true): Transient server exception while processing request 'e3a2358c-64ba-46b4-936d-350e714f538e-iNzKctuAo9jo5bXguJnU/PqTNmHS3yTV+azsIbZKixo=-1'. Cause: Unable to acquire JDBC Connection
net.corda.messaging.api.exception.CordaHTTPServerTransientException: Transient server exception while processing request 'e3a2358c-64ba-46b4-936d-350e714f538e-iNzKctuAo9jo5bXguJnU/PqTNmHS3yTV+azsIbZKixo=-1'. Cause: Unable to acquire JDBC Connection
	at net.corda.persistence.common.ResponseFactoryImpl.errorResponse(ResponseFactoryImpl.kt:60) ~[?:?]
	at net.corda.ledger.persistence.processor.LedgerPersistenceRequestProcessor$process$result$1.invoke(LedgerPersistenceRequestProcessor.kt:82) ~[?:?]
	at net.corda.ledger.persistence.processor.LedgerPersistenceRequestProcessor$process$result$1.invoke(LedgerPersistenceRequestProcessor.kt:52) ~[?:?]
	at net.corda.utilities.LogUtilsKt.withMDC(LogUtils.kt:73) ~[?:?]
	at net.corda.ledger.persistence.processor.LedgerPersistenceRequestProcessor.process(LedgerPersistenceRequestProcessor.kt:52) ~[?:?]
	at net.corda.ledger.persistence.processor.LedgerPersistenceRequestProcessor.process(LedgerPersistenceRequestProcessor.kt:29) ~[?:?]
	at net.corda.messaging.subscription.SyncRPCSubscriptionImpl.registerEndpoint$lambda$1(SyncRPCSubscriptionImpl.kt:92) ~[?:?]
	at net.corda.web.server.JavalinServer.registerEndpointInternal$lambda$15(JavalinServer.kt:150) ~[?:?]
	at io.javalin.core.security.SecurityUtil.noopAccessManager(SecurityUtil.kt:20) ~[?:?]
	at io.javalin.http.JavalinServlet.addHandler$lambda-0(JavalinServlet.kt:96) ~[?:?]
	at io.javalin.http.JavalinServlet$lifecycle$2$1$1.invoke(JavalinServlet.kt:43) ~[?:?]
	at io.javalin.http.JavalinServlet$lifecycle$2$1$1.invoke(JavalinServlet.kt:43) ~[?:?]
	at io.javalin.http.JavalinServletHandler.executeNextTask(JavalinServletHandler.kt:99) ~[?:?]
	at io.javalin.http.JavalinServletHandler.queueNextTaskOrFinish$lambda-1(JavalinServletHandler.kt:85) ~[?:?]
	at java.util.concurrent.CompletableFuture.uniComposeStage(CompletableFuture.java:1187) ~[?:?]
	at java.util.concurrent.CompletableFuture.thenCompose(CompletableFuture.java:2309) ~[?:?]
	at io.javalin.http.JavalinServletHandler.queueNextTaskOrFinish$javalin(JavalinServletHandler.kt:85) ~[?:?]
	at io.javalin.http.JavalinServlet.service(JavalinServlet.kt:89) ~[?:?]
	at javax.servlet.http.HttpServlet.service(HttpServlet.java:790) ~[javax.servlet-api-3.1.0.jar:3.1.0]
	at io.javalin.jetty.JavalinJettyServlet.service(JavalinJettyServlet.kt:58) ~[?:?]
	at javax.servlet.http.HttpServlet.service(HttpServlet.java:790) ~[javax.servlet-api-3.1.0.jar:3.1.0]
	at org.eclipse.jetty.servlet.ServletHolder.handle(ServletHolder.java:799) ~[?:?]
	at org.eclipse.jetty.servlet.ServletHandler$ChainEnd.doFilter(ServletHandler.java:1656) ~[?:?]
	at brave.servlet.TracingFilter.doFilter(TracingFilter.java:89) ~[?:?]
	at org.eclipse.jetty.servlet.FilterHolder.doFilter(FilterHolder.java:193) ~[?:?]
	at org.eclipse.jetty.servlet.ServletHandler$Chain.doFilter(ServletHandler.java:1626) ~[?:?]
	at org.eclipse.jetty.servlet.ServletHandler.doHandle(ServletHandler.java:552) ~[?:?]
	at org.eclipse.jetty.server.handler.ScopedHandler.nextHandle(ScopedHandler.java:233) ~[jetty-server-9.4.54.v20240208.jar:9.4.54.v20240208]
	at org.eclipse.jetty.server.session.SessionHandler.doHandle(SessionHandler.java:1624) ~[jetty-server-9.4.54.v20240208.jar:9.4.54.v20240208]
	at org.eclipse.jetty.server.handler.ScopedHandler.nextHandle(ScopedHandler.java:233) ~[jetty-server-9.4.54.v20240208.jar:9.4.54.v20240208]
	at io.javalin.jetty.JettyServer$start$wsAndHttpHandler$1.doHandle(JettyServer.kt:52) ~[?:?]
	at org.eclipse.jetty.server.handler.ScopedHandler.nextScope(ScopedHandler.java:188) ~[jetty-server-9.4.54.v20240208.jar:9.4.54.v20240208]
	at org.eclipse.jetty.servlet.ServletHandler.doScope(ServletHandler.java:505) ~[?:?]
	at org.eclipse.jetty.server.session.SessionHandler.doScope(SessionHandler.java:1594) ~[jetty-server-9.4.54.v20240208.jar:9.4.54.v20240208]
	at org.eclipse.jetty.server.handler.ScopedHandler.nextScope(ScopedHandler.java:186) ~[jetty-server-9.4.54.v20240208.jar:9.4.54.v20240208]
	at org.eclipse.jetty.server.handler.ContextHandler.doScope(ContextHandler.java:1355) ~[jetty-server-9.4.54.v20240208.jar:9.4.54.v20240208]
	at org.eclipse.jetty.server.handler.ScopedHandler.handle(ScopedHandler.java:141) ~[jetty-server-9.4.54.v20240208.jar:9.4.54.v20240208]
	at org.eclipse.jetty.server.handler.StatisticsHandler.handle(StatisticsHandler.java:181) ~[jetty-server-9.4.54.v20240208.jar:9.4.54.v20240208]
	at org.eclipse.jetty.server.handler.HandlerWrapper.handle(HandlerWrapper.java:127) ~[jetty-server-9.4.54.v20240208.jar:9.4.54.v20240208]
	at org.eclipse.jetty.server.Server.handle(Server.java:516) ~[jetty-server-9.4.54.v20240208.jar:9.4.54.v20240208]
	at org.eclipse.jetty.server.HttpChannel.lambda$handle$1(HttpChannel.java:487) ~[jetty-server-9.4.54.v20240208.jar:9.4.54.v20240208]
	at org.eclipse.jetty.server.HttpChannel.dispatch(HttpChannel.java:732) [jetty-server-9.4.54.v20240208.jar:9.4.54.v20240208]
	at org.eclipse.jetty.server.HttpChannel.handle(HttpChannel.java:479) [jetty-server-9.4.54.v20240208.jar:9.4.54.v20240208]
	at org.eclipse.jetty.server.HttpConnection.onFillable(HttpConnection.java:277) [jetty-server-9.4.54.v20240208.jar:9.4.54.v20240208]
	at org.eclipse.jetty.io.AbstractConnection$ReadCallback.succeeded(AbstractConnection.java:311) [jetty-io-9.4.54.v20240208.jar:9.4.54.v20240208]
	at org.eclipse.jetty.io.FillInterest.fillable(FillInterest.java:105) [jetty-io-9.4.54.v20240208.jar:9.4.54.v20240208]
	at org.eclipse.jetty.io.ChannelEndPoint$1.run(ChannelEndPoint.java:104) [jetty-io-9.4.54.v20240208.jar:9.4.54.v20240208]
	at org.eclipse.jetty.util.thread.strategy.EatWhatYouKill.runTask(EatWhatYouKill.java:338) [jetty-util-9.4.54.v20240208.jar:9.4.54.v20240208]
	at org.eclipse.jetty.util.thread.strategy.EatWhatYouKill.doProduce(EatWhatYouKill.java:315) [jetty-util-9.4.54.v20240208.jar:9.4.54.v20240208]
	at org.eclipse.jetty.util.thread.strategy.EatWhatYouKill.tryProduce(EatWhatYouKill.java:173) [jetty-util-9.4.54.v20240208.jar:9.4.54.v20240208]
	at org.eclipse.jetty.util.thread.strategy.EatWhatYouKill.run(EatWhatYouKill.java:131) [jetty-util-9.4.54.v20240208.jar:9.4.54.v20240208]
	at org.eclipse.jetty.util.thread.ReservedThreadExecutor$ReservedThread.run(ReservedThreadExecutor.java:409) [jetty-util-9.4.54.v20240208.jar:9.4.54.v20240208]
	at org.eclipse.jetty.util.thread.QueuedThreadPool.runJob(QueuedThreadPool.java:883) [jetty-util-9.4.54.v20240208.jar:9.4.54.v20240208]
	at org.eclipse.jetty.util.thread.QueuedThreadPool$Runner.run(QueuedThreadPool.java:1034) [jetty-util-9.4.54.v20240208.jar:9.4.54.v20240208]
	at java.lang.Thread.run(Thread.java:840) [?:?]
Caused by: org.hibernate.exception.JDBCConnectionException: Unable to acquire JDBC Connection
	at org.hibernate.exception.internal.SQLExceptionTypeDelegate.convert(SQLExceptionTypeDelegate.java:48) ~[?:?]
	at org.hibernate.exception.internal.StandardSQLExceptionConverter.convert(StandardSQLExceptionConverter.java:37) ~[?:?]
	at org.hibernate.engine.jdbc.spi.SqlExceptionHelper.convert(SqlExceptionHelper.java:113) ~[?:?]
	at org.hibernate.engine.jdbc.spi.SqlExceptionHelper.convert(SqlExceptionHelper.java:99) ~[?:?]
	at org.hibernate.resource.jdbc.internal.LogicalConnectionManagedImpl.acquireConnectionIfNeeded(LogicalConnectionManagedImpl.java:111) ~[?:?]
	at org.hibernate.resource.jdbc.internal.LogicalConnectionManagedImpl.getPhysicalConnection(LogicalConnectionManagedImpl.java:138) ~[?:?]
	at org.hibernate.resource.jdbc.internal.LogicalConnectionManagedImpl.getConnectionForTransactionManagement(LogicalConnectionManagedImpl.java:276) ~[?:?]
	at org.hibernate.resource.jdbc.internal.LogicalConnectionManagedImpl.begin(LogicalConnectionManagedImpl.java:284) ~[?:?]
	at org.hibernate.resource.transaction.backend.jdbc.internal.JdbcResourceLocalTransactionCoordinatorImpl$TransactionDriverControlImpl.begin(JdbcResourceLocalTransactionCoordinatorImpl.java:246) ~[?:?]
	at org.hibernate.engine.transaction.internal.TransactionImpl.begin(TransactionImpl.java:83) ~[?:?]
	at net.corda.ledger.persistence.utxo.impl.UtxoPersistenceServiceImpl.findTransactionsWithStatusCreatedBetweenTime(UtxoPersistenceServiceImpl.kt:1362) ~[?:?]
	at net.corda.ledger.persistence.utxo.impl.request.handlers.UtxoFindTransactionsWithStatusCreatedBetweenTimeRequestHandler.execute(UtxoFindTransactionsWithStatusCreatedBetweenTimeRequestHandler.kt:24) ~[?:?]
	at net.corda.ledger.persistence.processor.LedgerPersistenceRequestProcessor$process$result$1.invoke(LedgerPersistenceRequestProcessor.kt:70) ~[?:?]
	... 53 more
Caused by: java.sql.SQLTransientConnectionException: HikariPool-21 - Connection is not available, request timed out after 30000ms (total=0, active=0, idle=0, waiting=0)
	at com.zaxxer.hikari.pool.HikariPool.createTimeoutException(HikariPool.java:686) ~[?:?]
	at com.zaxxer.hikari.pool.HikariPool.getConnection(HikariPool.java:179) ~[?:?]
	at com.zaxxer.hikari.pool.HikariPool.getConnection(HikariPool.java:144) ~[?:?]
	at com.zaxxer.hikari.HikariDataSource.getConnection(HikariDataSource.java:99) ~[?:?]
	at net.corda.db.core.DataSourceFactoryImpl$HikariDataSourceWrapper.getConnection(DataSourceFactoryImpl.kt) ~[?:?]
	at org.hibernate.engine.jdbc.connections.internal.DatasourceConnectionProviderImpl.getConnection(DatasourceConnectionProviderImpl.java:122) ~[?:?]
	at org.hibernate.internal.NonContextualJdbcConnectionAccess.obtainConnection(NonContextualJdbcConnectionAccess.java:38) ~[?:?]
	at org.hibernate.resource.jdbc.internal.LogicalConnectionManagedImpl.acquireConnectionIfNeeded(LogicalConnectionManagedImpl.java:108) ~[?:?]
	at org.hibernate.resource.jdbc.internal.LogicalConnectionManagedImpl.getPhysicalConnection(LogicalConnectionManagedImpl.java:138) ~[?:?]
	at org.hibernate.resource.jdbc.internal.LogicalConnectionManagedImpl.getConnectionForTransactionManagement(LogicalConnectionManagedImpl.java:276) ~[?:?]
	at org.hibernate.resource.jdbc.internal.LogicalConnectionManagedImpl.begin(LogicalConnectionManagedImpl.java:284) ~[?:?]
	at org.hibernate.resource.transaction.backend.jdbc.internal.JdbcResourceLocalTransactionCoordinatorImpl$TransactionDriverControlImpl.begin(JdbcResourceLocalTransactionCoordinatorImpl.java:246) ~[?:?]
	at org.hibernate.engine.transaction.internal.TransactionImpl.begin(TransactionImpl.java:83) ~[?:?]
	at net.corda.ledger.persistence.utxo.impl.UtxoPersistenceServiceImpl.findTransactionsWithStatusCreatedBetweenTime(UtxoPersistenceServiceImpl.kt:1362) ~[?:?]
	at net.corda.ledger.persistence.utxo.impl.request.handlers.UtxoFindTransactionsWithStatusCreatedBetweenTimeRequestHandler.execute(UtxoFindTransactionsWithStatusCreatedBetweenTimeRequestHandler.kt:24) ~[?:?]
	at net.corda.ledger.persistence.processor.LedgerPersistenceRequestProcessor$process$result$1.invoke(LedgerPersistenceRequestProcessor.kt:70) ~[?:?]
	... 53 more
Caused by: org.postgresql.util.PSQLException: FATAL: remaining connection slots are reserved for non-replication superuser connections
	at org.postgresql.Driver$ConnectThread.getResult(Driver.java:397) ~[?:?]
	at org.postgresql.Driver.connect(Driver.java:305) ~[?:?]
	at java.sql.DriverManager.getConnection(DriverManager.java:681) ~[java.sql:?]
	at java.sql.DriverManager.getConnection(DriverManager.java:229) ~[java.sql:?]
	at org.postgresql.ds.common.BaseDataSource.getConnection(BaseDataSource.java:104) ~[?:?]
	at org.postgresql.ds.common.BaseDataSource.getConnection(BaseDataSource.java:88) ~[?:?]
	at com.zaxxer.hikari.pool.PoolBase.newConnection(PoolBase.java:360) ~[?:?]
	at com.zaxxer.hikari.pool.PoolBase.newPoolEntry(PoolBase.java:202) ~[?:?]
	at com.zaxxer.hikari.pool.HikariPool.createPoolEntry(HikariPool.java:461) ~[?:?]
	at com.zaxxer.hikari.pool.HikariPool$PoolEntryCreator.call(HikariPool.java:724) ~[?:?]
	at com.zaxxer.hikari.pool.HikariPool$PoolEntryCreator.call(HikariPool.java:703) ~[?:?]
	at java.util.concurrent.FutureTask.run(FutureTask.java:264) ~[?:?]
	at java.util.concurrent.ThreadPoolExecutor.runWorker(ThreadPoolExecutor.java:1136) ~[?:?]
	at java.util.concurrent.ThreadPoolExecutor$Worker.run(ThreadPoolExecutor.java:635) ~[?:?]
	... 1 more
2026-03-26 23:56:14.041 [JettyServerThreadPool-15575] WARN  net.corda.messaging.subscription.SyncRPCSubscriptionImpl {spanId=3cec93ff482bfb31, traceId=69c5c5939b0f70e386dcd2b9d51083ac, vnode.id=E3193F94C243} - Transient error processing RPC request for Endpoint(methodType=POST, path='/ledger', isApi=true): Transient server exception while processing request 'f1681403-3de5-414e-85b1-eea1734e7b89-iNzKctuAo9jo5bXguJnU/PqTNmHS3yTV+azsIbZKixo=-1'. Cause: Unable to acquire JDBC Connection
net.corda.messaging.api.exception.CordaHTTPServerTransientException: Transient server exception while processing request 'f1681403-3de5-414e-85b1-eea1734e7b89-iNzKctuAo9jo5bXguJnU/PqTNmHS3yTV+azsIbZKixo=-1'. Cause: Unable to acquire JDBC Connection
	at net.corda.persistence.common.ResponseFactoryImpl.errorResponse(ResponseFactoryImpl.kt:60) ~[?:?]
	at net.corda.ledger.persistence.processor.LedgerPersistenceRequestProcessor$process$result$1.invoke(LedgerPersistenceRequestProcessor.kt:82) ~[?:?]
	at net.corda.ledger.persistence.processor.LedgerPersistenceRequestProcessor$process$result$1.invoke(LedgerPersistenceRequestProcessor.kt:52) ~[?:?]
	at net.corda.utilities.LogUtilsKt.withMDC(LogUtils.kt:73) ~[?:?]
	at net.corda.ledger.persistence.processor.LedgerPersistenceRequestProcessor.process(LedgerPersistenceRequestProcessor.kt:52) ~[?:?]
	at net.corda.ledger.persistence.processor.LedgerPersistenceRequestProcessor.process(LedgerPersistenceRequestProcessor.kt:29) ~[?:?]
	at net.corda.messaging.subscription.SyncRPCSubscriptionImpl.registerEndpoint$lambda$1(SyncRPCSubscriptionImpl.kt:92) ~[?:?]
	at net.corda.web.server.JavalinServer.registerEndpointInternal$lambda$15(JavalinServer.kt:150) ~[?:?]
	at io.javalin.core.security.SecurityUtil.noopAccessManager(SecurityUtil.kt:20) ~[?:?]
	at io.javalin.http.JavalinServlet.addHandler$lambda-0(JavalinServlet.kt:96) ~[?:?]
	at io.javalin.http.JavalinServlet$lifecycle$2$1$1.invoke(JavalinServlet.kt:43) ~[?:?]
	at io.javalin.http.JavalinServlet$lifecycle$2$1$1.invoke(JavalinServlet.kt:43) ~[?:?]
	at io.javalin.http.JavalinServletHandler.executeNextTask(JavalinServletHandler.kt:99) ~[?:?]
	at io.javalin.http.JavalinServletHandler.queueNextTaskOrFinish$lambda-1(JavalinServletHandler.kt:85) ~[?:?]
	at java.util.concurrent.CompletableFuture.uniComposeStage(CompletableFuture.java:1187) ~[?:?]
	at java.util.concurrent.CompletableFuture.thenCompose(CompletableFuture.java:2309) ~[?:?]
	at io.javalin.http.JavalinServletHandler.queueNextTaskOrFinish$javalin(JavalinServletHandler.kt:85) ~[?:?]
	at io.javalin.http.JavalinServlet.service(JavalinServlet.kt:89) ~[?:?]
	at javax.servlet.http.HttpServlet.service(HttpServlet.java:790) ~[javax.servlet-api-3.1.0.jar:3.1.0]
	at io.javalin.jetty.JavalinJettyServlet.service(JavalinJettyServlet.kt:58) ~[?:?]
	at javax.servlet.http.HttpServlet.service(HttpServlet.java:790) ~[javax.servlet-api-3.1.0.jar:3.1.0]
	at org.eclipse.jetty.servlet.ServletHolder.handle(ServletHolder.java:799) ~[?:?]
	at org.eclipse.jetty.servlet.ServletHandler$ChainEnd.doFilter(ServletHandler.java:1656) ~[?:?]
	at brave.servlet.TracingFilter.doFilter(TracingFilter.java:89) ~[?:?]
	at org.eclipse.jetty.servlet.FilterHolder.doFilter(FilterHolder.java:193) ~[?:?]
	at org.eclipse.jetty.servlet.ServletHandler$Chain.doFilter(ServletHandler.java:1626) ~[?:?]
	at org.eclipse.jetty.servlet.ServletHandler.doHandle(ServletHandler.java:552) ~[?:?]
	at org.eclipse.jetty.server.handler.ScopedHandler.nextHandle(ScopedHandler.java:233) ~[jetty-server-9.4.54.v20240208.jar:9.4.54.v20240208]
	at org.eclipse.jetty.server.session.SessionHandler.doHandle(SessionHandler.java:1624) ~[jetty-server-9.4.54.v20240208.jar:9.4.54.v20240208]
	at org.eclipse.jetty.server.handler.ScopedHandler.nextHandle(ScopedHandler.java:233) ~[jetty-server-9.4.54.v20240208.jar:9.4.54.v20240208]
	at io.javalin.jetty.JettyServer$start$wsAndHttpHandler$1.doHandle(JettyServer.kt:52) ~[?:?]
	at org.eclipse.jetty.server.handler.ScopedHandler.nextScope(ScopedHandler.java:188) ~[jetty-server-9.4.54.v20240208.jar:9.4.54.v20240208]
	at org.eclipse.jetty.servlet.ServletHandler.doScope(ServletHandler.java:505) ~[?:?]
	at org.eclipse.jetty.server.session.SessionHandler.doScope(SessionHandler.java:1594) ~[jetty-server-9.4.54.v20240208.jar:9.4.54.v20240208]
	at org.eclipse.jetty.server.handler.ScopedHandler.nextScope(ScopedHandler.java:186) ~[jetty-server-9.4.54.v20240208.jar:9.4.54.v20240208]
	at org.eclipse.jetty.server.handler.ContextHandler.doScope(ContextHandler.java:1355) ~[jetty-server-9.4.54.v20240208.jar:9.4.54.v20240208]
	at org.eclipse.jetty.server.handler.ScopedHandler.handle(ScopedHandler.java:141) ~[jetty-server-9.4.54.v20240208.jar:9.4.54.v20240208]
	at org.eclipse.jetty.server.handler.StatisticsHandler.handle(StatisticsHandler.java:181) ~[jetty-server-9.4.54.v20240208.jar:9.4.54.v20240208]
	at org.eclipse.jetty.server.handler.HandlerWrapper.handle(HandlerWrapper.java:127) ~[jetty-server-9.4.54.v20240208.jar:9.4.54.v20240208]
	at org.eclipse.jetty.server.Server.handle(Server.java:516) ~[jetty-server-9.4.54.v20240208.jar:9.4.54.v20240208]
	at org.eclipse.jetty.server.HttpChannel.lambda$handle$1(HttpChannel.java:487) ~[jetty-server-9.4.54.v20240208.jar:9.4.54.v20240208]
	at org.eclipse.jetty.server.HttpChannel.dispatch(HttpChannel.java:732) [jetty-server-9.4.54.v20240208.jar:9.4.54.v20240208]
	at org.eclipse.jetty.server.HttpChannel.handle(HttpChannel.java:479) [jetty-server-9.4.54.v20240208.jar:9.4.54.v20240208]
	at org.eclipse.jetty.server.HttpConnection.onFillable(HttpConnection.java:277) [jetty-server-9.4.54.v20240208.jar:9.4.54.v20240208]
	at org.eclipse.jetty.io.AbstractConnection$ReadCallback.succeeded(AbstractConnection.java:311) [jetty-io-9.4.54.v20240208.jar:9.4.54.v20240208]
	at org.eclipse.jetty.io.FillInterest.fillable(FillInterest.java:105) [jetty-io-9.4.54.v20240208.jar:9.4.54.v20240208]
	at org.eclipse.jetty.io.ChannelEndPoint$1.run(ChannelEndPoint.java:104) [jetty-io-9.4.54.v20240208.jar:9.4.54.v20240208]
	at org.eclipse.jetty.util.thread.strategy.EatWhatYouKill.runTask(EatWhatYouKill.java:338) [jetty-util-9.4.54.v20240208.jar:9.4.54.v20240208]
	at org.eclipse.jetty.util.thread.strategy.EatWhatYouKill.doProduce(EatWhatYouKill.java:315) [jetty-util-9.4.54.v20240208.jar:9.4.54.v20240208]
	at org.eclipse.jetty.util.thread.strategy.EatWhatYouKill.tryProduce(EatWhatYouKill.java:173) [jetty-util-9.4.54.v20240208.jar:9.4.54.v20240208]
	at org.eclipse.jetty.util.thread.strategy.EatWhatYouKill.run(EatWhatYouKill.java:131) [jetty-util-9.4.54.v20240208.jar:9.4.54.v20240208]
	at org.eclipse.jetty.util.thread.ReservedThreadExecutor$ReservedThread.run(ReservedThreadExecutor.java:409) [jetty-util-9.4.54.v20240208.jar:9.4.54.v20240208]
	at org.eclipse.jetty.util.thread.QueuedThreadPool.runJob(QueuedThreadPool.java:883) [jetty-util-9.4.54.v20240208.jar:9.4.54.v20240208]
	at org.eclipse.jetty.util.thread.QueuedThreadPool$Runner.run(QueuedThreadPool.java:1034) [jetty-util-9.4.54.v20240208.jar:9.4.54.v20240208]
	at java.lang.Thread.run(Thread.java:840) [?:?]
Caused by: org.hibernate.exception.JDBCConnectionException: Unable to acquire JDBC Connection
	at org.hibernate.exception.internal.SQLExceptionTypeDelegate.convert(SQLExceptionTypeDelegate.java:48) ~[?:?]
	at org.hibernate.exception.internal.StandardSQLExceptionConverter.convert(StandardSQLExceptionConverter.java:37) ~[?:?]
	at org.hibernate.engine.jdbc.spi.SqlExceptionHelper.convert(SqlExceptionHelper.java:113) ~[?:?]
	at org.hibernate.engine.jdbc.spi.SqlExceptionHelper.convert(SqlExceptionHelper.java:99) ~[?:?]
	at org.hibernate.resource.jdbc.internal.LogicalConnectionManagedImpl.acquireConnectionIfNeeded(LogicalConnectionManagedImpl.java:111) ~[?:?]
	at org.hibernate.resource.jdbc.internal.LogicalConnectionManagedImpl.getPhysicalConnection(LogicalConnectionManagedImpl.java:138) ~[?:?]
	at org.hibernate.resource.jdbc.internal.LogicalConnectionManagedImpl.getConnectionForTransactionManagement(LogicalConnectionManagedImpl.java:276) ~[?:?]
	at org.hibernate.resource.jdbc.internal.LogicalConnectionManagedImpl.begin(LogicalConnectionManagedImpl.java:284) ~[?:?]
	at org.hibernate.resource.transaction.backend.jdbc.internal.JdbcResourceLocalTransactionCoordinatorImpl$TransactionDriverControlImpl.begin(JdbcResourceLocalTransactionCoordinatorImpl.java:246) ~[?:?]
	at org.hibernate.engine.transaction.internal.TransactionImpl.begin(TransactionImpl.java:83) ~[?:?]
	at net.corda.ledger.persistence.utxo.impl.UtxoPersistenceServiceImpl.findTransactionsWithStatusCreatedBetweenTime(UtxoPersistenceServiceImpl.kt:1362) ~[?:?]
	at net.corda.ledger.persistence.utxo.impl.request.handlers.UtxoFindTransactionsWithStatusCreatedBetweenTimeRequestHandler.execute(UtxoFindTransactionsWithStatusCreatedBetweenTimeRequestHandler.kt:24) ~[?:?]
	at net.corda.ledger.persistence.processor.LedgerPersistenceRequestProcessor$process$result$1.invoke(LedgerPersistenceRequestProcessor.kt:70) ~[?:?]
	... 53 more
Caused by: java.sql.SQLTransientConnectionException: HikariPool-22 - Connection is not available, request timed out after 30000ms (total=0, active=0, idle=0, waiting=0)
	at com.zaxxer.hikari.pool.HikariPool.createTimeoutException(HikariPool.java:686) ~[?:?]
	at com.zaxxer.hikari.pool.HikariPool.getConnection(HikariPool.java:179) ~[?:?]
	at com.zaxxer.hikari.pool.HikariPool.getConnection(HikariPool.java:144) ~[?:?]
	at com.zaxxer.hikari.HikariDataSource.getConnection(HikariDataSource.java:99) ~[?:?]
	at net.corda.db.core.DataSourceFactoryImpl$HikariDataSourceWrapper.getConnection(DataSourceFactoryImpl.kt) ~[?:?]
	at org.hibernate.engine.jdbc.connections.internal.DatasourceConnectionProviderImpl.getConnection(DatasourceConnectionProviderImpl.java:122) ~[?:?]
	at org.hibernate.internal.NonContextualJdbcConnectionAccess.obtainConnection(NonContextualJdbcConnectionAccess.java:38) ~[?:?]
	at org.hibernate.resource.jdbc.internal.LogicalConnectionManagedImpl.acquireConnectionIfNeeded(LogicalConnectionManagedImpl.java:108) ~[?:?]
	at org.hibernate.resource.jdbc.internal.LogicalConnectionManagedImpl.getPhysicalConnection(LogicalConnectionManagedImpl.java:138) ~[?:?]
	at org.hibernate.resource.jdbc.internal.LogicalConnectionManagedImpl.getConnectionForTransactionManagement(LogicalConnectionManagedImpl.java:276) ~[?:?]
	at org.hibernate.resource.jdbc.internal.LogicalConnectionManagedImpl.begin(LogicalConnectionManagedImpl.java:284) ~[?:?]
	at org.hibernate.resource.transaction.backend.jdbc.internal.JdbcResourceLocalTransactionCoordinatorImpl$TransactionDriverControlImpl.begin(JdbcResourceLocalTransactionCoordinatorImpl.java:246) ~[?:?]
	at org.hibernate.engine.transaction.internal.TransactionImpl.begin(TransactionImpl.java:83) ~[?:?]
	at net.corda.ledger.persistence.utxo.impl.UtxoPersistenceServiceImpl.findTransactionsWithStatusCreatedBetweenTime(UtxoPersistenceServiceImpl.kt:1362) ~[?:?]
	at net.corda.ledger.persistence.utxo.impl.request.handlers.UtxoFindTransactionsWithStatusCreatedBetweenTimeRequestHandler.execute(UtxoFindTransactionsWithStatusCreatedBetweenTimeRequestHandler.kt:24) ~[?:?]
	at net.corda.ledger.persistence.processor.LedgerPersistenceRequestProcessor$process$result$1.invoke(LedgerPersistenceRequestProcessor.kt:70) ~[?:?]
	... 53 more
Caused by: org.postgresql.util.PSQLException: FATAL: remaining connection slots are reserved for non-replication superuser connections
	at org.postgresql.Driver$ConnectThread.getResult(Driver.java:397) ~[?:?]
	at org.postgresql.Driver.connect(Driver.java:305) ~[?:?]
	at java.sql.DriverManager.getConnection(DriverManager.java:681) ~[java.sql:?]
	at java.sql.DriverManager.getConnection(DriverManager.java:229) ~[java.sql:?]
	at org.postgresql.ds.common.BaseDataSource.getConnection(BaseDataSource.java:104) ~[?:?]
	at org.postgresql.ds.common.BaseDataSource.getConnection(BaseDataSource.java:88) ~[?:?]
	at com.zaxxer.hikari.pool.PoolBase.newConnection(PoolBase.java:360) ~[?:?]
	at com.zaxxer.hikari.pool.PoolBase.newPoolEntry(PoolBase.java:202) ~[?:?]
	at com.zaxxer.hikari.pool.HikariPool.createPoolEntry(HikariPool.java:461) ~[?:?]
	at com.zaxxer.hikari.pool.HikariPool$PoolEntryCreator.call(HikariPool.java:724) ~[?:?]
	at com.zaxxer.hikari.pool.HikariPool$PoolEntryCreator.call(HikariPool.java:703) ~[?:?]
	at java.util.concurrent.FutureTask.run(FutureTask.java:264) ~[?:?]
	at java.util.concurrent.ThreadPoolExecutor.runWorker(ThreadPoolExecutor.java:1136) ~[?:?]
	at java.util.concurrent.ThreadPoolExecutor$Worker.run(ThreadPoolExecutor.java:635) ~[?:?]
	... 1 more
2026-03-26 23:56:27.490 [lifecycle-coordinator-4721] WARN  org.hibernate.engine.jdbc.spi.SqlExceptionHelper {} - SQL Error: 0, SQLState: 53300
2026-03-26 23:56:27.490 [lifecycle-coordinator-4721] ERROR org.hibernate.engine.jdbc.spi.SqlExceptionHelper {} - FATAL: remaining connection slots are reserved for non-replication superuser connections
2026-03-26 23:56:27.490 [lifecycle-coordinator-4721] WARN  net.corda.processors.db.internal.reconcile.db.DbReconcilerReader<net.corda.data.p2p.mtls.MgmAllowedCertificateSubject, net.corda.data.p2p.mtls.MgmAllowedCertificateSubject> {} - Error while retrieving DB records for reconciliation for vNode 524FEE159D0F context
org.hibernate.exception.GenericJDBCException: Unable to acquire JDBC Connection
	at org.hibernate.exception.internal.StandardSQLExceptionConverter.convert(StandardSQLExceptionConverter.java:42) ~[?:?]
	at org.hibernate.engine.jdbc.spi.SqlExceptionHelper.convert(SqlExceptionHelper.java:113) ~[?:?]
	at org.hibernate.engine.jdbc.spi.SqlExceptionHelper.convert(SqlExceptionHelper.java:99) ~[?:?]
	at org.hibernate.resource.jdbc.internal.LogicalConnectionManagedImpl.acquireConnectionIfNeeded(LogicalConnectionManagedImpl.java:111) ~[?:?]
	at org.hibernate.resource.jdbc.internal.LogicalConnectionManagedImpl.getPhysicalConnection(LogicalConnectionManagedImpl.java:138) ~[?:?]
	at org.hibernate.resource.jdbc.internal.LogicalConnectionManagedImpl.getConnectionForTransactionManagement(LogicalConnectionManagedImpl.java:276) ~[?:?]
	at org.hibernate.resource.jdbc.internal.LogicalConnectionManagedImpl.begin(LogicalConnectionManagedImpl.java:284) ~[?:?]
	at org.hibernate.resource.transaction.backend.jdbc.internal.JdbcResourceLocalTransactionCoordinatorImpl$TransactionDriverControlImpl.begin(JdbcResourceLocalTransactionCoordinatorImpl.java:246) ~[?:?]
	at org.hibernate.engine.transaction.internal.TransactionImpl.begin(TransactionImpl.java:83) ~[?:?]
	at net.corda.processors.db.internal.reconcile.db.DbReconcilerReader$getAllVersionedRecords$streamOfStreams$1.invoke(DbReconcilerReader.kt:79) ~[?:?]
	at net.corda.processors.db.internal.reconcile.db.DbReconcilerReader$getAllVersionedRecords$streamOfStreams$1.invoke(DbReconcilerReader.kt:76) ~[?:?]
	at net.corda.processors.db.internal.reconcile.db.DbReconcilerReader.getAllVersionedRecords$lambda$0(DbReconcilerReader.kt:76) ~[?:?]
	at java.util.stream.ReferencePipeline$3$1.accept(ReferencePipeline.java:197) ~[?:?]
	at java.util.stream.ReferencePipeline$3$1.accept(ReferencePipeline.java:197) ~[?:?]
	at java.util.ArrayList$ArrayListSpliterator.forEachRemaining(ArrayList.java:1625) ~[?:?]
	at java.util.stream.AbstractPipeline.copyInto(AbstractPipeline.java:509) ~[?:?]
	at java.util.stream.AbstractPipeline.wrapAndCopyInto(AbstractPipeline.java:499) ~[?:?]
	at java.util.stream.ForEachOps$ForEachOp.evaluateSequential(ForEachOps.java:150) ~[?:?]
	at java.util.stream.ForEachOps$ForEachOp$OfRef.evaluateSequential(ForEachOps.java:173) ~[?:?]
	at java.util.stream.AbstractPipeline.evaluate(AbstractPipeline.java:234) ~[?:?]
	at java.util.stream.ReferencePipeline.forEach(ReferencePipeline.java:596) ~[?:?]
	at net.corda.reconciliation.impl.ReconcilerEventHandler.reconcile$reconciliation_impl(ReconcilerEventHandler.kt:160) ~[?:?]
	at net.corda.reconciliation.impl.ReconcilerEventHandler.reconcileAndScheduleNext(ReconcilerEventHandler.kt:84) ~[?:?]
	at net.corda.reconciliation.impl.ReconcilerEventHandler.processEvent(ReconcilerEventHandler.kt:48) ~[?:?]
	at net.corda.lifecycle.impl.LifecycleProcessor.runUserEventHandler(LifecycleProcessor.kt:241) ~[?:?]
	at net.corda.lifecycle.impl.LifecycleProcessor.processEvent(LifecycleProcessor.kt:93) ~[?:?]
	at net.corda.lifecycle.impl.LifecycleProcessor.processEvents(LifecycleProcessor.kt:64) ~[?:?]
	at net.corda.lifecycle.impl.LifecycleCoordinatorImpl.processEvents(LifecycleCoordinatorImpl.kt:98) ~[?:?]
	at java.util.concurrent.ThreadPoolExecutor.runWorker(ThreadPoolExecutor.java:1136) [?:?]
	at java.util.concurrent.ThreadPoolExecutor$Worker.run(ThreadPoolExecutor.java:635) [?:?]
	at java.lang.Thread.run(Thread.java:840) [?:?]
Caused by: org.postgresql.util.PSQLException: FATAL: remaining connection slots are reserved for non-replication superuser connections
	at org.postgresql.core.v3.QueryExecutorImpl.receiveErrorResponse(QueryExecutorImpl.java:2725) ~[?:?]
	at org.postgresql.core.v3.QueryExecutorImpl.readStartupMessages(QueryExecutorImpl.java:2837) ~[?:?]
	at org.postgresql.core.v3.QueryExecutorImpl.<init>(QueryExecutorImpl.java:175) ~[?:?]
	at org.postgresql.core.v3.ConnectionFactoryImpl.openConnectionImpl(ConnectionFactoryImpl.java:317) ~[?:?]
	at org.postgresql.core.ConnectionFactory.openConnection(ConnectionFactory.java:54) ~[?:?]
	at org.postgresql.jdbc.PgConnection.<init>(PgConnection.java:273) ~[?:?]
	at org.postgresql.Driver.makeConnection(Driver.java:446) ~[?:?]
	at org.postgresql.Driver.connect(Driver.java:298) ~[?:?]
	at java.sql.DriverManager.getConnection(DriverManager.java:681) ~[java.sql:?]
	at java.sql.DriverManager.getConnection(DriverManager.java:229) ~[java.sql:?]
	at org.postgresql.ds.common.BaseDataSource.getConnection(BaseDataSource.java:104) ~[?:?]
	at org.postgresql.ds.common.BaseDataSource.getConnection(BaseDataSource.java:88) ~[?:?]
	at net.corda.db.core.DataSourceFactoryImpl$DataSourceWrapper.getConnection(DataSourceFactoryImpl.kt:71) ~[?:?]
	at org.hibernate.engine.jdbc.connections.internal.DatasourceConnectionProviderImpl.getConnection(DatasourceConnectionProviderImpl.java:122) ~[?:?]
	at org.hibernate.internal.NonContextualJdbcConnectionAccess.obtainConnection(NonContextualJdbcConnectionAccess.java:38) ~[?:?]
	at org.hibernate.resource.jdbc.internal.LogicalConnectionManagedImpl.acquireConnectionIfNeeded(LogicalConnectionManagedImpl.java:108) ~[?:?]
	... 27 more
2026-03-26 23:56:27.500 [lifecycle-coordinator-4721] WARN  org.hibernate.engine.jdbc.spi.SqlExceptionHelper {} - SQL Error: 0, SQLState: 53300
2026-03-26 23:56:27.501 [lifecycle-coordinator-4721] ERROR org.hibernate.engine.jdbc.spi.SqlExceptionHelper {} - FATAL: remaining connection slots are reserved for non-replication superuser connections
2026-03-26 23:56:27.501 [lifecycle-coordinator-4721] WARN  net.corda.processors.db.internal.reconcile.db.DbReconcilerReader<net.corda.data.p2p.mtls.MgmAllowedCertificateSubject, net.corda.data.p2p.mtls.MgmAllowedCertificateSubject> {} - Error while retrieving DB records for reconciliation for vNode 4B8CEF212833 context
org.hibernate.exception.GenericJDBCException: Unable to acquire JDBC Connection
	at org.hibernate.exception.internal.StandardSQLExceptionConverter.convert(StandardSQLExceptionConverter.java:42) ~[?:?]
	at org.hibernate.engine.jdbc.spi.SqlExceptionHelper.convert(SqlExceptionHelper.java:113) ~[?:?]
	at org.hibernate.engine.jdbc.spi.SqlExceptionHelper.convert(SqlExceptionHelper.java:99) ~[?:?]
	at org.hibernate.resource.jdbc.internal.LogicalConnectionManagedImpl.acquireConnectionIfNeeded(LogicalConnectionManagedImpl.java:111) ~[?:?]
	at org.hibernate.resource.jdbc.internal.LogicalConnectionManagedImpl.getPhysicalConnection(LogicalConnectionManagedImpl.java:138) ~[?:?]
	at org.hibernate.resource.jdbc.internal.LogicalConnectionManagedImpl.getConnectionForTransactionManagement(LogicalConnectionManagedImpl.java:276) ~[?:?]
	at org.hibernate.resource.jdbc.internal.LogicalConnectionManagedImpl.begin(LogicalConnectionManagedImpl.java:284) ~[?:?]
	at org.hibernate.resource.transaction.backend.jdbc.internal.JdbcResourceLocalTransactionCoordinatorImpl$TransactionDriverControlImpl.begin(JdbcResourceLocalTransactionCoordinatorImpl.java:246) ~[?:?]
	at org.hibernate.engine.transaction.internal.TransactionImpl.begin(TransactionImpl.java:83) ~[?:?]
	at net.corda.processors.db.internal.reconcile.db.DbReconcilerReader$getAllVersionedRecords$streamOfStreams$1.invoke(DbReconcilerReader.kt:79) ~[?:?]
	at net.corda.processors.db.internal.reconcile.db.DbReconcilerReader$getAllVersionedRecords$streamOfStreams$1.invoke(DbReconcilerReader.kt:76) ~[?:?]
	at net.corda.processors.db.internal.reconcile.db.DbReconcilerReader.getAllVersionedRecords$lambda$0(DbReconcilerReader.kt:76) ~[?:?]
	at java.util.stream.ReferencePipeline$3$1.accept(ReferencePipeline.java:197) ~[?:?]
	at java.util.stream.ReferencePipeline$3$1.accept(ReferencePipeline.java:197) ~[?:?]
	at java.util.ArrayList$ArrayListSpliterator.forEachRemaining(ArrayList.java:1625) ~[?:?]
	at java.util.stream.AbstractPipeline.copyInto(AbstractPipeline.java:509) ~[?:?]
	at java.util.stream.AbstractPipeline.wrapAndCopyInto(AbstractPipeline.java:499) ~[?:?]
	at java.util.stream.ForEachOps$ForEachOp.evaluateSequential(ForEachOps.java:150) ~[?:?]
	at java.util.stream.ForEachOps$ForEachOp$OfRef.evaluateSequential(ForEachOps.java:173) ~[?:?]
	at java.util.stream.AbstractPipeline.evaluate(AbstractPipeline.java:234) ~[?:?]
	at java.util.stream.ReferencePipeline.forEach(ReferencePipeline.java:596) ~[?:?]
	at net.corda.reconciliation.impl.ReconcilerEventHandler.reconcile$reconciliation_impl(ReconcilerEventHandler.kt:160) ~[?:?]
	at net.corda.reconciliation.impl.ReconcilerEventHandler.reconcileAndScheduleNext(ReconcilerEventHandler.kt:84) ~[?:?]
	at net.corda.reconciliation.impl.ReconcilerEventHandler.processEvent(ReconcilerEventHandler.kt:48) ~[?:?]
	at net.corda.lifecycle.impl.LifecycleProcessor.runUserEventHandler(LifecycleProcessor.kt:241) ~[?:?]
	at net.corda.lifecycle.impl.LifecycleProcessor.processEvent(LifecycleProcessor.kt:93) ~[?:?]
	at net.corda.lifecycle.impl.LifecycleProcessor.processEvents(LifecycleProcessor.kt:64) ~[?:?]
	at net.corda.lifecycle.impl.LifecycleCoordinatorImpl.processEvents(LifecycleCoordinatorImpl.kt:98) ~[?:?]
	at java.util.concurrent.ThreadPoolExecutor.runWorker(ThreadPoolExecutor.java:1136) [?:?]
	at java.util.concurrent.ThreadPoolExecutor$Worker.run(ThreadPoolExecutor.java:635) [?:?]
	at java.lang.Thread.run(Thread.java:840) [?:?]
Caused by: org.postgresql.util.PSQLException: FATAL: remaining connection slots are reserved for non-replication superuser connections
	at org.postgresql.core.v3.QueryExecutorImpl.receiveErrorResponse(QueryExecutorImpl.java:2725) ~[?:?]
	at org.postgresql.core.v3.QueryExecutorImpl.readStartupMessages(QueryExecutorImpl.java:2837) ~[?:?]
	at org.postgresql.core.v3.QueryExecutorImpl.<init>(QueryExecutorImpl.java:175) ~[?:?]
	at org.postgresql.core.v3.ConnectionFactoryImpl.openConnectionImpl(ConnectionFactoryImpl.java:317) ~[?:?]
	at org.postgresql.core.ConnectionFactory.openConnection(ConnectionFactory.java:54) ~[?:?]
	at org.postgresql.jdbc.PgConnection.<init>(PgConnection.java:273) ~[?:?]
	at org.postgresql.Driver.makeConnection(Driver.java:446) ~[?:?]
	at org.postgresql.Driver.connect(Driver.java:298) ~[?:?]
	at java.sql.DriverManager.getConnection(DriverManager.java:681) ~[java.sql:?]
	at java.sql.DriverManager.getConnection(DriverManager.java:229) ~[java.sql:?]
	at org.postgresql.ds.common.BaseDataSource.getConnection(BaseDataSource.java:104) ~[?:?]
	at org.postgresql.ds.common.BaseDataSource.getConnection(BaseDataSource.java:88) ~[?:?]
	at net.corda.db.core.DataSourceFactoryImpl$DataSourceWrapper.getConnection(DataSourceFactoryImpl.kt:71) ~[?:?]
	at org.hibernate.engine.jdbc.connections.internal.DatasourceConnectionProviderImpl.getConnection(DatasourceConnectionProviderImpl.java:122) ~[?:?]
	at org.hibernate.internal.NonContextualJdbcConnectionAccess.obtainConnection(NonContextualJdbcConnectionAccess.java:38) ~[?:?]
	at org.hibernate.resource.jdbc.internal.LogicalConnectionManagedImpl.acquireConnectionIfNeeded(LogicalConnectionManagedImpl.java:108) ~[?:?]
	... 27 more
2026-03-26 23:56:27.510 [lifecycle-coordinator-4721] WARN  org.hibernate.engine.jdbc.spi.SqlExceptionHelper {} - SQL Error: 0, SQLState: 53300
2026-03-26 23:56:27.510 [lifecycle-coordinator-4721] ERROR org.hibernate.engine.jdbc.spi.SqlExceptionHelper {} - FATAL: remaining connection slots are reserved for non-replication superuser connections
2026-03-26 23:56:27.510 [lifecycle-coordinator-4721] WARN  net.corda.processors.db.internal.reconcile.db.DbReconcilerReader<net.corda.data.p2p.mtls.MgmAllowedCertificateSubject, net.corda.data.p2p.mtls.MgmAllowedCertificateSubject> {} - Error while retrieving DB records for reconciliation for vNode 7BB3E95CF268 context
org.hibernate.exception.GenericJDBCException: Unable to acquire JDBC Connection
	at org.hibernate.exception.internal.StandardSQLExceptionConverter.convert(StandardSQLExceptionConverter.java:42) ~[?:?]
	at org.hibernate.engine.jdbc.spi.SqlExceptionHelper.convert(SqlExceptionHelper.java:113) ~[?:?]
	at org.hibernate.engine.jdbc.spi.SqlExceptionHelper.convert(SqlExceptionHelper.java:99) ~[?:?]
	at org.hibernate.resource.jdbc.internal.LogicalConnectionManagedImpl.acquireConnectionIfNeeded(LogicalConnectionManagedImpl.java:111) ~[?:?]
	at org.hibernate.resource.jdbc.internal.LogicalConnectionManagedImpl.getPhysicalConnection(LogicalConnectionManagedImpl.java:138) ~[?:?]
	at org.hibernate.resource.jdbc.internal.LogicalConnectionManagedImpl.getConnectionForTransactionManagement(LogicalConnectionManagedImpl.java:276) ~[?:?]
	at org.hibernate.resource.jdbc.internal.LogicalConnectionManagedImpl.begin(LogicalConnectionManagedImpl.java:284) ~[?:?]
	at org.hibernate.resource.transaction.backend.jdbc.internal.JdbcResourceLocalTransactionCoordinatorImpl$TransactionDriverControlImpl.begin(JdbcResourceLocalTransactionCoordinatorImpl.java:246) ~[?:?]
	at org.hibernate.engine.transaction.internal.TransactionImpl.begin(TransactionImpl.java:83) ~[?:?]
	at net.corda.processors.db.internal.reconcile.db.DbReconcilerReader$getAllVersionedRecords$streamOfStreams$1.invoke(DbReconcilerReader.kt:79) ~[?:?]
	at net.corda.processors.db.internal.reconcile.db.DbReconcilerReader$getAllVersionedRecords$streamOfStreams$1.invoke(DbReconcilerReader.kt:76) ~[?:?]
	at net.corda.processors.db.internal.reconcile.db.DbReconcilerReader.getAllVersionedRecords$lambda$0(DbReconcilerReader.kt:76) ~[?:?]
	at java.util.stream.ReferencePipeline$3$1.accept(ReferencePipeline.java:197) ~[?:?]
	at java.util.stream.ReferencePipeline$3$1.accept(ReferencePipeline.java:197) ~[?:?]
	at java.util.ArrayList$ArrayListSpliterator.forEachRemaining(ArrayList.java:1625) ~[?:?]
	at java.util.stream.AbstractPipeline.copyInto(AbstractPipeline.java:509) ~[?:?]
	at java.util.stream.AbstractPipeline.wrapAndCopyInto(AbstractPipeline.java:499) ~[?:?]
	at java.util.stream.ForEachOps$ForEachOp.evaluateSequential(ForEachOps.java:150) ~[?:?]
	at java.util.stream.ForEachOps$ForEachOp$OfRef.evaluateSequential(ForEachOps.java:173) ~[?:?]
	at java.util.stream.AbstractPipeline.evaluate(AbstractPipeline.java:234) ~[?:?]
	at java.util.stream.ReferencePipeline.forEach(ReferencePipeline.java:596) ~[?:?]
	at net.corda.reconciliation.impl.ReconcilerEventHandler.reconcile$reconciliation_impl(ReconcilerEventHandler.kt:160) ~[?:?]
	at net.corda.reconciliation.impl.ReconcilerEventHandler.reconcileAndScheduleNext(ReconcilerEventHandler.kt:84) ~[?:?]
	at net.corda.reconciliation.impl.ReconcilerEventHandler.processEvent(ReconcilerEventHandler.kt:48) ~[?:?]
	at net.corda.lifecycle.impl.LifecycleProcessor.runUserEventHandler(LifecycleProcessor.kt:241) ~[?:?]
	at net.corda.lifecycle.impl.LifecycleProcessor.processEvent(LifecycleProcessor.kt:93) ~[?:?]
	at net.corda.lifecycle.impl.LifecycleProcessor.processEvents(LifecycleProcessor.kt:64) ~[?:?]
	at net.corda.lifecycle.impl.LifecycleCoordinatorImpl.processEvents(LifecycleCoordinatorImpl.kt:98) ~[?:?]
	at java.util.concurrent.ThreadPoolExecutor.runWorker(ThreadPoolExecutor.java:1136) [?:?]
	at java.util.concurrent.ThreadPoolExecutor$Worker.run(ThreadPoolExecutor.java:635) [?:?]
	at java.lang.Thread.run(Thread.java:840) [?:?]
Caused by: org.postgresql.util.PSQLException: FATAL: remaining connection slots are reserved for non-replication superuser connections
	at org.postgresql.core.v3.QueryExecutorImpl.receiveErrorResponse(QueryExecutorImpl.java:2725) ~[?:?]
	at org.postgresql.core.v3.QueryExecutorImpl.readStartupMessages(QueryExecutorImpl.java:2837) ~[?:?]
	at org.postgresql.core.v3.QueryExecutorImpl.<init>(QueryExecutorImpl.java:175) ~[?:?]
	at org.postgresql.core.v3.ConnectionFactoryImpl.openConnectionImpl(ConnectionFactoryImpl.java:317) ~[?:?]
	at org.postgresql.core.ConnectionFactory.openConnection(ConnectionFactory.java:54) ~[?:?]
	at org.postgresql.jdbc.PgConnection.<init>(PgConnection.java:273) ~[?:?]
	at org.postgresql.Driver.makeConnection(Driver.java:446) ~[?:?]
	at org.postgresql.Driver.connect(Driver.java:298) ~[?:?]
	at java.sql.DriverManager.getConnection(DriverManager.java:681) ~[java.sql:?]
	at java.sql.DriverManager.getConnection(DriverManager.java:229) ~[java.sql:?]
	at org.postgresql.ds.common.BaseDataSource.getConnection(BaseDataSource.java:104) ~[?:?]
	at org.postgresql.ds.common.BaseDataSource.getConnection(BaseDataSource.java:88) ~[?:?]
	at net.corda.db.core.DataSourceFactoryImpl$DataSourceWrapper.getConnection(DataSourceFactoryImpl.kt:71) ~[?:?]
	at org.hibernate.engine.jdbc.connections.internal.DatasourceConnectionProviderImpl.getConnection(DatasourceConnectionProviderImpl.java:122) ~[?:?]
	at org.hibernate.internal.NonContextualJdbcConnectionAccess.obtainConnection(NonContextualJdbcConnectionAccess.java:38) ~[?:?]
	at org.hibernate.resource.jdbc.internal.LogicalConnectionManagedImpl.acquireConnectionIfNeeded(LogicalConnectionManagedImpl.java:108) ~[?:?]
	... 27 more
2026-03-26 23:56:27.521 [lifecycle-coordinator-4721] WARN  org.hibernate.engine.jdbc.spi.SqlExceptionHelper {} - SQL Error: 0, SQLState: 53300
2026-03-26 23:56:27.521 [lifecycle-coordinator-4721] ERROR org.hibernate.engine.jdbc.spi.SqlExceptionHelper {} - FATAL: remaining connection slots are reserved for non-replication superuser connections
2026-03-26 23:56:27.521 [lifecycle-coordinator-4721] WARN  net.corda.processors.db.internal.reconcile.db.DbReconcilerReader<net.corda.data.p2p.mtls.MgmAllowedCertificateSubject, net.corda.data.p2p.mtls.MgmAllowedCertificateSubject> {} - Error while retrieving DB records for reconciliation for vNode E3193F94C243 context
org.hibernate.exception.GenericJDBCException: Unable to acquire JDBC Connection
	at org.hibernate.exception.internal.StandardSQLExceptionConverter.convert(StandardSQLExceptionConverter.java:42) ~[?:?]
	at org.hibernate.engine.jdbc.spi.SqlExceptionHelper.convert(SqlExceptionHelper.java:113) ~[?:?]
	at org.hibernate.engine.jdbc.spi.SqlExceptionHelper.convert(SqlExceptionHelper.java:99) ~[?:?]
	at org.hibernate.resource.jdbc.internal.LogicalConnectionManagedImpl.acquireConnectionIfNeeded(LogicalConnectionManagedImpl.java:111) ~[?:?]
	at org.hibernate.resource.jdbc.internal.LogicalConnectionManagedImpl.getPhysicalConnection(LogicalConnectionManagedImpl.java:138) ~[?:?]
	at org.hibernate.resource.jdbc.internal.LogicalConnectionManagedImpl.getConnectionForTransactionManagement(LogicalConnectionManagedImpl.java:276) ~[?:?]
	at org.hibernate.resource.jdbc.internal.LogicalConnectionManagedImpl.begin(LogicalConnectionManagedImpl.java:284) ~[?:?]
	at org.hibernate.resource.transaction.backend.jdbc.internal.JdbcResourceLocalTransactionCoordinatorImpl$TransactionDriverControlImpl.begin(JdbcResourceLocalTransactionCoordinatorImpl.java:246) ~[?:?]
	at org.hibernate.engine.transaction.internal.TransactionImpl.begin(TransactionImpl.java:83) ~[?:?]
	at net.corda.processors.db.internal.reconcile.db.DbReconcilerReader$getAllVersionedRecords$streamOfStreams$1.invoke(DbReconcilerReader.kt:79) ~[?:?]
	at net.corda.processors.db.internal.reconcile.db.DbReconcilerReader$getAllVersionedRecords$streamOfStreams$1.invoke(DbReconcilerReader.kt:76) ~[?:?]
	at net.corda.processors.db.internal.reconcile.db.DbReconcilerReader.getAllVersionedRecords$lambda$0(DbReconcilerReader.kt:76) ~[?:?]
	at java.util.stream.ReferencePipeline$3$1.accept(ReferencePipeline.java:197) ~[?:?]
	at java.util.stream.ReferencePipeline$3$1.accept(ReferencePipeline.java:197) ~[?:?]
	at java.util.ArrayList$ArrayListSpliterator.forEachRemaining(ArrayList.java:1625) ~[?:?]
	at java.util.stream.AbstractPipeline.copyInto(AbstractPipeline.java:509) ~[?:?]
	at java.util.stream.AbstractPipeline.wrapAndCopyInto(AbstractPipeline.java:499) ~[?:?]
	at java.util.stream.ForEachOps$ForEachOp.evaluateSequential(ForEachOps.java:150) ~[?:?]
	at java.util.stream.ForEachOps$ForEachOp$OfRef.evaluateSequential(ForEachOps.java:173) ~[?:?]
	at java.util.stream.AbstractPipeline.evaluate(AbstractPipeline.java:234) ~[?:?]
	at java.util.stream.ReferencePipeline.forEach(ReferencePipeline.java:596) ~[?:?]
	at net.corda.reconciliation.impl.ReconcilerEventHandler.reconcile$reconciliation_impl(ReconcilerEventHandler.kt:160) ~[?:?]
	at net.corda.reconciliation.impl.ReconcilerEventHandler.reconcileAndScheduleNext(ReconcilerEventHandler.kt:84) ~[?:?]
	at net.corda.reconciliation.impl.ReconcilerEventHandler.processEvent(ReconcilerEventHandler.kt:48) ~[?:?]
	at net.corda.lifecycle.impl.LifecycleProcessor.runUserEventHandler(LifecycleProcessor.kt:241) ~[?:?]
	at net.corda.lifecycle.impl.LifecycleProcessor.processEvent(LifecycleProcessor.kt:93) ~[?:?]
	at net.corda.lifecycle.impl.LifecycleProcessor.processEvents(LifecycleProcessor.kt:64) ~[?:?]
	at net.corda.lifecycle.impl.LifecycleCoordinatorImpl.processEvents(LifecycleCoordinatorImpl.kt:98) ~[?:?]
	at java.util.concurrent.ThreadPoolExecutor.runWorker(ThreadPoolExecutor.java:1136) [?:?]
	at java.util.concurrent.ThreadPoolExecutor$Worker.run(ThreadPoolExecutor.java:635) [?:?]
	at java.lang.Thread.run(Thread.java:840) [?:?]
Caused by: org.postgresql.util.PSQLException: FATAL: remaining connection slots are reserved for non-replication superuser connections
	at org.postgresql.core.v3.QueryExecutorImpl.receiveErrorResponse(QueryExecutorImpl.java:2725) ~[?:?]
	at org.postgresql.core.v3.QueryExecutorImpl.readStartupMessages(QueryExecutorImpl.java:2837) ~[?:?]
	at org.postgresql.core.v3.QueryExecutorImpl.<init>(QueryExecutorImpl.java:175) ~[?:?]
	at org.postgresql.core.v3.ConnectionFactoryImpl.openConnectionImpl(ConnectionFactoryImpl.java:317) ~[?:?]
	at org.postgresql.core.ConnectionFactory.openConnection(ConnectionFactory.java:54) ~[?:?]
	at org.postgresql.jdbc.PgConnection.<init>(PgConnection.java:273) ~[?:?]
	at org.postgresql.Driver.makeConnection(Driver.java:446) ~[?:?]
	at org.postgresql.Driver.connect(Driver.java:298) ~[?:?]
	at java.sql.DriverManager.getConnection(DriverManager.java:681) ~[java.sql:?]
	at java.sql.DriverManager.getConnection(DriverManager.java:229) ~[java.sql:?]
	at org.postgresql.ds.common.BaseDataSource.getConnection(BaseDataSource.java:104) ~[?:?]
	at org.postgresql.ds.common.BaseDataSource.getConnection(BaseDataSource.java:88) ~[?:?]
	at net.corda.db.core.DataSourceFactoryImpl$DataSourceWrapper.getConnection(DataSourceFactoryImpl.kt:71) ~[?:?]
	at org.hibernate.engine.jdbc.connections.internal.DatasourceConnectionProviderImpl.getConnection(DatasourceConnectionProviderImpl.java:122) ~[?:?]
	at org.hibernate.internal.NonContextualJdbcConnectionAccess.obtainConnection(NonContextualJdbcConnectionAccess.java:38) ~[?:?]
	at org.hibernate.resource.jdbc.internal.LogicalConnectionManagedImpl.acquireConnectionIfNeeded(LogicalConnectionManagedImpl.java:108) ~[?:?]
	... 27 more
2026-03-26 23:56:27.723 [lifecycle-coordinator-4715] WARN  org.hibernate.engine.jdbc.spi.SqlExceptionHelper {} - SQL Error: 0, SQLState: 53300
2026-03-26 23:56:27.723 [lifecycle-coordinator-4715] ERROR org.hibernate.engine.jdbc.spi.SqlExceptionHelper {} - FATAL: remaining connection slots are reserved for non-replication superuser connections
2026-03-26 23:56:27.723 [lifecycle-coordinator-4715] WARN  net.corda.processors.db.internal.reconcile.db.DbReconcilerReader<java.lang.String, net.corda.data.membership.PersistentMemberInfo> {} - Error while retrieving DB records for reconciliation for vNode 524FEE159D0F context
org.hibernate.exception.GenericJDBCException: Unable to acquire JDBC Connection
	at org.hibernate.exception.internal.StandardSQLExceptionConverter.convert(StandardSQLExceptionConverter.java:42) ~[?:?]
	at org.hibernate.engine.jdbc.spi.SqlExceptionHelper.convert(SqlExceptionHelper.java:113) ~[?:?]
	at org.hibernate.engine.jdbc.spi.SqlExceptionHelper.convert(SqlExceptionHelper.java:99) ~[?:?]
	at org.hibernate.resource.jdbc.internal.LogicalConnectionManagedImpl.acquireConnectionIfNeeded(LogicalConnectionManagedImpl.java:111) ~[?:?]
	at org.hibernate.resource.jdbc.internal.LogicalConnectionManagedImpl.getPhysicalConnection(LogicalConnectionManagedImpl.java:138) ~[?:?]
	at org.hibernate.resource.jdbc.internal.LogicalConnectionManagedImpl.getConnectionForTransactionManagement(LogicalConnectionManagedImpl.java:276) ~[?:?]
	at org.hibernate.resource.jdbc.internal.LogicalConnectionManagedImpl.begin(LogicalConnectionManagedImpl.java:284) ~[?:?]
	at org.hibernate.resource.transaction.backend.jdbc.internal.JdbcResourceLocalTransactionCoordinatorImpl$TransactionDriverControlImpl.begin(JdbcResourceLocalTransactionCoordinatorImpl.java:246) ~[?:?]
	at org.hibernate.engine.transaction.internal.TransactionImpl.begin(TransactionImpl.java:83) ~[?:?]
	at net.corda.processors.db.internal.reconcile.db.DbReconcilerReader$getAllVersionedRecords$streamOfStreams$1.invoke(DbReconcilerReader.kt:79) ~[?:?]
	at net.corda.processors.db.internal.reconcile.db.DbReconcilerReader$getAllVersionedRecords$streamOfStreams$1.invoke(DbReconcilerReader.kt:76) ~[?:?]
	at net.corda.processors.db.internal.reconcile.db.DbReconcilerReader.getAllVersionedRecords$lambda$0(DbReconcilerReader.kt:76) ~[?:?]
	at java.util.stream.ReferencePipeline$3$1.accept(ReferencePipeline.java:197) ~[?:?]
	at java.util.stream.ReferencePipeline$3$1.accept(ReferencePipeline.java:197) ~[?:?]
	at java.util.ArrayList$ArrayListSpliterator.forEachRemaining(ArrayList.java:1625) ~[?:?]
	at java.util.stream.AbstractPipeline.copyInto(AbstractPipeline.java:509) ~[?:?]
	at java.util.stream.AbstractPipeline.wrapAndCopyInto(AbstractPipeline.java:499) ~[?:?]
	at java.util.stream.ForEachOps$ForEachOp.evaluateSequential(ForEachOps.java:150) ~[?:?]
	at java.util.stream.ForEachOps$ForEachOp$OfRef.evaluateSequential(ForEachOps.java:173) ~[?:?]
	at java.util.stream.AbstractPipeline.evaluate(AbstractPipeline.java:234) ~[?:?]
	at java.util.stream.ReferencePipeline.forEach(ReferencePipeline.java:596) ~[?:?]
	at net.corda.reconciliation.impl.ReconcilerEventHandler.reconcile$reconciliation_impl(ReconcilerEventHandler.kt:160) ~[?:?]
	at net.corda.reconciliation.impl.ReconcilerEventHandler.reconcileAndScheduleNext(ReconcilerEventHandler.kt:84) ~[?:?]
	at net.corda.reconciliation.impl.ReconcilerEventHandler.processEvent(ReconcilerEventHandler.kt:48) ~[?:?]
	at net.corda.lifecycle.impl.LifecycleProcessor.runUserEventHandler(LifecycleProcessor.kt:241) ~[?:?]
	at net.corda.lifecycle.impl.LifecycleProcessor.processEvent(LifecycleProcessor.kt:93) ~[?:?]
	at net.corda.lifecycle.impl.LifecycleProcessor.processEvents(LifecycleProcessor.kt:64) ~[?:?]
	at net.corda.lifecycle.impl.LifecycleCoordinatorImpl.processEvents(LifecycleCoordinatorImpl.kt:98) ~[?:?]
	at java.util.concurrent.ThreadPoolExecutor.runWorker(ThreadPoolExecutor.java:1136) [?:?]
	at java.util.concurrent.ThreadPoolExecutor$Worker.run(ThreadPoolExecutor.java:635) [?:?]
	at java.lang.Thread.run(Thread.java:840) [?:?]
Caused by: org.postgresql.util.PSQLException: FATAL: remaining connection slots are reserved for non-replication superuser connections
	at org.postgresql.core.v3.QueryExecutorImpl.receiveErrorResponse(QueryExecutorImpl.java:2725) ~[?:?]
	at org.postgresql.core.v3.QueryExecutorImpl.readStartupMessages(QueryExecutorImpl.java:2837) ~[?:?]
	at org.postgresql.core.v3.QueryExecutorImpl.<init>(QueryExecutorImpl.java:175) ~[?:?]
	at org.postgresql.core.v3.ConnectionFactoryImpl.openConnectionImpl(ConnectionFactoryImpl.java:317) ~[?:?]
	at org.postgresql.core.ConnectionFactory.openConnection(ConnectionFactory.java:54) ~[?:?]
	at org.postgresql.jdbc.PgConnection.<init>(PgConnection.java:273) ~[?:?]
	at org.postgresql.Driver.makeConnection(Driver.java:446) ~[?:?]
	at org.postgresql.Driver.connect(Driver.java:298) ~[?:?]
	at java.sql.DriverManager.getConnection(DriverManager.java:681) ~[java.sql:?]
	at java.sql.DriverManager.getConnection(DriverManager.java:229) ~[java.sql:?]
	at org.postgresql.ds.common.BaseDataSource.getConnection(BaseDataSource.java:104) ~[?:?]
	at org.postgresql.ds.common.BaseDataSource.getConnection(BaseDataSource.java:88) ~[?:?]
	at net.corda.db.core.DataSourceFactoryImpl$DataSourceWrapper.getConnection(DataSourceFactoryImpl.kt:71) ~[?:?]
	at org.hibernate.engine.jdbc.connections.internal.DatasourceConnectionProviderImpl.getConnection(DatasourceConnectionProviderImpl.java:122) ~[?:?]
	at org.hibernate.internal.NonContextualJdbcConnectionAccess.obtainConnection(NonContextualJdbcConnectionAccess.java:38) ~[?:?]
	at org.hibernate.resource.jdbc.internal.LogicalConnectionManagedImpl.acquireConnectionIfNeeded(LogicalConnectionManagedImpl.java:108) ~[?:?]
	... 27 more
2026-03-26 23:56:27.734 [lifecycle-coordinator-4715] WARN  org.hibernate.engine.jdbc.spi.SqlExceptionHelper {} - SQL Error: 0, SQLState: 53300
2026-03-26 23:56:27.734 [lifecycle-coordinator-4715] ERROR org.hibernate.engine.jdbc.spi.SqlExceptionHelper {} - FATAL: remaining connection slots are reserved for non-replication superuser connections
2026-03-26 23:56:27.734 [lifecycle-coordinator-4715] WARN  net.corda.processors.db.internal.reconcile.db.DbReconcilerReader<java.lang.String, net.corda.data.membership.PersistentMemberInfo> {} - Error while retrieving DB records for reconciliation for vNode 4B8CEF212833 context
org.hibernate.exception.GenericJDBCException: Unable to acquire JDBC Connection
	at org.hibernate.exception.internal.StandardSQLExceptionConverter.convert(StandardSQLExceptionConverter.java:42) ~[?:?]
	at org.hibernate.engine.jdbc.spi.SqlExceptionHelper.convert(SqlExceptionHelper.java:113) ~[?:?]
	at org.hibernate.engine.jdbc.spi.SqlExceptionHelper.convert(SqlExceptionHelper.java:99) ~[?:?]
	at org.hibernate.resource.jdbc.internal.LogicalConnectionManagedImpl.acquireConnectionIfNeeded(LogicalConnectionManagedImpl.java:111) ~[?:?]
	at org.hibernate.resource.jdbc.internal.LogicalConnectionManagedImpl.getPhysicalConnection(LogicalConnectionManagedImpl.java:138) ~[?:?]
	at org.hibernate.resource.jdbc.internal.LogicalConnectionManagedImpl.getConnectionForTransactionManagement(LogicalConnectionManagedImpl.java:276) ~[?:?]
	at org.hibernate.resource.jdbc.internal.LogicalConnectionManagedImpl.begin(LogicalConnectionManagedImpl.java:284) ~[?:?]
	at org.hibernate.resource.transaction.backend.jdbc.internal.JdbcResourceLocalTransactionCoordinatorImpl$TransactionDriverControlImpl.begin(JdbcResourceLocalTransactionCoordinatorImpl.java:246) ~[?:?]
	at org.hibernate.engine.transaction.internal.TransactionImpl.begin(TransactionImpl.java:83) ~[?:?]
	at net.corda.processors.db.internal.reconcile.db.DbReconcilerReader$getAllVersionedRecords$streamOfStreams$1.invoke(DbReconcilerReader.kt:79) ~[?:?]
	at net.corda.processors.db.internal.reconcile.db.DbReconcilerReader$getAllVersionedRecords$streamOfStreams$1.invoke(DbReconcilerReader.kt:76) ~[?:?]
	at net.corda.processors.db.internal.reconcile.db.DbReconcilerReader.getAllVersionedRecords$lambda$0(DbReconcilerReader.kt:76) ~[?:?]
	at java.util.stream.ReferencePipeline$3$1.accept(ReferencePipeline.java:197) ~[?:?]
	at java.util.stream.ReferencePipeline$3$1.accept(ReferencePipeline.java:197) ~[?:?]
	at java.util.ArrayList$ArrayListSpliterator.forEachRemaining(ArrayList.java:1625) ~[?:?]
	at java.util.stream.AbstractPipeline.copyInto(AbstractPipeline.java:509) ~[?:?]
	at java.util.stream.AbstractPipeline.wrapAndCopyInto(AbstractPipeline.java:499) ~[?:?]
	at java.util.stream.ForEachOps$ForEachOp.evaluateSequential(ForEachOps.java:150) ~[?:?]
	at java.util.stream.ForEachOps$ForEachOp$OfRef.evaluateSequential(ForEachOps.java:173) ~[?:?]
	at java.util.stream.AbstractPipeline.evaluate(AbstractPipeline.java:234) ~[?:?]
	at java.util.stream.ReferencePipeline.forEach(ReferencePipeline.java:596) ~[?:?]
	at net.corda.reconciliation.impl.ReconcilerEventHandler.reconcile$reconciliation_impl(ReconcilerEventHandler.kt:160) ~[?:?]
	at net.corda.reconciliation.impl.ReconcilerEventHandler.reconcileAndScheduleNext(ReconcilerEventHandler.kt:84) ~[?:?]
	at net.corda.reconciliation.impl.ReconcilerEventHandler.processEvent(ReconcilerEventHandler.kt:48) ~[?:?]
	at net.corda.lifecycle.impl.LifecycleProcessor.runUserEventHandler(LifecycleProcessor.kt:241) ~[?:?]
	at net.corda.lifecycle.impl.LifecycleProcessor.processEvent(LifecycleProcessor.kt:93) ~[?:?]
	at net.corda.lifecycle.impl.LifecycleProcessor.processEvents(LifecycleProcessor.kt:64) ~[?:?]
	at net.corda.lifecycle.impl.LifecycleCoordinatorImpl.processEvents(LifecycleCoordinatorImpl.kt:98) ~[?:?]
	at java.util.concurrent.ThreadPoolExecutor.runWorker(ThreadPoolExecutor.java:1136) [?:?]
	at java.util.concurrent.ThreadPoolExecutor$Worker.run(ThreadPoolExecutor.java:635) [?:?]
	at java.lang.Thread.run(Thread.java:840) [?:?]
Caused by: org.postgresql.util.PSQLException: FATAL: remaining connection slots are reserved for non-replication superuser connections
	at org.postgresql.core.v3.QueryExecutorImpl.receiveErrorResponse(QueryExecutorImpl.java:2725) ~[?:?]
	at org.postgresql.core.v3.QueryExecutorImpl.readStartupMessages(QueryExecutorImpl.java:2837) ~[?:?]
	at org.postgresql.core.v3.QueryExecutorImpl.<init>(QueryExecutorImpl.java:175) ~[?:?]
	at org.postgresql.core.v3.ConnectionFactoryImpl.openConnectionImpl(ConnectionFactoryImpl.java:317) ~[?:?]
	at org.postgresql.core.ConnectionFactory.openConnection(ConnectionFactory.java:54) ~[?:?]
	at org.postgresql.jdbc.PgConnection.<init>(PgConnection.java:273) ~[?:?]
	at org.postgresql.Driver.makeConnection(Driver.java:446) ~[?:?]
	at org.postgresql.Driver.connect(Driver.java:298) ~[?:?]
	at java.sql.DriverManager.getConnection(DriverManager.java:681) ~[java.sql:?]
	at java.sql.DriverManager.getConnection(DriverManager.java:229) ~[java.sql:?]
	at org.postgresql.ds.common.BaseDataSource.getConnection(BaseDataSource.java:104) ~[?:?]
	at org.postgresql.ds.common.BaseDataSource.getConnection(BaseDataSource.java:88) ~[?:?]
	at net.corda.db.core.DataSourceFactoryImpl$DataSourceWrapper.getConnection(DataSourceFactoryImpl.kt:71) ~[?:?]
	at org.hibernate.engine.jdbc.connections.internal.DatasourceConnectionProviderImpl.getConnection(DatasourceConnectionProviderImpl.java:122) ~[?:?]
	at org.hibernate.internal.NonContextualJdbcConnectionAccess.obtainConnection(NonContextualJdbcConnectionAccess.java:38) ~[?:?]
	at org.hibernate.resource.jdbc.internal.LogicalConnectionManagedImpl.acquireConnectionIfNeeded(LogicalConnectionManagedImpl.java:108) ~[?:?]
	... 27 more
2026-03-26 23:56:27.743 [lifecycle-coordinator-4715] WARN  org.hibernate.engine.jdbc.spi.SqlExceptionHelper {} - SQL Error: 0, SQLState: 53300
2026-03-26 23:56:27.743 [lifecycle-coordinator-4715] ERROR org.hibernate.engine.jdbc.spi.SqlExceptionHelper {} - FATAL: remaining connection slots are reserved for non-replication superuser connections
2026-03-26 23:56:27.743 [lifecycle-coordinator-4715] WARN  net.corda.processors.db.internal.reconcile.db.DbReconcilerReader<java.lang.String, net.corda.data.membership.PersistentMemberInfo> {} - Error while retrieving DB records for reconciliation for vNode 7BB3E95CF268 context
org.hibernate.exception.GenericJDBCException: Unable to acquire JDBC Connection
	at org.hibernate.exception.internal.StandardSQLExceptionConverter.convert(StandardSQLExceptionConverter.java:42) ~[?:?]
	at org.hibernate.engine.jdbc.spi.SqlExceptionHelper.convert(SqlExceptionHelper.java:113) ~[?:?]
	at org.hibernate.engine.jdbc.spi.SqlExceptionHelper.convert(SqlExceptionHelper.java:99) ~[?:?]
	at org.hibernate.resource.jdbc.internal.LogicalConnectionManagedImpl.acquireConnectionIfNeeded(LogicalConnectionManagedImpl.java:111) ~[?:?]
	at org.hibernate.resource.jdbc.internal.LogicalConnectionManagedImpl.getPhysicalConnection(LogicalConnectionManagedImpl.java:138) ~[?:?]
	at org.hibernate.resource.jdbc.internal.LogicalConnectionManagedImpl.getConnectionForTransactionManagement(LogicalConnectionManagedImpl.java:276) ~[?:?]
	at org.hibernate.resource.jdbc.internal.LogicalConnectionManagedImpl.begin(LogicalConnectionManagedImpl.java:284) ~[?:?]
	at org.hibernate.resource.transaction.backend.jdbc.internal.JdbcResourceLocalTransactionCoordinatorImpl$TransactionDriverControlImpl.begin(JdbcResourceLocalTransactionCoordinatorImpl.java:246) ~[?:?]
	at org.hibernate.engine.transaction.internal.TransactionImpl.begin(TransactionImpl.java:83) ~[?:?]
	at net.corda.processors.db.internal.reconcile.db.DbReconcilerReader$getAllVersionedRecords$streamOfStreams$1.invoke(DbReconcilerReader.kt:79) ~[?:?]
	at net.corda.processors.db.internal.reconcile.db.DbReconcilerReader$getAllVersionedRecords$streamOfStreams$1.invoke(DbReconcilerReader.kt:76) ~[?:?]
	at net.corda.processors.db.internal.reconcile.db.DbReconcilerReader.getAllVersionedRecords$lambda$0(DbReconcilerReader.kt:76) ~[?:?]
	at java.util.stream.ReferencePipeline$3$1.accept(ReferencePipeline.java:197) ~[?:?]
	at java.util.stream.ReferencePipeline$3$1.accept(ReferencePipeline.java:197) ~[?:?]
	at java.util.ArrayList$ArrayListSpliterator.forEachRemaining(ArrayList.java:1625) ~[?:?]
	at java.util.stream.AbstractPipeline.copyInto(AbstractPipeline.java:509) ~[?:?]
	at java.util.stream.AbstractPipeline.wrapAndCopyInto(AbstractPipeline.java:499) ~[?:?]
	at java.util.stream.ForEachOps$ForEachOp.evaluateSequential(ForEachOps.java:150) ~[?:?]
	at java.util.stream.ForEachOps$ForEachOp$OfRef.evaluateSequential(ForEachOps.java:173) ~[?:?]
	at java.util.stream.AbstractPipeline.evaluate(AbstractPipeline.java:234) ~[?:?]
	at java.util.stream.ReferencePipeline.forEach(ReferencePipeline.java:596) ~[?:?]
	at net.corda.reconciliation.impl.ReconcilerEventHandler.reconcile$reconciliation_impl(ReconcilerEventHandler.kt:160) ~[?:?]
	at net.corda.reconciliation.impl.ReconcilerEventHandler.reconcileAndScheduleNext(ReconcilerEventHandler.kt:84) ~[?:?]
	at net.corda.reconciliation.impl.ReconcilerEventHandler.processEvent(ReconcilerEventHandler.kt:48) ~[?:?]
	at net.corda.lifecycle.impl.LifecycleProcessor.runUserEventHandler(LifecycleProcessor.kt:241) ~[?:?]
	at net.corda.lifecycle.impl.LifecycleProcessor.processEvent(LifecycleProcessor.kt:93) ~[?:?]
	at net.corda.lifecycle.impl.LifecycleProcessor.processEvents(LifecycleProcessor.kt:64) ~[?:?]
	at net.corda.lifecycle.impl.LifecycleCoordinatorImpl.processEvents(LifecycleCoordinatorImpl.kt:98) ~[?:?]
	at java.util.concurrent.ThreadPoolExecutor.runWorker(ThreadPoolExecutor.java:1136) [?:?]
	at java.util.concurrent.ThreadPoolExecutor$Worker.run(ThreadPoolExecutor.java:635) [?:?]
	at java.lang.Thread.run(Thread.java:840) [?:?]
Caused by: org.postgresql.util.PSQLException: FATAL: remaining connection slots are reserved for non-replication superuser connections
	at org.postgresql.core.v3.QueryExecutorImpl.receiveErrorResponse(QueryExecutorImpl.java:2725) ~[?:?]
	at org.postgresql.core.v3.QueryExecutorImpl.readStartupMessages(QueryExecutorImpl.java:2837) ~[?:?]
	at org.postgresql.core.v3.QueryExecutorImpl.<init>(QueryExecutorImpl.java:175) ~[?:?]
	at org.postgresql.core.v3.ConnectionFactoryImpl.openConnectionImpl(ConnectionFactoryImpl.java:317) ~[?:?]
	at org.postgresql.core.ConnectionFactory.openConnection(ConnectionFactory.java:54) ~[?:?]
	at org.postgresql.jdbc.PgConnection.<init>(PgConnection.java:273) ~[?:?]
	at org.postgresql.Driver.makeConnection(Driver.java:446) ~[?:?]
	at org.postgresql.Driver.connect(Driver.java:298) ~[?:?]
	at java.sql.DriverManager.getConnection(DriverManager.java:681) ~[java.sql:?]
	at java.sql.DriverManager.getConnection(DriverManager.java:229) ~[java.sql:?]
	at org.postgresql.ds.common.BaseDataSource.getConnection(BaseDataSource.java:104) ~[?:?]
	at org.postgresql.ds.common.BaseDataSource.getConnection(BaseDataSource.java:88) ~[?:?]
	at net.corda.db.core.DataSourceFactoryImpl$DataSourceWrapper.getConnection(DataSourceFactoryImpl.kt:71) ~[?:?]
	at org.hibernate.engine.jdbc.connections.internal.DatasourceConnectionProviderImpl.getConnection(DatasourceConnectionProviderImpl.java:122) ~[?:?]
	at org.hibernate.internal.NonContextualJdbcConnectionAccess.obtainConnection(NonContextualJdbcConnectionAccess.java:38) ~[?:?]
	at org.hibernate.resource.jdbc.internal.LogicalConnectionManagedImpl.acquireConnectionIfNeeded(LogicalConnectionManagedImpl.java:108) ~[?:?]
	... 27 more
2026-03-26 23:56:27.756 [lifecycle-coordinator-4715] WARN  org.hibernate.engine.jdbc.spi.SqlExceptionHelper {} - SQL Error: 0, SQLState: 53300
2026-03-26 23:56:27.756 [lifecycle-coordinator-4715] ERROR org.hibernate.engine.jdbc.spi.SqlExceptionHelper {} - FATAL: remaining connection slots are reserved for non-replication superuser connections
2026-03-26 23:56:27.756 [lifecycle-coordinator-4715] WARN  net.corda.processors.db.internal.reconcile.db.DbReconcilerReader<java.lang.String, net.corda.data.membership.PersistentMemberInfo> {} - Error while retrieving DB records for reconciliation for vNode E3193F94C243 context
org.hibernate.exception.GenericJDBCException: Unable to acquire JDBC Connection
	at org.hibernate.exception.internal.StandardSQLExceptionConverter.convert(StandardSQLExceptionConverter.java:42) ~[?:?]
	at org.hibernate.engine.jdbc.spi.SqlExceptionHelper.convert(SqlExceptionHelper.java:113) ~[?:?]
	at org.hibernate.engine.jdbc.spi.SqlExceptionHelper.convert(SqlExceptionHelper.java:99) ~[?:?]
	at org.hibernate.resource.jdbc.internal.LogicalConnectionManagedImpl.acquireConnectionIfNeeded(LogicalConnectionManagedImpl.java:111) ~[?:?]
	at org.hibernate.resource.jdbc.internal.LogicalConnectionManagedImpl.getPhysicalConnection(LogicalConnectionManagedImpl.java:138) ~[?:?]
	at org.hibernate.resource.jdbc.internal.LogicalConnectionManagedImpl.getConnectionForTransactionManagement(LogicalConnectionManagedImpl.java:276) ~[?:?]
	at org.hibernate.resource.jdbc.internal.LogicalConnectionManagedImpl.begin(LogicalConnectionManagedImpl.java:284) ~[?:?]
	at org.hibernate.resource.transaction.backend.jdbc.internal.JdbcResourceLocalTransactionCoordinatorImpl$TransactionDriverControlImpl.begin(JdbcResourceLocalTransactionCoordinatorImpl.java:246) ~[?:?]
	at org.hibernate.engine.transaction.internal.TransactionImpl.begin(TransactionImpl.java:83) ~[?:?]
	at net.corda.processors.db.internal.reconcile.db.DbReconcilerReader$getAllVersionedRecords$streamOfStreams$1.invoke(DbReconcilerReader.kt:79) ~[?:?]
	at net.corda.processors.db.internal.reconcile.db.DbReconcilerReader$getAllVersionedRecords$streamOfStreams$1.invoke(DbReconcilerReader.kt:76) ~[?:?]
	at net.corda.processors.db.internal.reconcile.db.DbReconcilerReader.getAllVersionedRecords$lambda$0(DbReconcilerReader.kt:76) ~[?:?]
	at java.util.stream.ReferencePipeline$3$1.accept(ReferencePipeline.java:197) ~[?:?]
	at java.util.stream.ReferencePipeline$3$1.accept(ReferencePipeline.java:197) ~[?:?]
	at java.util.ArrayList$ArrayListSpliterator.forEachRemaining(ArrayList.java:1625) ~[?:?]
	at java.util.stream.AbstractPipeline.copyInto(AbstractPipeline.java:509) ~[?:?]
	at java.util.stream.AbstractPipeline.wrapAndCopyInto(AbstractPipeline.java:499) ~[?:?]
	at java.util.stream.ForEachOps$ForEachOp.evaluateSequential(ForEachOps.java:150) ~[?:?]
	at java.util.stream.ForEachOps$ForEachOp$OfRef.evaluateSequential(ForEachOps.java:173) ~[?:?]
	at java.util.stream.AbstractPipeline.evaluate(AbstractPipeline.java:234) ~[?:?]
	at java.util.stream.ReferencePipeline.forEach(ReferencePipeline.java:596) ~[?:?]
	at net.corda.reconciliation.impl.ReconcilerEventHandler.reconcile$reconciliation_impl(ReconcilerEventHandler.kt:160) ~[?:?]
	at net.corda.reconciliation.impl.ReconcilerEventHandler.reconcileAndScheduleNext(ReconcilerEventHandler.kt:84) ~[?:?]
	at net.corda.reconciliation.impl.ReconcilerEventHandler.processEvent(ReconcilerEventHandler.kt:48) ~[?:?]
	at net.corda.lifecycle.impl.LifecycleProcessor.runUserEventHandler(LifecycleProcessor.kt:241) ~[?:?]
	at net.corda.lifecycle.impl.LifecycleProcessor.processEvent(LifecycleProcessor.kt:93) ~[?:?]
	at net.corda.lifecycle.impl.LifecycleProcessor.processEvents(LifecycleProcessor.kt:64) ~[?:?]
	at net.corda.lifecycle.impl.LifecycleCoordinatorImpl.processEvents(LifecycleCoordinatorImpl.kt:98) ~[?:?]
	at java.util.concurrent.ThreadPoolExecutor.runWorker(ThreadPoolExecutor.java:1136) [?:?]
	at java.util.concurrent.ThreadPoolExecutor$Worker.run(ThreadPoolExecutor.java:635) [?:?]
	at java.lang.Thread.run(Thread.java:840) [?:?]
Caused by: org.postgresql.util.PSQLException: FATAL: remaining connection slots are reserved for non-replication superuser connections
	at org.postgresql.core.v3.QueryExecutorImpl.receiveErrorResponse(QueryExecutorImpl.java:2725) ~[?:?]
	at org.postgresql.core.v3.QueryExecutorImpl.readStartupMessages(QueryExecutorImpl.java:2837) ~[?:?]
	at org.postgresql.core.v3.QueryExecutorImpl.<init>(QueryExecutorImpl.java:175) ~[?:?]
	at org.postgresql.core.v3.ConnectionFactoryImpl.openConnectionImpl(ConnectionFactoryImpl.java:317) ~[?:?]
	at org.postgresql.core.ConnectionFactory.openConnection(ConnectionFactory.java:54) ~[?:?]
	at org.postgresql.jdbc.PgConnection.<init>(PgConnection.java:273) ~[?:?]
	at org.postgresql.Driver.makeConnection(Driver.java:446) ~[?:?]
	at org.postgresql.Driver.connect(Driver.java:298) ~[?:?]
	at java.sql.DriverManager.getConnection(DriverManager.java:681) ~[java.sql:?]
	at java.sql.DriverManager.getConnection(DriverManager.java:229) ~[java.sql:?]
	at org.postgresql.ds.common.BaseDataSource.getConnection(BaseDataSource.java:104) ~[?:?]
	at org.postgresql.ds.common.BaseDataSource.getConnection(BaseDataSource.java:88) ~[?:?]
	at net.corda.db.core.DataSourceFactoryImpl$DataSourceWrapper.getConnection(DataSourceFactoryImpl.kt:71) ~[?:?]
	at org.hibernate.engine.jdbc.connections.internal.DatasourceConnectionProviderImpl.getConnection(DatasourceConnectionProviderImpl.java:122) ~[?:?]
	at org.hibernate.internal.NonContextualJdbcConnectionAccess.obtainConnection(NonContextualJdbcConnectionAccess.java:38) ~[?:?]
	at org.hibernate.resource.jdbc.internal.LogicalConnectionManagedImpl.acquireConnectionIfNeeded(LogicalConnectionManagedImpl.java:108) ~[?:?]
	... 27 more
2026-03-26 23:56:29.726 [lifecycle-coordinator-4721] WARN  org.hibernate.engine.jdbc.spi.SqlExceptionHelper {} - SQL Error: 0, SQLState: 53300
2026-03-26 23:56:29.726 [lifecycle-coordinator-4721] ERROR org.hibernate.engine.jdbc.spi.SqlExceptionHelper {} - FATAL: remaining connection slots are reserved for non-replication superuser connections
2026-03-26 23:56:29.727 [lifecycle-coordinator-4721] WARN  net.corda.processors.db.internal.reconcile.db.DbReconcilerReader<net.corda.virtualnode.HoldingIdentity, net.corda.membership.lib.InternalGroupParameters> {} - Error while retrieving DB records for reconciliation for vNode 524FEE159D0F context
org.hibernate.exception.GenericJDBCException: Unable to acquire JDBC Connection
	at org.hibernate.exception.internal.StandardSQLExceptionConverter.convert(StandardSQLExceptionConverter.java:42) ~[?:?]
	at org.hibernate.engine.jdbc.spi.SqlExceptionHelper.convert(SqlExceptionHelper.java:113) ~[?:?]
	at org.hibernate.engine.jdbc.spi.SqlExceptionHelper.convert(SqlExceptionHelper.java:99) ~[?:?]
	at org.hibernate.resource.jdbc.internal.LogicalConnectionManagedImpl.acquireConnectionIfNeeded(LogicalConnectionManagedImpl.java:111) ~[?:?]
	at org.hibernate.resource.jdbc.internal.LogicalConnectionManagedImpl.getPhysicalConnection(LogicalConnectionManagedImpl.java:138) ~[?:?]
	at org.hibernate.resource.jdbc.internal.LogicalConnectionManagedImpl.getConnectionForTransactionManagement(LogicalConnectionManagedImpl.java:276) ~[?:?]
	at org.hibernate.resource.jdbc.internal.LogicalConnectionManagedImpl.begin(LogicalConnectionManagedImpl.java:284) ~[?:?]
	at org.hibernate.resource.transaction.backend.jdbc.internal.JdbcResourceLocalTransactionCoordinatorImpl$TransactionDriverControlImpl.begin(JdbcResourceLocalTransactionCoordinatorImpl.java:246) ~[?:?]
	at org.hibernate.engine.transaction.internal.TransactionImpl.begin(TransactionImpl.java:83) ~[?:?]
	at net.corda.processors.db.internal.reconcile.db.DbReconcilerReader$getAllVersionedRecords$streamOfStreams$1.invoke(DbReconcilerReader.kt:79) ~[?:?]
	at net.corda.processors.db.internal.reconcile.db.DbReconcilerReader$getAllVersionedRecords$streamOfStreams$1.invoke(DbReconcilerReader.kt:76) ~[?:?]
	at net.corda.processors.db.internal.reconcile.db.DbReconcilerReader.getAllVersionedRecords$lambda$0(DbReconcilerReader.kt:76) ~[?:?]
	at java.util.stream.ReferencePipeline$3$1.accept(ReferencePipeline.java:197) ~[?:?]
	at java.util.stream.ReferencePipeline$3$1.accept(ReferencePipeline.java:197) ~[?:?]
	at java.util.ArrayList$ArrayListSpliterator.forEachRemaining(ArrayList.java:1625) ~[?:?]
	at java.util.stream.AbstractPipeline.copyInto(AbstractPipeline.java:509) ~[?:?]
	at java.util.stream.AbstractPipeline.wrapAndCopyInto(AbstractPipeline.java:499) ~[?:?]
	at java.util.stream.ForEachOps$ForEachOp.evaluateSequential(ForEachOps.java:150) ~[?:?]
	at java.util.stream.ForEachOps$ForEachOp$OfRef.evaluateSequential(ForEachOps.java:173) ~[?:?]
	at java.util.stream.AbstractPipeline.evaluate(AbstractPipeline.java:234) ~[?:?]
	at java.util.stream.ReferencePipeline.forEach(ReferencePipeline.java:596) ~[?:?]
	at net.corda.reconciliation.impl.ReconcilerEventHandler.reconcile$reconciliation_impl(ReconcilerEventHandler.kt:160) ~[?:?]
	at net.corda.reconciliation.impl.ReconcilerEventHandler.reconcileAndScheduleNext(ReconcilerEventHandler.kt:84) ~[?:?]
	at net.corda.reconciliation.impl.ReconcilerEventHandler.processEvent(ReconcilerEventHandler.kt:48) ~[?:?]
	at net.corda.lifecycle.impl.LifecycleProcessor.runUserEventHandler(LifecycleProcessor.kt:241) ~[?:?]
	at net.corda.lifecycle.impl.LifecycleProcessor.processEvent(LifecycleProcessor.kt:93) ~[?:?]
	at net.corda.lifecycle.impl.LifecycleProcessor.processEvents(LifecycleProcessor.kt:64) ~[?:?]
	at net.corda.lifecycle.impl.LifecycleCoordinatorImpl.processEvents(LifecycleCoordinatorImpl.kt:98) ~[?:?]
	at java.util.concurrent.ThreadPoolExecutor.runWorker(ThreadPoolExecutor.java:1136) [?:?]
	at java.util.concurrent.ThreadPoolExecutor$Worker.run(ThreadPoolExecutor.java:635) [?:?]
	at java.lang.Thread.run(Thread.java:840) [?:?]
Caused by: org.postgresql.util.PSQLException: FATAL: remaining connection slots are reserved for non-replication superuser connections
	at org.postgresql.core.v3.QueryExecutorImpl.receiveErrorResponse(QueryExecutorImpl.java:2725) ~[?:?]
	at org.postgresql.core.v3.QueryExecutorImpl.readStartupMessages(QueryExecutorImpl.java:2837) ~[?:?]
	at org.postgresql.core.v3.QueryExecutorImpl.<init>(QueryExecutorImpl.java:175) ~[?:?]
	at org.postgresql.core.v3.ConnectionFactoryImpl.openConnectionImpl(ConnectionFactoryImpl.java:317) ~[?:?]
	at org.postgresql.core.ConnectionFactory.openConnection(ConnectionFactory.java:54) ~[?:?]
	at org.postgresql.jdbc.PgConnection.<init>(PgConnection.java:273) ~[?:?]
	at org.postgresql.Driver.makeConnection(Driver.java:446) ~[?:?]
	at org.postgresql.Driver.connect(Driver.java:298) ~[?:?]
	at java.sql.DriverManager.getConnection(DriverManager.java:681) ~[java.sql:?]
	at java.sql.DriverManager.getConnection(DriverManager.java:229) ~[java.sql:?]
	at org.postgresql.ds.common.BaseDataSource.getConnection(BaseDataSource.java:104) ~[?:?]
	at org.postgresql.ds.common.BaseDataSource.getConnection(BaseDataSource.java:88) ~[?:?]
	at net.corda.db.core.DataSourceFactoryImpl$DataSourceWrapper.getConnection(DataSourceFactoryImpl.kt:71) ~[?:?]
	at org.hibernate.engine.jdbc.connections.internal.DatasourceConnectionProviderImpl.getConnection(DatasourceConnectionProviderImpl.java:122) ~[?:?]
	at org.hibernate.internal.NonContextualJdbcConnectionAccess.obtainConnection(NonContextualJdbcConnectionAccess.java:38) ~[?:?]
	at org.hibernate.resource.jdbc.internal.LogicalConnectionManagedImpl.acquireConnectionIfNeeded(LogicalConnectionManagedImpl.java:108) ~[?:?]
	... 27 more
2026-03-26 23:56:29.736 [lifecycle-coordinator-4721] WARN  org.hibernate.engine.jdbc.spi.SqlExceptionHelper {} - SQL Error: 0, SQLState: 53300
2026-03-26 23:56:29.736 [lifecycle-coordinator-4721] ERROR org.hibernate.engine.jdbc.spi.SqlExceptionHelper {} - FATAL: remaining connection slots are reserved for non-replication superuser connections
2026-03-26 23:56:29.736 [lifecycle-coordinator-4721] WARN  net.corda.processors.db.internal.reconcile.db.DbReconcilerReader<net.corda.virtualnode.HoldingIdentity, net.corda.membership.lib.InternalGroupParameters> {} - Error while retrieving DB records for reconciliation for vNode 4B8CEF212833 context
org.hibernate.exception.GenericJDBCException: Unable to acquire JDBC Connection
	at org.hibernate.exception.internal.StandardSQLExceptionConverter.convert(StandardSQLExceptionConverter.java:42) ~[?:?]
	at org.hibernate.engine.jdbc.spi.SqlExceptionHelper.convert(SqlExceptionHelper.java:113) ~[?:?]
	at org.hibernate.engine.jdbc.spi.SqlExceptionHelper.convert(SqlExceptionHelper.java:99) ~[?:?]
	at org.hibernate.resource.jdbc.internal.LogicalConnectionManagedImpl.acquireConnectionIfNeeded(LogicalConnectionManagedImpl.java:111) ~[?:?]
	at org.hibernate.resource.jdbc.internal.LogicalConnectionManagedImpl.getPhysicalConnection(LogicalConnectionManagedImpl.java:138) ~[?:?]
	at org.hibernate.resource.jdbc.internal.LogicalConnectionManagedImpl.getConnectionForTransactionManagement(LogicalConnectionManagedImpl.java:276) ~[?:?]
	at org.hibernate.resource.jdbc.internal.LogicalConnectionManagedImpl.begin(LogicalConnectionManagedImpl.java:284) ~[?:?]
	at org.hibernate.resource.transaction.backend.jdbc.internal.JdbcResourceLocalTransactionCoordinatorImpl$TransactionDriverControlImpl.begin(JdbcResourceLocalTransactionCoordinatorImpl.java:246) ~[?:?]
	at org.hibernate.engine.transaction.internal.TransactionImpl.begin(TransactionImpl.java:83) ~[?:?]
	at net.corda.processors.db.internal.reconcile.db.DbReconcilerReader$getAllVersionedRecords$streamOfStreams$1.invoke(DbReconcilerReader.kt:79) ~[?:?]
	at net.corda.processors.db.internal.reconcile.db.DbReconcilerReader$getAllVersionedRecords$streamOfStreams$1.invoke(DbReconcilerReader.kt:76) ~[?:?]
	at net.corda.processors.db.internal.reconcile.db.DbReconcilerReader.getAllVersionedRecords$lambda$0(DbReconcilerReader.kt:76) ~[?:?]
	at java.util.stream.ReferencePipeline$3$1.accept(ReferencePipeline.java:197) ~[?:?]
	at java.util.stream.ReferencePipeline$3$1.accept(ReferencePipeline.java:197) ~[?:?]
	at java.util.ArrayList$ArrayListSpliterator.forEachRemaining(ArrayList.java:1625) ~[?:?]
	at java.util.stream.AbstractPipeline.copyInto(AbstractPipeline.java:509) ~[?:?]
	at java.util.stream.AbstractPipeline.wrapAndCopyInto(AbstractPipeline.java:499) ~[?:?]
	at java.util.stream.ForEachOps$ForEachOp.evaluateSequential(ForEachOps.java:150) ~[?:?]
	at java.util.stream.ForEachOps$ForEachOp$OfRef.evaluateSequential(ForEachOps.java:173) ~[?:?]
	at java.util.stream.AbstractPipeline.evaluate(AbstractPipeline.java:234) ~[?:?]
	at java.util.stream.ReferencePipeline.forEach(ReferencePipeline.java:596) ~[?:?]
	at net.corda.reconciliation.impl.ReconcilerEventHandler.reconcile$reconciliation_impl(ReconcilerEventHandler.kt:160) ~[?:?]
	at net.corda.reconciliation.impl.ReconcilerEventHandler.reconcileAndScheduleNext(ReconcilerEventHandler.kt:84) ~[?:?]
	at net.corda.reconciliation.impl.ReconcilerEventHandler.processEvent(ReconcilerEventHandler.kt:48) ~[?:?]
	at net.corda.lifecycle.impl.LifecycleProcessor.runUserEventHandler(LifecycleProcessor.kt:241) ~[?:?]
	at net.corda.lifecycle.impl.LifecycleProcessor.processEvent(LifecycleProcessor.kt:93) ~[?:?]
	at net.corda.lifecycle.impl.LifecycleProcessor.processEvents(LifecycleProcessor.kt:64) ~[?:?]
	at net.corda.lifecycle.impl.LifecycleCoordinatorImpl.processEvents(LifecycleCoordinatorImpl.kt:98) ~[?:?]
	at java.util.concurrent.ThreadPoolExecutor.runWorker(ThreadPoolExecutor.java:1136) [?:?]
	at java.util.concurrent.ThreadPoolExecutor$Worker.run(ThreadPoolExecutor.java:635) [?:?]
	at java.lang.Thread.run(Thread.java:840) [?:?]
Caused by: org.postgresql.util.PSQLException: FATAL: remaining connection slots are reserved for non-replication superuser connections
	at org.postgresql.core.v3.QueryExecutorImpl.receiveErrorResponse(QueryExecutorImpl.java:2725) ~[?:?]
	at org.postgresql.core.v3.QueryExecutorImpl.readStartupMessages(QueryExecutorImpl.java:2837) ~[?:?]
	at org.postgresql.core.v3.QueryExecutorImpl.<init>(QueryExecutorImpl.java:175) ~[?:?]
	at org.postgresql.core.v3.ConnectionFactoryImpl.openConnectionImpl(ConnectionFactoryImpl.java:317) ~[?:?]
	at org.postgresql.core.ConnectionFactory.openConnection(ConnectionFactory.java:54) ~[?:?]
	at org.postgresql.jdbc.PgConnection.<init>(PgConnection.java:273) ~[?:?]
	at org.postgresql.Driver.makeConnection(Driver.java:446) ~[?:?]
	at org.postgresql.Driver.connect(Driver.java:298) ~[?:?]
	at java.sql.DriverManager.getConnection(DriverManager.java:681) ~[java.sql:?]
	at java.sql.DriverManager.getConnection(DriverManager.java:229) ~[java.sql:?]
	at org.postgresql.ds.common.BaseDataSource.getConnection(BaseDataSource.java:104) ~[?:?]
	at org.postgresql.ds.common.BaseDataSource.getConnection(BaseDataSource.java:88) ~[?:?]
	at net.corda.db.core.DataSourceFactoryImpl$DataSourceWrapper.getConnection(DataSourceFactoryImpl.kt:71) ~[?:?]
	at org.hibernate.engine.jdbc.connections.internal.DatasourceConnectionProviderImpl.getConnection(DatasourceConnectionProviderImpl.java:122) ~[?:?]
	at org.hibernate.internal.NonContextualJdbcConnectionAccess.obtainConnection(NonContextualJdbcConnectionAccess.java:38) ~[?:?]
	at org.hibernate.resource.jdbc.internal.LogicalConnectionManagedImpl.acquireConnectionIfNeeded(LogicalConnectionManagedImpl.java:108) ~[?:?]
	... 27 more
2026-03-26 23:56:29.745 [lifecycle-coordinator-4721] WARN  org.hibernate.engine.jdbc.spi.SqlExceptionHelper {} - SQL Error: 0, SQLState: 53300
2026-03-26 23:56:29.745 [lifecycle-coordinator-4721] ERROR org.hibernate.engine.jdbc.spi.SqlExceptionHelper {} - FATAL: remaining connection slots are reserved for non-replication superuser connections
2026-03-26 23:56:29.745 [lifecycle-coordinator-4721] WARN  net.corda.processors.db.internal.reconcile.db.DbReconcilerReader<net.corda.virtualnode.HoldingIdentity, net.corda.membership.lib.InternalGroupParameters> {} - Error while retrieving DB records for reconciliation for vNode 7BB3E95CF268 context
org.hibernate.exception.GenericJDBCException: Unable to acquire JDBC Connection
	at org.hibernate.exception.internal.StandardSQLExceptionConverter.convert(StandardSQLExceptionConverter.java:42) ~[?:?]
	at org.hibernate.engine.jdbc.spi.SqlExceptionHelper.convert(SqlExceptionHelper.java:113) ~[?:?]
	at org.hibernate.engine.jdbc.spi.SqlExceptionHelper.convert(SqlExceptionHelper.java:99) ~[?:?]
	at org.hibernate.resource.jdbc.internal.LogicalConnectionManagedImpl.acquireConnectionIfNeeded(LogicalConnectionManagedImpl.java:111) ~[?:?]
	at org.hibernate.resource.jdbc.internal.LogicalConnectionManagedImpl.getPhysicalConnection(LogicalConnectionManagedImpl.java:138) ~[?:?]
	at org.hibernate.resource.jdbc.internal.LogicalConnectionManagedImpl.getConnectionForTransactionManagement(LogicalConnectionManagedImpl.java:276) ~[?:?]
	at org.hibernate.resource.jdbc.internal.LogicalConnectionManagedImpl.begin(LogicalConnectionManagedImpl.java:284) ~[?:?]
	at org.hibernate.resource.transaction.backend.jdbc.internal.JdbcResourceLocalTransactionCoordinatorImpl$TransactionDriverControlImpl.begin(JdbcResourceLocalTransactionCoordinatorImpl.java:246) ~[?:?]
	at org.hibernate.engine.transaction.internal.TransactionImpl.begin(TransactionImpl.java:83) ~[?:?]
	at net.corda.processors.db.internal.reconcile.db.DbReconcilerReader$getAllVersionedRecords$streamOfStreams$1.invoke(DbReconcilerReader.kt:79) ~[?:?]
	at net.corda.processors.db.internal.reconcile.db.DbReconcilerReader$getAllVersionedRecords$streamOfStreams$1.invoke(DbReconcilerReader.kt:76) ~[?:?]
	at net.corda.processors.db.internal.reconcile.db.DbReconcilerReader.getAllVersionedRecords$lambda$0(DbReconcilerReader.kt:76) ~[?:?]
	at java.util.stream.ReferencePipeline$3$1.accept(ReferencePipeline.java:197) ~[?:?]
	at java.util.stream.ReferencePipeline$3$1.accept(ReferencePipeline.java:197) ~[?:?]
	at java.util.ArrayList$ArrayListSpliterator.forEachRemaining(ArrayList.java:1625) ~[?:?]
	at java.util.stream.AbstractPipeline.copyInto(AbstractPipeline.java:509) ~[?:?]
	at java.util.stream.AbstractPipeline.wrapAndCopyInto(AbstractPipeline.java:499) ~[?:?]
	at java.util.stream.ForEachOps$ForEachOp.evaluateSequential(ForEachOps.java:150) ~[?:?]
	at java.util.stream.ForEachOps$ForEachOp$OfRef.evaluateSequential(ForEachOps.java:173) ~[?:?]
	at java.util.stream.AbstractPipeline.evaluate(AbstractPipeline.java:234) ~[?:?]
	at java.util.stream.ReferencePipeline.forEach(ReferencePipeline.java:596) ~[?:?]
	at net.corda.reconciliation.impl.ReconcilerEventHandler.reconcile$reconciliation_impl(ReconcilerEventHandler.kt:160) ~[?:?]
	at net.corda.reconciliation.impl.ReconcilerEventHandler.reconcileAndScheduleNext(ReconcilerEventHandler.kt:84) ~[?:?]
	at net.corda.reconciliation.impl.ReconcilerEventHandler.processEvent(ReconcilerEventHandler.kt:48) ~[?:?]
	at net.corda.lifecycle.impl.LifecycleProcessor.runUserEventHandler(LifecycleProcessor.kt:241) ~[?:?]
	at net.corda.lifecycle.impl.LifecycleProcessor.processEvent(LifecycleProcessor.kt:93) ~[?:?]
	at net.corda.lifecycle.impl.LifecycleProcessor.processEvents(LifecycleProcessor.kt:64) ~[?:?]
	at net.corda.lifecycle.impl.LifecycleCoordinatorImpl.processEvents(LifecycleCoordinatorImpl.kt:98) ~[?:?]
	at java.util.concurrent.ThreadPoolExecutor.runWorker(ThreadPoolExecutor.java:1136) [?:?]
	at java.util.concurrent.ThreadPoolExecutor$Worker.run(ThreadPoolExecutor.java:635) [?:?]
	at java.lang.Thread.run(Thread.java:840) [?:?]
Caused by: org.postgresql.util.PSQLException: FATAL: remaining connection slots are reserved for non-replication superuser connections
	at org.postgresql.core.v3.QueryExecutorImpl.receiveErrorResponse(QueryExecutorImpl.java:2725) ~[?:?]
	at org.postgresql.core.v3.QueryExecutorImpl.readStartupMessages(QueryExecutorImpl.java:2837) ~[?:?]
	at org.postgresql.core.v3.QueryExecutorImpl.<init>(QueryExecutorImpl.java:175) ~[?:?]
	at org.postgresql.core.v3.ConnectionFactoryImpl.openConnectionImpl(ConnectionFactoryImpl.java:317) ~[?:?]
	at org.postgresql.core.ConnectionFactory.openConnection(ConnectionFactory.java:54) ~[?:?]
	at org.postgresql.jdbc.PgConnection.<init>(PgConnection.java:273) ~[?:?]
	at org.postgresql.Driver.makeConnection(Driver.java:446) ~[?:?]
	at org.postgresql.Driver.connect(Driver.java:298) ~[?:?]
	at java.sql.DriverManager.getConnection(DriverManager.java:681) ~[java.sql:?]
	at java.sql.DriverManager.getConnection(DriverManager.java:229) ~[java.sql:?]
	at org.postgresql.ds.common.BaseDataSource.getConnection(BaseDataSource.java:104) ~[?:?]
	at org.postgresql.ds.common.BaseDataSource.getConnection(BaseDataSource.java:88) ~[?:?]
	at net.corda.db.core.DataSourceFactoryImpl$DataSourceWrapper.getConnection(DataSourceFactoryImpl.kt:71) ~[?:?]
	at org.hibernate.engine.jdbc.connections.internal.DatasourceConnectionProviderImpl.getConnection(DatasourceConnectionProviderImpl.java:122) ~[?:?]
	at org.hibernate.internal.NonContextualJdbcConnectionAccess.obtainConnection(NonContextualJdbcConnectionAccess.java:38) ~[?:?]
	at org.hibernate.resource.jdbc.internal.LogicalConnectionManagedImpl.acquireConnectionIfNeeded(LogicalConnectionManagedImpl.java:108) ~[?:?]
	... 27 more
2026-03-26 23:56:29.757 [lifecycle-coordinator-4721] WARN  org.hibernate.engine.jdbc.spi.SqlExceptionHelper {} - SQL Error: 0, SQLState: 53300
2026-03-26 23:56:29.757 [lifecycle-coordinator-4721] ERROR org.hibernate.engine.jdbc.spi.SqlExceptionHelper {} - FATAL: remaining connection slots are reserved for non-replication superuser connections
2026-03-26 23:56:29.757 [lifecycle-coordinator-4721] WARN  net.corda.processors.db.internal.reconcile.db.DbReconcilerReader<net.corda.virtualnode.HoldingIdentity, net.corda.membership.lib.InternalGroupParameters> {} - Error while retrieving DB records for reconciliation for vNode E3193F94C243 context
org.hibernate.exception.GenericJDBCException: Unable to acquire JDBC Connection
	at org.hibernate.exception.internal.StandardSQLExceptionConverter.convert(StandardSQLExceptionConverter.java:42) ~[?:?]
	at org.hibernate.engine.jdbc.spi.SqlExceptionHelper.convert(SqlExceptionHelper.java:113) ~[?:?]
	at org.hibernate.engine.jdbc.spi.SqlExceptionHelper.convert(SqlExceptionHelper.java:99) ~[?:?]
	at org.hibernate.resource.jdbc.internal.LogicalConnectionManagedImpl.acquireConnectionIfNeeded(LogicalConnectionManagedImpl.java:111) ~[?:?]
	at org.hibernate.resource.jdbc.internal.LogicalConnectionManagedImpl.getPhysicalConnection(LogicalConnectionManagedImpl.java:138) ~[?:?]
	at org.hibernate.resource.jdbc.internal.LogicalConnectionManagedImpl.getConnectionForTransactionManagement(LogicalConnectionManagedImpl.java:276) ~[?:?]
	at org.hibernate.resource.jdbc.internal.LogicalConnectionManagedImpl.begin(LogicalConnectionManagedImpl.java:284) ~[?:?]
	at org.hibernate.resource.transaction.backend.jdbc.internal.JdbcResourceLocalTransactionCoordinatorImpl$TransactionDriverControlImpl.begin(JdbcResourceLocalTransactionCoordinatorImpl.java:246) ~[?:?]
	at org.hibernate.engine.transaction.internal.TransactionImpl.begin(TransactionImpl.java:83) ~[?:?]
	at net.corda.processors.db.internal.reconcile.db.DbReconcilerReader$getAllVersionedRecords$streamOfStreams$1.invoke(DbReconcilerReader.kt:79) ~[?:?]
	at net.corda.processors.db.internal.reconcile.db.DbReconcilerReader$getAllVersionedRecords$streamOfStreams$1.invoke(DbReconcilerReader.kt:76) ~[?:?]
	at net.corda.processors.db.internal.reconcile.db.DbReconcilerReader.getAllVersionedRecords$lambda$0(DbReconcilerReader.kt:76) ~[?:?]
	at java.util.stream.ReferencePipeline$3$1.accept(ReferencePipeline.java:197) ~[?:?]
	at java.util.stream.ReferencePipeline$3$1.accept(ReferencePipeline.java:197) ~[?:?]
	at java.util.ArrayList$ArrayListSpliterator.forEachRemaining(ArrayList.java:1625) ~[?:?]
	at java.util.stream.AbstractPipeline.copyInto(AbstractPipeline.java:509) ~[?:?]
	at java.util.stream.AbstractPipeline.wrapAndCopyInto(AbstractPipeline.java:499) ~[?:?]
	at java.util.stream.ForEachOps$ForEachOp.evaluateSequential(ForEachOps.java:150) ~[?:?]
	at java.util.stream.ForEachOps$ForEachOp$OfRef.evaluateSequential(ForEachOps.java:173) ~[?:?]
	at java.util.stream.AbstractPipeline.evaluate(AbstractPipeline.java:234) ~[?:?]
	at java.util.stream.ReferencePipeline.forEach(ReferencePipeline.java:596) ~[?:?]
	at net.corda.reconciliation.impl.ReconcilerEventHandler.reconcile$reconciliation_impl(ReconcilerEventHandler.kt:160) ~[?:?]
	at net.corda.reconciliation.impl.ReconcilerEventHandler.reconcileAndScheduleNext(ReconcilerEventHandler.kt:84) ~[?:?]
	at net.corda.reconciliation.impl.ReconcilerEventHandler.processEvent(ReconcilerEventHandler.kt:48) ~[?:?]
	at net.corda.lifecycle.impl.LifecycleProcessor.runUserEventHandler(LifecycleProcessor.kt:241) ~[?:?]
	at net.corda.lifecycle.impl.LifecycleProcessor.processEvent(LifecycleProcessor.kt:93) ~[?:?]
	at net.corda.lifecycle.impl.LifecycleProcessor.processEvents(LifecycleProcessor.kt:64) ~[?:?]
	at net.corda.lifecycle.impl.LifecycleCoordinatorImpl.processEvents(LifecycleCoordinatorImpl.kt:98) ~[?:?]
	at java.util.concurrent.ThreadPoolExecutor.runWorker(ThreadPoolExecutor.java:1136) [?:?]
	at java.util.concurrent.ThreadPoolExecutor$Worker.run(ThreadPoolExecutor.java:635) [?:?]
	at java.lang.Thread.run(Thread.java:840) [?:?]
Caused by: org.postgresql.util.PSQLException: FATAL: remaining connection slots are reserved for non-replication superuser connections
	at org.postgresql.core.v3.QueryExecutorImpl.receiveErrorResponse(QueryExecutorImpl.java:2725) ~[?:?]
	at org.postgresql.core.v3.QueryExecutorImpl.readStartupMessages(QueryExecutorImpl.java:2837) ~[?:?]
	at org.postgresql.core.v3.QueryExecutorImpl.<init>(QueryExecutorImpl.java:175) ~[?:?]
	at org.postgresql.core.v3.ConnectionFactoryImpl.openConnectionImpl(ConnectionFactoryImpl.java:317) ~[?:?]
	at org.postgresql.core.ConnectionFactory.openConnection(ConnectionFactory.java:54) ~[?:?]
	at org.postgresql.jdbc.PgConnection.<init>(PgConnection.java:273) ~[?:?]
	at org.postgresql.Driver.makeConnection(Driver.java:446) ~[?:?]
	at org.postgresql.Driver.connect(Driver.java:298) ~[?:?]
	at java.sql.DriverManager.getConnection(DriverManager.java:681) ~[java.sql:?]
	at java.sql.DriverManager.getConnection(DriverManager.java:229) ~[java.sql:?]
	at org.postgresql.ds.common.BaseDataSource.getConnection(BaseDataSource.java:104) ~[?:?]
	at org.postgresql.ds.common.BaseDataSource.getConnection(BaseDataSource.java:88) ~[?:?]
	at net.corda.db.core.DataSourceFactoryImpl$DataSourceWrapper.getConnection(DataSourceFactoryImpl.kt:71) ~[?:?]
	at org.hibernate.engine.jdbc.connections.internal.DatasourceConnectionProviderImpl.getConnection(DatasourceConnectionProviderImpl.java:122) ~[?:?]
	at org.hibernate.internal.NonContextualJdbcConnectionAccess.obtainConnection(NonContextualJdbcConnectionAccess.java:38) ~[?:?]
	at org.hibernate.resource.jdbc.internal.LogicalConnectionManagedImpl.acquireConnectionIfNeeded(LogicalConnectionManagedImpl.java:108) ~[?:?]
	... 27 more
2026-03-26 23:56:44.266 [JettyServerThreadPool-14937] WARN  org.hibernate.engine.jdbc.spi.SqlExceptionHelper {corda.client.id=ledger-repair-524FEE159D0F-1774568251258, corda.external.event.id=e3a2358c-64ba-46b4-936d-350e714f538e-iNzKctuAo9jo5bXguJnU/PqTNmHS3yTV+azsIbZKixo=-1, spanId=045e2ae4942ae168, traceId=69c5c59351b0d06fd3275061f8e428f1, vnode.id=524FEE159D0F} - SQL Error: 0, SQLState: 53300
2026-03-26 23:56:44.266 [JettyServerThreadPool-14937] ERROR org.hibernate.engine.jdbc.spi.SqlExceptionHelper {corda.client.id=ledger-repair-524FEE159D0F-1774568251258, corda.external.event.id=e3a2358c-64ba-46b4-936d-350e714f538e-iNzKctuAo9jo5bXguJnU/PqTNmHS3yTV+azsIbZKixo=-1, spanId=045e2ae4942ae168, traceId=69c5c59351b0d06fd3275061f8e428f1, vnode.id=524FEE159D0F} - HikariPool-21 - Connection is not available, request timed out after 30000ms (total=0, active=0, idle=0, waiting=0)
2026-03-26 23:56:44.266 [JettyServerThreadPool-14937] ERROR org.hibernate.engine.jdbc.spi.SqlExceptionHelper {corda.client.id=ledger-repair-524FEE159D0F-1774568251258, corda.external.event.id=e3a2358c-64ba-46b4-936d-350e714f538e-iNzKctuAo9jo5bXguJnU/PqTNmHS3yTV+azsIbZKixo=-1, spanId=045e2ae4942ae168, traceId=69c5c59351b0d06fd3275061f8e428f1, vnode.id=524FEE159D0F} - FATAL: remaining connection slots are reserved for non-replication superuser connections
2026-03-26 23:56:44.274 [JettyServerThreadPool-983] WARN  org.hibernate.engine.jdbc.spi.SqlExceptionHelper {corda.client.id=ledger-repair-E3193F94C243-1774568251258, corda.external.event.id=f1681403-3de5-414e-85b1-eea1734e7b89-iNzKctuAo9jo5bXguJnU/PqTNmHS3yTV+azsIbZKixo=-1, spanId=3ee0fe1d518f3652, traceId=69c5c5939b0f70e386dcd2b9d51083ac, vnode.id=E3193F94C243} - SQL Error: 0, SQLState: 53300
2026-03-26 23:56:44.274 [JettyServerThreadPool-983] ERROR org.hibernate.engine.jdbc.spi.SqlExceptionHelper {corda.client.id=ledger-repair-E3193F94C243-1774568251258, corda.external.event.id=f1681403-3de5-414e-85b1-eea1734e7b89-iNzKctuAo9jo5bXguJnU/PqTNmHS3yTV+azsIbZKixo=-1, spanId=3ee0fe1d518f3652, traceId=69c5c5939b0f70e386dcd2b9d51083ac, vnode.id=E3193F94C243} - HikariPool-22 - Connection is not available, request timed out after 30000ms (total=0, active=0, idle=0, waiting=0)
2026-03-26 23:56:44.274 [JettyServerThreadPool-983] ERROR org.hibernate.engine.jdbc.spi.SqlExceptionHelper {corda.client.id=ledger-repair-E3193F94C243-1774568251258, corda.external.event.id=f1681403-3de5-414e-85b1-eea1734e7b89-iNzKctuAo9jo5bXguJnU/PqTNmHS3yTV+azsIbZKixo=-1, spanId=3ee0fe1d518f3652, traceId=69c5c5939b0f70e386dcd2b9d51083ac, vnode.id=E3193F94C243} - FATAL: remaining connection slots are reserved for non-replication superuser connections
2026-03-26 23:56:44.266 [JettyServerThreadPool-14937] ERROR net.corda.ledger.persistence.processor.LedgerPersistenceRequestProcessor {corda.client.id=ledger-repair-524FEE159D0F-1774568251258, corda.external.event.id=e3a2358c-64ba-46b4-936d-350e714f538e-iNzKctuAo9jo5bXguJnU/PqTNmHS3yTV+azsIbZKixo=-1, spanId=045e2ae4942ae168, traceId=69c5c59351b0d06fd3275061f8e428f1, vnode.id=524FEE159D0F} - Unable to acquire JDBC Connection
org.hibernate.exception.JDBCConnectionException: Unable to acquire JDBC Connection
	at org.hibernate.exception.internal.SQLExceptionTypeDelegate.convert(SQLExceptionTypeDelegate.java:48) ~[?:?]
	at org.hibernate.exception.internal.StandardSQLExceptionConverter.convert(StandardSQLExceptionConverter.java:37) ~[?:?]
	at org.hibernate.engine.jdbc.spi.SqlExceptionHelper.convert(SqlExceptionHelper.java:113) ~[?:?]
	at org.hibernate.engine.jdbc.spi.SqlExceptionHelper.convert(SqlExceptionHelper.java:99) ~[?:?]
	at org.hibernate.resource.jdbc.internal.LogicalConnectionManagedImpl.acquireConnectionIfNeeded(LogicalConnectionManagedImpl.java:111) ~[?:?]
	at org.hibernate.resource.jdbc.internal.LogicalConnectionManagedImpl.getPhysicalConnection(LogicalConnectionManagedImpl.java:138) ~[?:?]
	at org.hibernate.resource.jdbc.internal.LogicalConnectionManagedImpl.getConnectionForTransactionManagement(LogicalConnectionManagedImpl.java:276) ~[?:?]
	at org.hibernate.resource.jdbc.internal.LogicalConnectionManagedImpl.begin(LogicalConnectionManagedImpl.java:284) ~[?:?]
	at org.hibernate.resource.transaction.backend.jdbc.internal.JdbcResourceLocalTransactionCoordinatorImpl$TransactionDriverControlImpl.begin(JdbcResourceLocalTransactionCoordinatorImpl.java:246) ~[?:?]
	at org.hibernate.engine.transaction.internal.TransactionImpl.begin(TransactionImpl.java:83) ~[?:?]
	at net.corda.ledger.persistence.utxo.impl.UtxoPersistenceServiceImpl.findTransactionsWithStatusCreatedBetweenTime(UtxoPersistenceServiceImpl.kt:1362) ~[?:?]
	at net.corda.ledger.persistence.utxo.impl.request.handlers.UtxoFindTransactionsWithStatusCreatedBetweenTimeRequestHandler.execute(UtxoFindTransactionsWithStatusCreatedBetweenTimeRequestHandler.kt:24) ~[?:?]
	at net.corda.ledger.persistence.processor.LedgerPersistenceRequestProcessor$process$result$1.invoke(LedgerPersistenceRequestProcessor.kt:70) ~[?:?]
	at net.corda.ledger.persistence.processor.LedgerPersistenceRequestProcessor$process$result$1.invoke(LedgerPersistenceRequestProcessor.kt:52) ~[?:?]
	at net.corda.utilities.LogUtilsKt.withMDC(LogUtils.kt:73) ~[?:?]
	at net.corda.ledger.persistence.processor.LedgerPersistenceRequestProcessor.process(LedgerPersistenceRequestProcessor.kt:52) ~[?:?]
	at net.corda.ledger.persistence.processor.LedgerPersistenceRequestProcessor.process(LedgerPersistenceRequestProcessor.kt:29) ~[?:?]
	at net.corda.messaging.subscription.SyncRPCSubscriptionImpl.registerEndpoint$lambda$1(SyncRPCSubscriptionImpl.kt:92) ~[?:?]
	at net.corda.web.server.JavalinServer.registerEndpointInternal$lambda$15(JavalinServer.kt:150) ~[?:?]
	at io.javalin.core.security.SecurityUtil.noopAccessManager(SecurityUtil.kt:20) ~[?:?]
	at io.javalin.http.JavalinServlet.addHandler$lambda-0(JavalinServlet.kt:96) ~[?:?]
	at io.javalin.http.JavalinServlet$lifecycle$2$1$1.invoke(JavalinServlet.kt:43) ~[?:?]
	at io.javalin.http.JavalinServlet$lifecycle$2$1$1.invoke(JavalinServlet.kt:43) ~[?:?]
	at io.javalin.http.JavalinServletHandler.executeNextTask(JavalinServletHandler.kt:99) ~[?:?]
	at io.javalin.http.JavalinServletHandler.queueNextTaskOrFinish$lambda-1(JavalinServletHandler.kt:85) ~[?:?]
	at java.util.concurrent.CompletableFuture.uniComposeStage(CompletableFuture.java:1187) ~[?:?]
	at java.util.concurrent.CompletableFuture.thenCompose(CompletableFuture.java:2309) ~[?:?]
	at io.javalin.http.JavalinServletHandler.queueNextTaskOrFinish$javalin(JavalinServletHandler.kt:85) ~[?:?]
	at io.javalin.http.JavalinServlet.service(JavalinServlet.kt:89) ~[?:?]
	at javax.servlet.http.HttpServlet.service(HttpServlet.java:790) ~[javax.servlet-api-3.1.0.jar:3.1.0]
	at io.javalin.jetty.JavalinJettyServlet.service(JavalinJettyServlet.kt:58) ~[?:?]
	at javax.servlet.http.HttpServlet.service(HttpServlet.java:790) ~[javax.servlet-api-3.1.0.jar:3.1.0]
	at org.eclipse.jetty.servlet.ServletHolder.handle(ServletHolder.java:799) ~[?:?]
	at org.eclipse.jetty.servlet.ServletHandler$ChainEnd.doFilter(ServletHandler.java:1656) ~[?:?]
	at brave.servlet.TracingFilter.doFilter(TracingFilter.java:89) ~[?:?]
	at org.eclipse.jetty.servlet.FilterHolder.doFilter(FilterHolder.java:193) ~[?:?]
	at org.eclipse.jetty.servlet.ServletHandler$Chain.doFilter(ServletHandler.java:1626) ~[?:?]
	at org.eclipse.jetty.servlet.ServletHandler.doHandle(ServletHandler.java:552) ~[?:?]
	at org.eclipse.jetty.server.handler.ScopedHandler.nextHandle(ScopedHandler.java:233) ~[jetty-server-9.4.54.v20240208.jar:9.4.54.v20240208]
	at org.eclipse.jetty.server.session.SessionHandler.doHandle(SessionHandler.java:1624) ~[jetty-server-9.4.54.v20240208.jar:9.4.54.v20240208]
	at org.eclipse.jetty.server.handler.ScopedHandler.nextHandle(ScopedHandler.java:233) ~[jetty-server-9.4.54.v20240208.jar:9.4.54.v20240208]
	at io.javalin.jetty.JettyServer$start$wsAndHttpHandler$1.doHandle(JettyServer.kt:52) ~[?:?]
	at org.eclipse.jetty.server.handler.ScopedHandler.nextScope(ScopedHandler.java:188) ~[jetty-server-9.4.54.v20240208.jar:9.4.54.v20240208]
	at org.eclipse.jetty.servlet.ServletHandler.doScope(ServletHandler.java:505) ~[?:?]
	at org.eclipse.jetty.server.session.SessionHandler.doScope(SessionHandler.java:1594) ~[jetty-server-9.4.54.v20240208.jar:9.4.54.v20240208]
	at org.eclipse.jetty.server.handler.ScopedHandler.nextScope(ScopedHandler.java:186) ~[jetty-server-9.4.54.v20240208.jar:9.4.54.v20240208]
	at org.eclipse.jetty.server.handler.ContextHandler.doScope(ContextHandler.java:1355) ~[jetty-server-9.4.54.v20240208.jar:9.4.54.v20240208]
	at org.eclipse.jetty.server.handler.ScopedHandler.handle(ScopedHandler.java:141) ~[jetty-server-9.4.54.v20240208.jar:9.4.54.v20240208]
	at org.eclipse.jetty.server.handler.StatisticsHandler.handle(StatisticsHandler.java:181) ~[jetty-server-9.4.54.v20240208.jar:9.4.54.v20240208]
	at org.eclipse.jetty.server.handler.HandlerWrapper.handle(HandlerWrapper.java:127) ~[jetty-server-9.4.54.v20240208.jar:9.4.54.v20240208]
	at org.eclipse.jetty.server.Server.handle(Server.java:516) ~[jetty-server-9.4.54.v20240208.jar:9.4.54.v20240208]
	at org.eclipse.jetty.server.HttpChannel.lambda$handle$1(HttpChannel.java:487) ~[jetty-server-9.4.54.v20240208.jar:9.4.54.v20240208]
	at org.eclipse.jetty.server.HttpChannel.dispatch(HttpChannel.java:732) [jetty-server-9.4.54.v20240208.jar:9.4.54.v20240208]
	at org.eclipse.jetty.server.HttpChannel.handle(HttpChannel.java:479) [jetty-server-9.4.54.v20240208.jar:9.4.54.v20240208]
	at org.eclipse.jetty.server.HttpConnection.onFillable(HttpConnection.java:277) [jetty-server-9.4.54.v20240208.jar:9.4.54.v20240208]
	at org.eclipse.jetty.io.AbstractConnection$ReadCallback.succeeded(AbstractConnection.java:311) [jetty-io-9.4.54.v20240208.jar:9.4.54.v20240208]
	at org.eclipse.jetty.io.FillInterest.fillable(FillInterest.java:105) [jetty-io-9.4.54.v20240208.jar:9.4.54.v20240208]
	at org.eclipse.jetty.io.ChannelEndPoint$1.run(ChannelEndPoint.java:104) [jetty-io-9.4.54.v20240208.jar:9.4.54.v20240208]
	at org.eclipse.jetty.util.thread.strategy.EatWhatYouKill.runTask(EatWhatYouKill.java:338) [jetty-util-9.4.54.v20240208.jar:9.4.54.v20240208]
	at org.eclipse.jetty.util.thread.strategy.EatWhatYouKill.doProduce(EatWhatYouKill.java:315) [jetty-util-9.4.54.v20240208.jar:9.4.54.v20240208]
	at org.eclipse.jetty.util.thread.strategy.EatWhatYouKill.tryProduce(EatWhatYouKill.java:173) [jetty-util-9.4.54.v20240208.jar:9.4.54.v20240208]
	at org.eclipse.jetty.util.thread.strategy.EatWhatYouKill.run(EatWhatYouKill.java:131) [jetty-util-9.4.54.v20240208.jar:9.4.54.v20240208]
	at org.eclipse.jetty.util.thread.ReservedThreadExecutor$ReservedThread.run(ReservedThreadExecutor.java:409) [jetty-util-9.4.54.v20240208.jar:9.4.54.v20240208]
	at org.eclipse.jetty.util.thread.QueuedThreadPool.runJob(QueuedThreadPool.java:883) [jetty-util-9.4.54.v20240208.jar:9.4.54.v20240208]
	at org.eclipse.jetty.util.thread.QueuedThreadPool$Runner.run(QueuedThreadPool.java:1034) [jetty-util-9.4.54.v20240208.jar:9.4.54.v20240208]
	at java.lang.Thread.run(Thread.java:840) [?:?]
Caused by: java.sql.SQLTransientConnectionException: HikariPool-21 - Connection is not available, request timed out after 30000ms (total=0, active=0, idle=0, waiting=0)
	at com.zaxxer.hikari.pool.HikariPool.createTimeoutException(HikariPool.java:686) ~[?:?]
	at com.zaxxer.hikari.pool.HikariPool.getConnection(HikariPool.java:179) ~[?:?]
	at com.zaxxer.hikari.pool.HikariPool.getConnection(HikariPool.java:144) ~[?:?]
	at com.zaxxer.hikari.HikariDataSource.getConnection(HikariDataSource.java:99) ~[?:?]
	at net.corda.db.core.DataSourceFactoryImpl$HikariDataSourceWrapper.getConnection(DataSourceFactoryImpl.kt) ~[?:?]
	at org.hibernate.engine.jdbc.connections.internal.DatasourceConnectionProviderImpl.getConnection(DatasourceConnectionProviderImpl.java:122) ~[?:?]
	at org.hibernate.internal.NonContextualJdbcConnectionAccess.obtainConnection(NonContextualJdbcConnectionAccess.java:38) ~[?:?]
	at org.hibernate.resource.jdbc.internal.LogicalConnectionManagedImpl.acquireConnectionIfNeeded(LogicalConnectionManagedImpl.java:108) ~[?:?]
	... 61 more
Caused by: org.postgresql.util.PSQLException: FATAL: remaining connection slots are reserved for non-replication superuser connections
	at org.postgresql.Driver$ConnectThread.getResult(Driver.java:397) ~[?:?]
	at org.postgresql.Driver.connect(Driver.java:305) ~[?:?]
	at java.sql.DriverManager.getConnection(DriverManager.java:681) ~[java.sql:?]
	at java.sql.DriverManager.getConnection(DriverManager.java:229) ~[java.sql:?]
	at org.postgresql.ds.common.BaseDataSource.getConnection(BaseDataSource.java:104) ~[?:?]
	at org.postgresql.ds.common.BaseDataSource.getConnection(BaseDataSource.java:88) ~[?:?]
	at com.zaxxer.hikari.pool.PoolBase.newConnection(PoolBase.java:360) ~[?:?]
	at com.zaxxer.hikari.pool.PoolBase.newPoolEntry(PoolBase.java:202) ~[?:?]
	at com.zaxxer.hikari.pool.HikariPool.createPoolEntry(HikariPool.java:461) ~[?:?]
	at com.zaxxer.hikari.pool.HikariPool$PoolEntryCreator.call(HikariPool.java:724) ~[?:?]
	at com.zaxxer.hikari.pool.HikariPool$PoolEntryCreator.call(HikariPool.java:703) ~[?:?]
	at java.util.concurrent.FutureTask.run(FutureTask.java:264) ~[?:?]
	at java.util.concurrent.ThreadPoolExecutor.runWorker(ThreadPoolExecutor.java:1136) ~[?:?]
	at java.util.concurrent.ThreadPoolExecutor$Worker.run(ThreadPoolExecutor.java:635) ~[?:?]
	... 1 more
2026-03-26 23:56:44.275 [JettyServerThreadPool-983] ERROR net.corda.ledger.persistence.processor.LedgerPersistenceRequestProcessor {corda.client.id=ledger-repair-E3193F94C243-1774568251258, corda.external.event.id=f1681403-3de5-414e-85b1-eea1734e7b89-iNzKctuAo9jo5bXguJnU/PqTNmHS3yTV+azsIbZKixo=-1, spanId=3ee0fe1d518f3652, traceId=69c5c5939b0f70e386dcd2b9d51083ac, vnode.id=E3193F94C243} - Unable to acquire JDBC Connection
org.hibernate.exception.JDBCConnectionException: Unable to acquire JDBC Connection
	at org.hibernate.exception.internal.SQLExceptionTypeDelegate.convert(SQLExceptionTypeDelegate.java:48) ~[?:?]
	at org.hibernate.exception.internal.StandardSQLExceptionConverter.convert(StandardSQLExceptionConverter.java:37) ~[?:?]
	at org.hibernate.engine.jdbc.spi.SqlExceptionHelper.convert(SqlExceptionHelper.java:113) ~[?:?]
	at org.hibernate.engine.jdbc.spi.SqlExceptionHelper.convert(SqlExceptionHelper.java:99) ~[?:?]
	at org.hibernate.resource.jdbc.internal.LogicalConnectionManagedImpl.acquireConnectionIfNeeded(LogicalConnectionManagedImpl.java:111) ~[?:?]
	at org.hibernate.resource.jdbc.internal.LogicalConnectionManagedImpl.getPhysicalConnection(LogicalConnectionManagedImpl.java:138) ~[?:?]
	at org.hibernate.resource.jdbc.internal.LogicalConnectionManagedImpl.getConnectionForTransactionManagement(LogicalConnectionManagedImpl.java:276) ~[?:?]
	at org.hibernate.resource.jdbc.internal.LogicalConnectionManagedImpl.begin(LogicalConnectionManagedImpl.java:284) ~[?:?]
	at org.hibernate.resource.transaction.backend.jdbc.internal.JdbcResourceLocalTransactionCoordinatorImpl$TransactionDriverControlImpl.begin(JdbcResourceLocalTransactionCoordinatorImpl.java:246) ~[?:?]
	at org.hibernate.engine.transaction.internal.TransactionImpl.begin(TransactionImpl.java:83) ~[?:?]
	at net.corda.ledger.persistence.utxo.impl.UtxoPersistenceServiceImpl.findTransactionsWithStatusCreatedBetweenTime(UtxoPersistenceServiceImpl.kt:1362) ~[?:?]
	at net.corda.ledger.persistence.utxo.impl.request.handlers.UtxoFindTransactionsWithStatusCreatedBetweenTimeRequestHandler.execute(UtxoFindTransactionsWithStatusCreatedBetweenTimeRequestHandler.kt:24) ~[?:?]
	at net.corda.ledger.persistence.processor.LedgerPersistenceRequestProcessor$process$result$1.invoke(LedgerPersistenceRequestProcessor.kt:70) ~[?:?]
	at net.corda.ledger.persistence.processor.LedgerPersistenceRequestProcessor$process$result$1.invoke(LedgerPersistenceRequestProcessor.kt:52) ~[?:?]
	at net.corda.utilities.LogUtilsKt.withMDC(LogUtils.kt:73) ~[?:?]
	at net.corda.ledger.persistence.processor.LedgerPersistenceRequestProcessor.process(LedgerPersistenceRequestProcessor.kt:52) ~[?:?]
	at net.corda.ledger.persistence.processor.LedgerPersistenceRequestProcessor.process(LedgerPersistenceRequestProcessor.kt:29) ~[?:?]
	at net.corda.messaging.subscription.SyncRPCSubscriptionImpl.registerEndpoint$lambda$1(SyncRPCSubscriptionImpl.kt:92) ~[?:?]
	at net.corda.web.server.JavalinServer.registerEndpointInternal$lambda$15(JavalinServer.kt:150) ~[?:?]
	at io.javalin.core.security.SecurityUtil.noopAccessManager(SecurityUtil.kt:20) ~[?:?]
	at io.javalin.http.JavalinServlet.addHandler$lambda-0(JavalinServlet.kt:96) ~[?:?]
	at io.javalin.http.JavalinServlet$lifecycle$2$1$1.invoke(JavalinServlet.kt:43) ~[?:?]
	at io.javalin.http.JavalinServlet$lifecycle$2$1$1.invoke(JavalinServlet.kt:43) ~[?:?]
	at io.javalin.http.JavalinServletHandler.executeNextTask(JavalinServletHandler.kt:99) ~[?:?]
	at io.javalin.http.JavalinServletHandler.queueNextTaskOrFinish$lambda-1(JavalinServletHandler.kt:85) ~[?:?]
	at java.util.concurrent.CompletableFuture.uniComposeStage(CompletableFuture.java:1187) ~[?:?]
	at java.util.concurrent.CompletableFuture.thenCompose(CompletableFuture.java:2309) ~[?:?]
	at io.javalin.http.JavalinServletHandler.queueNextTaskOrFinish$javalin(JavalinServletHandler.kt:85) ~[?:?]
	at io.javalin.http.JavalinServlet.service(JavalinServlet.kt:89) ~[?:?]
	at javax.servlet.http.HttpServlet.service(HttpServlet.java:790) ~[javax.servlet-api-3.1.0.jar:3.1.0]
	at io.javalin.jetty.JavalinJettyServlet.service(JavalinJettyServlet.kt:58) ~[?:?]
	at javax.servlet.http.HttpServlet.service(HttpServlet.java:790) ~[javax.servlet-api-3.1.0.jar:3.1.0]
	at org.eclipse.jetty.servlet.ServletHolder.handle(ServletHolder.java:799) ~[?:?]
	at org.eclipse.jetty.servlet.ServletHandler$ChainEnd.doFilter(ServletHandler.java:1656) ~[?:?]
	at brave.servlet.TracingFilter.doFilter(TracingFilter.java:89) ~[?:?]
	at org.eclipse.jetty.servlet.FilterHolder.doFilter(FilterHolder.java:193) ~[?:?]
	at org.eclipse.jetty.servlet.ServletHandler$Chain.doFilter(ServletHandler.java:1626) ~[?:?]
	at org.eclipse.jetty.servlet.ServletHandler.doHandle(ServletHandler.java:552) ~[?:?]
	at org.eclipse.jetty.server.handler.ScopedHandler.nextHandle(ScopedHandler.java:233) ~[jetty-server-9.4.54.v20240208.jar:9.4.54.v20240208]
	at org.eclipse.jetty.server.session.SessionHandler.doHandle(SessionHandler.java:1624) ~[jetty-server-9.4.54.v20240208.jar:9.4.54.v20240208]
	at org.eclipse.jetty.server.handler.ScopedHandler.nextHandle(ScopedHandler.java:233) ~[jetty-server-9.4.54.v20240208.jar:9.4.54.v20240208]
	at io.javalin.jetty.JettyServer$start$wsAndHttpHandler$1.doHandle(JettyServer.kt:52) ~[?:?]
	at org.eclipse.jetty.server.handler.ScopedHandler.nextScope(ScopedHandler.java:188) ~[jetty-server-9.4.54.v20240208.jar:9.4.54.v20240208]
	at org.eclipse.jetty.servlet.ServletHandler.doScope(ServletHandler.java:505) ~[?:?]
	at org.eclipse.jetty.server.session.SessionHandler.doScope(SessionHandler.java:1594) ~[jetty-server-9.4.54.v20240208.jar:9.4.54.v20240208]
	at org.eclipse.jetty.server.handler.ScopedHandler.nextScope(ScopedHandler.java:186) ~[jetty-server-9.4.54.v20240208.jar:9.4.54.v20240208]
	at org.eclipse.jetty.server.handler.ContextHandler.doScope(ContextHandler.java:1355) ~[jetty-server-9.4.54.v20240208.jar:9.4.54.v20240208]
	at org.eclipse.jetty.server.handler.ScopedHandler.handle(ScopedHandler.java:141) ~[jetty-server-9.4.54.v20240208.jar:9.4.54.v20240208]
	at org.eclipse.jetty.server.handler.StatisticsHandler.handle(StatisticsHandler.java:181) ~[jetty-server-9.4.54.v20240208.jar:9.4.54.v20240208]
	at org.eclipse.jetty.server.handler.HandlerWrapper.handle(HandlerWrapper.java:127) ~[jetty-server-9.4.54.v20240208.jar:9.4.54.v20240208]
	at org.eclipse.jetty.server.Server.handle(Server.java:516) ~[jetty-server-9.4.54.v20240208.jar:9.4.54.v20240208]
	at org.eclipse.jetty.server.HttpChannel.lambda$handle$1(HttpChannel.java:487) ~[jetty-server-9.4.54.v20240208.jar:9.4.54.v20240208]
	at org.eclipse.jetty.server.HttpChannel.dispatch(HttpChannel.java:732) [jetty-server-9.4.54.v20240208.jar:9.4.54.v20240208]
	at org.eclipse.jetty.server.HttpChannel.handle(HttpChannel.java:479) [jetty-server-9.4.54.v20240208.jar:9.4.54.v20240208]
	at org.eclipse.jetty.server.HttpConnection.onFillable(HttpConnection.java:277) [jetty-server-9.4.54.v20240208.jar:9.4.54.v20240208]
	at org.eclipse.jetty.io.AbstractConnection$ReadCallback.succeeded(AbstractConnection.java:311) [jetty-io-9.4.54.v20240208.jar:9.4.54.v20240208]
	at org.eclipse.jetty.io.FillInterest.fillable(FillInterest.java:105) [jetty-io-9.4.54.v20240208.jar:9.4.54.v20240208]
	at org.eclipse.jetty.io.ChannelEndPoint$1.run(ChannelEndPoint.java:104) [jetty-io-9.4.54.v20240208.jar:9.4.54.v20240208]
	at org.eclipse.jetty.util.thread.strategy.EatWhatYouKill.runTask(EatWhatYouKill.java:338) [jetty-util-9.4.54.v20240208.jar:9.4.54.v20240208]
	at org.eclipse.jetty.util.thread.strategy.EatWhatYouKill.doProduce(EatWhatYouKill.java:315) [jetty-util-9.4.54.v20240208.jar:9.4.54.v20240208]
	at org.eclipse.jetty.util.thread.strategy.EatWhatYouKill.tryProduce(EatWhatYouKill.java:173) [jetty-util-9.4.54.v20240208.jar:9.4.54.v20240208]
	at org.eclipse.jetty.util.thread.strategy.EatWhatYouKill.run(EatWhatYouKill.java:131) [jetty-util-9.4.54.v20240208.jar:9.4.54.v20240208]
	at org.eclipse.jetty.util.thread.ReservedThreadExecutor$ReservedThread.run(ReservedThreadExecutor.java:409) [jetty-util-9.4.54.v20240208.jar:9.4.54.v20240208]
	at org.eclipse.jetty.util.thread.QueuedThreadPool.runJob(QueuedThreadPool.java:883) [jetty-util-9.4.54.v20240208.jar:9.4.54.v20240208]
	at org.eclipse.jetty.util.thread.QueuedThreadPool$Runner.run(QueuedThreadPool.java:1034) [jetty-util-9.4.54.v20240208.jar:9.4.54.v20240208]
	at java.lang.Thread.run(Thread.java:840) [?:?]
Caused by: java.sql.SQLTransientConnectionException: HikariPool-22 - Connection is not available, request timed out after 30000ms (total=0, active=0, idle=0, waiting=0)
	at com.zaxxer.hikari.pool.HikariPool.createTimeoutException(HikariPool.java:686) ~[?:?]
	at com.zaxxer.hikari.pool.HikariPool.getConnection(HikariPool.java:179) ~[?:?]
	at com.zaxxer.hikari.pool.HikariPool.getConnection(HikariPool.java:144) ~[?:?]
	at com.zaxxer.hikari.HikariDataSource.getConnection(HikariDataSource.java:99) ~[?:?]
	at net.corda.db.core.DataSourceFactoryImpl$HikariDataSourceWrapper.getConnection(DataSourceFactoryImpl.kt) ~[?:?]
	at org.hibernate.engine.jdbc.connections.internal.DatasourceConnectionProviderImpl.getConnection(DatasourceConnectionProviderImpl.java:122) ~[?:?]
	at org.hibernate.internal.NonContextualJdbcConnectionAccess.obtainConnection(NonContextualJdbcConnectionAccess.java:38) ~[?:?]
	at org.hibernate.resource.jdbc.internal.LogicalConnectionManagedImpl.acquireConnectionIfNeeded(LogicalConnectionManagedImpl.java:108) ~[?:?]
	... 61 more
Caused by: org.postgresql.util.PSQLException: FATAL: remaining connection slots are reserved for non-replication superuser connections
	at org.postgresql.Driver$ConnectThread.getResult(Driver.java:397) ~[?:?]
	at org.postgresql.Driver.connect(Driver.java:305) ~[?:?]
	at java.sql.DriverManager.getConnection(DriverManager.java:681) ~[java.sql:?]
	at java.sql.DriverManager.getConnection(DriverManager.java:229) ~[java.sql:?]
	at org.postgresql.ds.common.BaseDataSource.getConnection(BaseDataSource.java:104) ~[?:?]
	at org.postgresql.ds.common.BaseDataSource.getConnection(BaseDataSource.java:88) ~[?:?]
	at com.zaxxer.hikari.pool.PoolBase.newConnection(PoolBase.java:360) ~[?:?]
	at com.zaxxer.hikari.pool.PoolBase.newPoolEntry(PoolBase.java:202) ~[?:?]
	at com.zaxxer.hikari.pool.HikariPool.createPoolEntry(HikariPool.java:461) ~[?:?]
	at com.zaxxer.hikari.pool.HikariPool$PoolEntryCreator.call(HikariPool.java:724) ~[?:?]
	at com.zaxxer.hikari.pool.HikariPool$PoolEntryCreator.call(HikariPool.java:703) ~[?:?]
	at java.util.concurrent.FutureTask.run(FutureTask.java:264) ~[?:?]
	at java.util.concurrent.ThreadPoolExecutor.runWorker(ThreadPoolExecutor.java:1136) ~[?:?]
	at java.util.concurrent.ThreadPoolExecutor$Worker.run(ThreadPoolExecutor.java:635) ~[?:?]
	... 1 more
2026-03-26 23:56:44.282 [JettyServerThreadPool-14937] WARN  net.corda.persistence.common.PersistenceExceptionCategorizerImpl {corda.client.id=ledger-repair-524FEE159D0F-1774568251258, corda.external.event.id=e3a2358c-64ba-46b4-936d-350e714f538e-iNzKctuAo9jo5bXguJnU/PqTNmHS3yTV+azsIbZKixo=-1, spanId=045e2ae4942ae168, traceId=69c5c59351b0d06fd3275061f8e428f1, vnode.id=524FEE159D0F} - Categorized exception as TRANSIENT: org.hibernate.exception.JDBCConnectionException: Unable to acquire JDBC Connection
org.hibernate.exception.JDBCConnectionException: Unable to acquire JDBC Connection
	at org.hibernate.exception.internal.SQLExceptionTypeDelegate.convert(SQLExceptionTypeDelegate.java:48) ~[?:?]
	at org.hibernate.exception.internal.StandardSQLExceptionConverter.convert(StandardSQLExceptionConverter.java:37) ~[?:?]
	at org.hibernate.engine.jdbc.spi.SqlExceptionHelper.convert(SqlExceptionHelper.java:113) ~[?:?]
	at org.hibernate.engine.jdbc.spi.SqlExceptionHelper.convert(SqlExceptionHelper.java:99) ~[?:?]
	at org.hibernate.resource.jdbc.internal.LogicalConnectionManagedImpl.acquireConnectionIfNeeded(LogicalConnectionManagedImpl.java:111) ~[?:?]
	at org.hibernate.resource.jdbc.internal.LogicalConnectionManagedImpl.getPhysicalConnection(LogicalConnectionManagedImpl.java:138) ~[?:?]
	at org.hibernate.resource.jdbc.internal.LogicalConnectionManagedImpl.getConnectionForTransactionManagement(LogicalConnectionManagedImpl.java:276) ~[?:?]
	at org.hibernate.resource.jdbc.internal.LogicalConnectionManagedImpl.begin(LogicalConnectionManagedImpl.java:284) ~[?:?]
	at org.hibernate.resource.transaction.backend.jdbc.internal.JdbcResourceLocalTransactionCoordinatorImpl$TransactionDriverControlImpl.begin(JdbcResourceLocalTransactionCoordinatorImpl.java:246) ~[?:?]
	at org.hibernate.engine.transaction.internal.TransactionImpl.begin(TransactionImpl.java:83) ~[?:?]
	at net.corda.ledger.persistence.utxo.impl.UtxoPersistenceServiceImpl.findTransactionsWithStatusCreatedBetweenTime(UtxoPersistenceServiceImpl.kt:1362) ~[?:?]
	at net.corda.ledger.persistence.utxo.impl.request.handlers.UtxoFindTransactionsWithStatusCreatedBetweenTimeRequestHandler.execute(UtxoFindTransactionsWithStatusCreatedBetweenTimeRequestHandler.kt:24) ~[?:?]
	at net.corda.ledger.persistence.processor.LedgerPersistenceRequestProcessor$process$result$1.invoke(LedgerPersistenceRequestProcessor.kt:70) ~[?:?]
	at net.corda.ledger.persistence.processor.LedgerPersistenceRequestProcessor$process$result$1.invoke(LedgerPersistenceRequestProcessor.kt:52) ~[?:?]
	at net.corda.utilities.LogUtilsKt.withMDC(LogUtils.kt:73) ~[?:?]
	at net.corda.ledger.persistence.processor.LedgerPersistenceRequestProcessor.process(LedgerPersistenceRequestProcessor.kt:52) ~[?:?]
	at net.corda.ledger.persistence.processor.LedgerPersistenceRequestProcessor.process(LedgerPersistenceRequestProcessor.kt:29) ~[?:?]
	at net.corda.messaging.subscription.SyncRPCSubscriptionImpl.registerEndpoint$lambda$1(SyncRPCSubscriptionImpl.kt:92) ~[?:?]
	at net.corda.web.server.JavalinServer.registerEndpointInternal$lambda$15(JavalinServer.kt:150) ~[?:?]
	at io.javalin.core.security.SecurityUtil.noopAccessManager(SecurityUtil.kt:20) ~[?:?]
	at io.javalin.http.JavalinServlet.addHandler$lambda-0(JavalinServlet.kt:96) ~[?:?]
	at io.javalin.http.JavalinServlet$lifecycle$2$1$1.invoke(JavalinServlet.kt:43) ~[?:?]
	at io.javalin.http.JavalinServlet$lifecycle$2$1$1.invoke(JavalinServlet.kt:43) ~[?:?]
	at io.javalin.http.JavalinServletHandler.executeNextTask(JavalinServletHandler.kt:99) ~[?:?]
	at io.javalin.http.JavalinServletHandler.queueNextTaskOrFinish$lambda-1(JavalinServletHandler.kt:85) ~[?:?]
	at java.util.concurrent.CompletableFuture.uniComposeStage(CompletableFuture.java:1187) ~[?:?]
	at java.util.concurrent.CompletableFuture.thenCompose(CompletableFuture.java:2309) ~[?:?]
	at io.javalin.http.JavalinServletHandler.queueNextTaskOrFinish$javalin(JavalinServletHandler.kt:85) ~[?:?]
	at io.javalin.http.JavalinServlet.service(JavalinServlet.kt:89) ~[?:?]
	at javax.servlet.http.HttpServlet.service(HttpServlet.java:790) ~[javax.servlet-api-3.1.0.jar:3.1.0]
	at io.javalin.jetty.JavalinJettyServlet.service(JavalinJettyServlet.kt:58) ~[?:?]
	at javax.servlet.http.HttpServlet.service(HttpServlet.java:790) ~[javax.servlet-api-3.1.0.jar:3.1.0]
	at org.eclipse.jetty.servlet.ServletHolder.handle(ServletHolder.java:799) ~[?:?]
	at org.eclipse.jetty.servlet.ServletHandler$ChainEnd.doFilter(ServletHandler.java:1656) ~[?:?]
	at brave.servlet.TracingFilter.doFilter(TracingFilter.java:89) ~[?:?]
	at org.eclipse.jetty.servlet.FilterHolder.doFilter(FilterHolder.java:193) ~[?:?]
	at org.eclipse.jetty.servlet.ServletHandler$Chain.doFilter(ServletHandler.java:1626) ~[?:?]
	at org.eclipse.jetty.servlet.ServletHandler.doHandle(ServletHandler.java:552) ~[?:?]
	at org.eclipse.jetty.server.handler.ScopedHandler.nextHandle(ScopedHandler.java:233) ~[jetty-server-9.4.54.v20240208.jar:9.4.54.v20240208]
	at org.eclipse.jetty.server.session.SessionHandler.doHandle(SessionHandler.java:1624) ~[jetty-server-9.4.54.v20240208.jar:9.4.54.v20240208]
	at org.eclipse.jetty.server.handler.ScopedHandler.nextHandle(ScopedHandler.java:233) ~[jetty-server-9.4.54.v20240208.jar:9.4.54.v20240208]
	at io.javalin.jetty.JettyServer$start$wsAndHttpHandler$1.doHandle(JettyServer.kt:52) ~[?:?]
	at org.eclipse.jetty.server.handler.ScopedHandler.nextScope(ScopedHandler.java:188) ~[jetty-server-9.4.54.v20240208.jar:9.4.54.v20240208]
	at org.eclipse.jetty.servlet.ServletHandler.doScope(ServletHandler.java:505) ~[?:?]
	at org.eclipse.jetty.server.session.SessionHandler.doScope(SessionHandler.java:1594) ~[jetty-server-9.4.54.v20240208.jar:9.4.54.v20240208]
	at org.eclipse.jetty.server.handler.ScopedHandler.nextScope(ScopedHandler.java:186) ~[jetty-server-9.4.54.v20240208.jar:9.4.54.v20240208]
	at org.eclipse.jetty.server.handler.ContextHandler.doScope(ContextHandler.java:1355) ~[jetty-server-9.4.54.v20240208.jar:9.4.54.v20240208]
	at org.eclipse.jetty.server.handler.ScopedHandler.handle(ScopedHandler.java:141) ~[jetty-server-9.4.54.v20240208.jar:9.4.54.v20240208]
	at org.eclipse.jetty.server.handler.StatisticsHandler.handle(StatisticsHandler.java:181) ~[jetty-server-9.4.54.v20240208.jar:9.4.54.v20240208]
	at org.eclipse.jetty.server.handler.HandlerWrapper.handle(HandlerWrapper.java:127) ~[jetty-server-9.4.54.v20240208.jar:9.4.54.v20240208]
	at org.eclipse.jetty.server.Server.handle(Server.java:516) ~[jetty-server-9.4.54.v20240208.jar:9.4.54.v20240208]
	at org.eclipse.jetty.server.HttpChannel.lambda$handle$1(HttpChannel.java:487) ~[jetty-server-9.4.54.v20240208.jar:9.4.54.v20240208]
	at org.eclipse.jetty.server.HttpChannel.dispatch(HttpChannel.java:732) [jetty-server-9.4.54.v20240208.jar:9.4.54.v20240208]
	at org.eclipse.jetty.server.HttpChannel.handle(HttpChannel.java:479) [jetty-server-9.4.54.v20240208.jar:9.4.54.v20240208]
	at org.eclipse.jetty.server.HttpConnection.onFillable(HttpConnection.java:277) [jetty-server-9.4.54.v20240208.jar:9.4.54.v20240208]
	at org.eclipse.jetty.io.AbstractConnection$ReadCallback.succeeded(AbstractConnection.java:311) [jetty-io-9.4.54.v20240208.jar:9.4.54.v20240208]
	at org.eclipse.jetty.io.FillInterest.fillable(FillInterest.java:105) [jetty-io-9.4.54.v20240208.jar:9.4.54.v20240208]
	at org.eclipse.jetty.io.ChannelEndPoint$1.run(ChannelEndPoint.java:104) [jetty-io-9.4.54.v20240208.jar:9.4.54.v20240208]
	at org.eclipse.jetty.util.thread.strategy.EatWhatYouKill.runTask(EatWhatYouKill.java:338) [jetty-util-9.4.54.v20240208.jar:9.4.54.v20240208]
	at org.eclipse.jetty.util.thread.strategy.EatWhatYouKill.doProduce(EatWhatYouKill.java:315) [jetty-util-9.4.54.v20240208.jar:9.4.54.v20240208]
	at org.eclipse.jetty.util.thread.strategy.EatWhatYouKill.tryProduce(EatWhatYouKill.java:173) [jetty-util-9.4.54.v20240208.jar:9.4.54.v20240208]
	at org.eclipse.jetty.util.thread.strategy.EatWhatYouKill.run(EatWhatYouKill.java:131) [jetty-util-9.4.54.v20240208.jar:9.4.54.v20240208]
	at org.eclipse.jetty.util.thread.ReservedThreadExecutor$ReservedThread.run(ReservedThreadExecutor.java:409) [jetty-util-9.4.54.v20240208.jar:9.4.54.v20240208]
	at org.eclipse.jetty.util.thread.QueuedThreadPool.runJob(QueuedThreadPool.java:883) [jetty-util-9.4.54.v20240208.jar:9.4.54.v20240208]
	at org.eclipse.jetty.util.thread.QueuedThreadPool$Runner.run(QueuedThreadPool.java:1034) [jetty-util-9.4.54.v20240208.jar:9.4.54.v20240208]
	at java.lang.Thread.run(Thread.java:840) [?:?]
Caused by: java.sql.SQLTransientConnectionException: HikariPool-21 - Connection is not available, request timed out after 30000ms (total=0, active=0, idle=0, waiting=0)
	at com.zaxxer.hikari.pool.HikariPool.createTimeoutException(HikariPool.java:686) ~[?:?]
	at com.zaxxer.hikari.pool.HikariPool.getConnection(HikariPool.java:179) ~[?:?]
	at com.zaxxer.hikari.pool.HikariPool.getConnection(HikariPool.java:144) ~[?:?]
	at com.zaxxer.hikari.HikariDataSource.getConnection(HikariDataSource.java:99) ~[?:?]
	at net.corda.db.core.DataSourceFactoryImpl$HikariDataSourceWrapper.getConnection(DataSourceFactoryImpl.kt) ~[?:?]
	at org.hibernate.engine.jdbc.connections.internal.DatasourceConnectionProviderImpl.getConnection(DatasourceConnectionProviderImpl.java:122) ~[?:?]
	at org.hibernate.internal.NonContextualJdbcConnectionAccess.obtainConnection(NonContextualJdbcConnectionAccess.java:38) ~[?:?]
	at org.hibernate.resource.jdbc.internal.LogicalConnectionManagedImpl.acquireConnectionIfNeeded(LogicalConnectionManagedImpl.java:108) ~[?:?]
	... 61 more
Caused by: org.postgresql.util.PSQLException: FATAL: remaining connection slots are reserved for non-replication superuser connections
	at org.postgresql.Driver$ConnectThread.getResult(Driver.java:397) ~[?:?]
	at org.postgresql.Driver.connect(Driver.java:305) ~[?:?]
	at java.sql.DriverManager.getConnection(DriverManager.java:681) ~[java.sql:?]
	at java.sql.DriverManager.getConnection(DriverManager.java:229) ~[java.sql:?]
	at org.postgresql.ds.common.BaseDataSource.getConnection(BaseDataSource.java:104) ~[?:?]
	at org.postgresql.ds.common.BaseDataSource.getConnection(BaseDataSource.java:88) ~[?:?]
	at com.zaxxer.hikari.pool.PoolBase.newConnection(PoolBase.java:360) ~[?:?]
	at com.zaxxer.hikari.pool.PoolBase.newPoolEntry(PoolBase.java:202) ~[?:?]
	at com.zaxxer.hikari.pool.HikariPool.createPoolEntry(HikariPool.java:461) ~[?:?]
	at com.zaxxer.hikari.pool.HikariPool$PoolEntryCreator.call(HikariPool.java:724) ~[?:?]
	at com.zaxxer.hikari.pool.HikariPool$PoolEntryCreator.call(HikariPool.java:703) ~[?:?]
	at java.util.concurrent.FutureTask.run(FutureTask.java:264) ~[?:?]
	at java.util.concurrent.ThreadPoolExecutor.runWorker(ThreadPoolExecutor.java:1136) ~[?:?]
	at java.util.concurrent.ThreadPoolExecutor$Worker.run(ThreadPoolExecutor.java:635) ~[?:?]
	... 1 more
2026-03-26 23:56:44.293 [JettyServerThreadPool-983] WARN  net.corda.persistence.common.PersistenceExceptionCategorizerImpl {corda.client.id=ledger-repair-E3193F94C243-1774568251258, corda.external.event.id=f1681403-3de5-414e-85b1-eea1734e7b89-iNzKctuAo9jo5bXguJnU/PqTNmHS3yTV+azsIbZKixo=-1, spanId=3ee0fe1d518f3652, traceId=69c5c5939b0f70e386dcd2b9d51083ac, vnode.id=E3193F94C243} - Categorized exception as TRANSIENT: org.hibernate.exception.JDBCConnectionException: Unable to acquire JDBC Connection
org.hibernate.exception.JDBCConnectionException: Unable to acquire JDBC Connection
	at org.hibernate.exception.internal.SQLExceptionTypeDelegate.convert(SQLExceptionTypeDelegate.java:48) ~[?:?]
	at org.hibernate.exception.internal.StandardSQLExceptionConverter.convert(StandardSQLExceptionConverter.java:37) ~[?:?]
	at org.hibernate.engine.jdbc.spi.SqlExceptionHelper.convert(SqlExceptionHelper.java:113) ~[?:?]
	at org.hibernate.engine.jdbc.spi.SqlExceptionHelper.convert(SqlExceptionHelper.java:99) ~[?:?]
	at org.hibernate.resource.jdbc.internal.LogicalConnectionManagedImpl.acquireConnectionIfNeeded(LogicalConnectionManagedImpl.java:111) ~[?:?]
	at org.hibernate.resource.jdbc.internal.LogicalConnectionManagedImpl.getPhysicalConnection(LogicalConnectionManagedImpl.java:138) ~[?:?]
	at org.hibernate.resource.jdbc.internal.LogicalConnectionManagedImpl.getConnectionForTransactionManagement(LogicalConnectionManagedImpl.java:276) ~[?:?]
	at org.hibernate.resource.jdbc.internal.LogicalConnectionManagedImpl.begin(LogicalConnectionManagedImpl.java:284) ~[?:?]
	at org.hibernate.resource.transaction.backend.jdbc.internal.JdbcResourceLocalTransactionCoordinatorImpl$TransactionDriverControlImpl.begin(JdbcResourceLocalTransactionCoordinatorImpl.java:246) ~[?:?]
	at org.hibernate.engine.transaction.internal.TransactionImpl.begin(TransactionImpl.java:83) ~[?:?]
	at net.corda.ledger.persistence.utxo.impl.UtxoPersistenceServiceImpl.findTransactionsWithStatusCreatedBetweenTime(UtxoPersistenceServiceImpl.kt:1362) ~[?:?]
	at net.corda.ledger.persistence.utxo.impl.request.handlers.UtxoFindTransactionsWithStatusCreatedBetweenTimeRequestHandler.execute(UtxoFindTransactionsWithStatusCreatedBetweenTimeRequestHandler.kt:24) ~[?:?]
	at net.corda.ledger.persistence.processor.LedgerPersistenceRequestProcessor$process$result$1.invoke(LedgerPersistenceRequestProcessor.kt:70) ~[?:?]
	at net.corda.ledger.persistence.processor.LedgerPersistenceRequestProcessor$process$result$1.invoke(LedgerPersistenceRequestProcessor.kt:52) ~[?:?]
	at net.corda.utilities.LogUtilsKt.withMDC(LogUtils.kt:73) ~[?:?]
	at net.corda.ledger.persistence.processor.LedgerPersistenceRequestProcessor.process(LedgerPersistenceRequestProcessor.kt:52) ~[?:?]
	at net.corda.ledger.persistence.processor.LedgerPersistenceRequestProcessor.process(LedgerPersistenceRequestProcessor.kt:29) ~[?:?]
	at net.corda.messaging.subscription.SyncRPCSubscriptionImpl.registerEndpoint$lambda$1(SyncRPCSubscriptionImpl.kt:92) ~[?:?]
	at net.corda.web.server.JavalinServer.registerEndpointInternal$lambda$15(JavalinServer.kt:150) ~[?:?]
	at io.javalin.core.security.SecurityUtil.noopAccessManager(SecurityUtil.kt:20) ~[?:?]
	at io.javalin.http.JavalinServlet.addHandler$lambda-0(JavalinServlet.kt:96) ~[?:?]
	at io.javalin.http.JavalinServlet$lifecycle$2$1$1.invoke(JavalinServlet.kt:43) ~[?:?]
	at io.javalin.http.JavalinServlet$lifecycle$2$1$1.invoke(JavalinServlet.kt:43) ~[?:?]
	at io.javalin.http.JavalinServletHandler.executeNextTask(JavalinServletHandler.kt:99) ~[?:?]
	at io.javalin.http.JavalinServletHandler.queueNextTaskOrFinish$lambda-1(JavalinServletHandler.kt:85) ~[?:?]
	at java.util.concurrent.CompletableFuture.uniComposeStage(CompletableFuture.java:1187) ~[?:?]
	at java.util.concurrent.CompletableFuture.thenCompose(CompletableFuture.java:2309) ~[?:?]
	at io.javalin.http.JavalinServletHandler.queueNextTaskOrFinish$javalin(JavalinServletHandler.kt:85) ~[?:?]
	at io.javalin.http.JavalinServlet.service(JavalinServlet.kt:89) ~[?:?]
	at javax.servlet.http.HttpServlet.service(HttpServlet.java:790) ~[javax.servlet-api-3.1.0.jar:3.1.0]
	at io.javalin.jetty.JavalinJettyServlet.service(JavalinJettyServlet.kt:58) ~[?:?]
	at javax.servlet.http.HttpServlet.service(HttpServlet.java:790) ~[javax.servlet-api-3.1.0.jar:3.1.0]
	at org.eclipse.jetty.servlet.ServletHolder.handle(ServletHolder.java:799) ~[?:?]
	at org.eclipse.jetty.servlet.ServletHandler$ChainEnd.doFilter(ServletHandler.java:1656) ~[?:?]
	at brave.servlet.TracingFilter.doFilter(TracingFilter.java:89) ~[?:?]
	at org.eclipse.jetty.servlet.FilterHolder.doFilter(FilterHolder.java:193) ~[?:?]
	at org.eclipse.jetty.servlet.ServletHandler$Chain.doFilter(ServletHandler.java:1626) ~[?:?]
	at org.eclipse.jetty.servlet.ServletHandler.doHandle(ServletHandler.java:552) ~[?:?]
	at org.eclipse.jetty.server.handler.ScopedHandler.nextHandle(ScopedHandler.java:233) ~[jetty-server-9.4.54.v20240208.jar:9.4.54.v20240208]
	at org.eclipse.jetty.server.session.SessionHandler.doHandle(SessionHandler.java:1624) ~[jetty-server-9.4.54.v20240208.jar:9.4.54.v20240208]
	at org.eclipse.jetty.server.handler.ScopedHandler.nextHandle(ScopedHandler.java:233) ~[jetty-server-9.4.54.v20240208.jar:9.4.54.v20240208]
	at io.javalin.jetty.JettyServer$start$wsAndHttpHandler$1.doHandle(JettyServer.kt:52) ~[?:?]
	at org.eclipse.jetty.server.handler.ScopedHandler.nextScope(ScopedHandler.java:188) ~[jetty-server-9.4.54.v20240208.jar:9.4.54.v20240208]
	at org.eclipse.jetty.servlet.ServletHandler.doScope(ServletHandler.java:505) ~[?:?]
	at org.eclipse.jetty.server.session.SessionHandler.doScope(SessionHandler.java:1594) ~[jetty-server-9.4.54.v20240208.jar:9.4.54.v20240208]
	at org.eclipse.jetty.server.handler.ScopedHandler.nextScope(ScopedHandler.java:186) ~[jetty-server-9.4.54.v20240208.jar:9.4.54.v20240208]
	at org.eclipse.jetty.server.handler.ContextHandler.doScope(ContextHandler.java:1355) ~[jetty-server-9.4.54.v20240208.jar:9.4.54.v20240208]
	at org.eclipse.jetty.server.handler.ScopedHandler.handle(ScopedHandler.java:141) ~[jetty-server-9.4.54.v20240208.jar:9.4.54.v20240208]
	at org.eclipse.jetty.server.handler.StatisticsHandler.handle(StatisticsHandler.java:181) ~[jetty-server-9.4.54.v20240208.jar:9.4.54.v20240208]
	at org.eclipse.jetty.server.handler.HandlerWrapper.handle(HandlerWrapper.java:127) ~[jetty-server-9.4.54.v20240208.jar:9.4.54.v20240208]
	at org.eclipse.jetty.server.Server.handle(Server.java:516) ~[jetty-server-9.4.54.v20240208.jar:9.4.54.v20240208]
	at org.eclipse.jetty.server.HttpChannel.lambda$handle$1(HttpChannel.java:487) ~[jetty-server-9.4.54.v20240208.jar:9.4.54.v20240208]
	at org.eclipse.jetty.server.HttpChannel.dispatch(HttpChannel.java:732) [jetty-server-9.4.54.v20240208.jar:9.4.54.v20240208]
	at org.eclipse.jetty.server.HttpChannel.handle(HttpChannel.java:479) [jetty-server-9.4.54.v20240208.jar:9.4.54.v20240208]
	at org.eclipse.jetty.server.HttpConnection.onFillable(HttpConnection.java:277) [jetty-server-9.4.54.v20240208.jar:9.4.54.v20240208]
	at org.eclipse.jetty.io.AbstractConnection$ReadCallback.succeeded(AbstractConnection.java:311) [jetty-io-9.4.54.v20240208.jar:9.4.54.v20240208]
	at org.eclipse.jetty.io.FillInterest.fillable(FillInterest.java:105) [jetty-io-9.4.54.v20240208.jar:9.4.54.v20240208]
	at org.eclipse.jetty.io.ChannelEndPoint$1.run(ChannelEndPoint.java:104) [jetty-io-9.4.54.v20240208.jar:9.4.54.v20240208]
	at org.eclipse.jetty.util.thread.strategy.EatWhatYouKill.runTask(EatWhatYouKill.java:338) [jetty-util-9.4.54.v20240208.jar:9.4.54.v20240208]
	at org.eclipse.jetty.util.thread.strategy.EatWhatYouKill.doProduce(EatWhatYouKill.java:315) [jetty-util-9.4.54.v20240208.jar:9.4.54.v20240208]
	at org.eclipse.jetty.util.thread.strategy.EatWhatYouKill.tryProduce(EatWhatYouKill.java:173) [jetty-util-9.4.54.v20240208.jar:9.4.54.v20240208]
	at org.eclipse.jetty.util.thread.strategy.EatWhatYouKill.run(EatWhatYouKill.java:131) [jetty-util-9.4.54.v20240208.jar:9.4.54.v20240208]
	at org.eclipse.jetty.util.thread.ReservedThreadExecutor$ReservedThread.run(ReservedThreadExecutor.java:409) [jetty-util-9.4.54.v20240208.jar:9.4.54.v20240208]
	at org.eclipse.jetty.util.thread.QueuedThreadPool.runJob(QueuedThreadPool.java:883) [jetty-util-9.4.54.v20240208.jar:9.4.54.v20240208]
	at org.eclipse.jetty.util.thread.QueuedThreadPool$Runner.run(QueuedThreadPool.java:1034) [jetty-util-9.4.54.v20240208.jar:9.4.54.v20240208]
	at java.lang.Thread.run(Thread.java:840) [?:?]
Caused by: java.sql.SQLTransientConnectionException: HikariPool-22 - Connection is not available, request timed out after 30000ms (total=0, active=0, idle=0, waiting=0)
	at com.zaxxer.hikari.pool.HikariPool.createTimeoutException(HikariPool.java:686) ~[?:?]
	at com.zaxxer.hikari.pool.HikariPool.getConnection(HikariPool.java:179) ~[?:?]
	at com.zaxxer.hikari.pool.HikariPool.getConnection(HikariPool.java:144) ~[?:?]
	at com.zaxxer.hikari.HikariDataSource.getConnection(HikariDataSource.java:99) ~[?:?]
	at net.corda.db.core.DataSourceFactoryImpl$HikariDataSourceWrapper.getConnection(DataSourceFactoryImpl.kt) ~[?:?]
	at org.hibernate.engine.jdbc.connections.internal.DatasourceConnectionProviderImpl.getConnection(DatasourceConnectionProviderImpl.java:122) ~[?:?]
	at org.hibernate.internal.NonContextualJdbcConnectionAccess.obtainConnection(NonContextualJdbcConnectionAccess.java:38) ~[?:?]
	at org.hibernate.resource.jdbc.internal.LogicalConnectionManagedImpl.acquireConnectionIfNeeded(LogicalConnectionManagedImpl.java:108) ~[?:?]
	... 61 more
Caused by: org.postgresql.util.PSQLException: FATAL: remaining connection slots are reserved for non-replication superuser connections
	at org.postgresql.Driver$ConnectThread.getResult(Driver.java:397) ~[?:?]
	at org.postgresql.Driver.connect(Driver.java:305) ~[?:?]
	at java.sql.DriverManager.getConnection(DriverManager.java:681) ~[java.sql:?]
	at java.sql.DriverManager.getConnection(DriverManager.java:229) ~[java.sql:?]
	at org.postgresql.ds.common.BaseDataSource.getConnection(BaseDataSource.java:104) ~[?:?]
	at org.postgresql.ds.common.BaseDataSource.getConnection(BaseDataSource.java:88) ~[?:?]
	at com.zaxxer.hikari.pool.PoolBase.newConnection(PoolBase.java:360) ~[?:?]
	at com.zaxxer.hikari.pool.PoolBase.newPoolEntry(PoolBase.java:202) ~[?:?]
	at com.zaxxer.hikari.pool.HikariPool.createPoolEntry(HikariPool.java:461) ~[?:?]
	at com.zaxxer.hikari.pool.HikariPool$PoolEntryCreator.call(HikariPool.java:724) ~[?:?]
	at com.zaxxer.hikari.pool.HikariPool$PoolEntryCreator.call(HikariPool.java:703) ~[?:?]
	at java.util.concurrent.FutureTask.run(FutureTask.java:264) ~[?:?]
	at java.util.concurrent.ThreadPoolExecutor.runWorker(ThreadPoolExecutor.java:1136) ~[?:?]
	at java.util.concurrent.ThreadPoolExecutor$Worker.run(ThreadPoolExecutor.java:635) ~[?:?]
	... 1 more
2026-03-26 23:56:44.301 [JettyServerThreadPool-14937] WARN  net.corda.messaging.subscription.SyncRPCSubscriptionImpl {spanId=045e2ae4942ae168, traceId=69c5c59351b0d06fd3275061f8e428f1, vnode.id=524FEE159D0F} - Transient error processing RPC request for Endpoint(methodType=POST, path='/ledger', isApi=true): Transient server exception while processing request 'e3a2358c-64ba-46b4-936d-350e714f538e-iNzKctuAo9jo5bXguJnU/PqTNmHS3yTV+azsIbZKixo=-1'. Cause: Unable to acquire JDBC Connection
net.corda.messaging.api.exception.CordaHTTPServerTransientException: Transient server exception while processing request 'e3a2358c-64ba-46b4-936d-350e714f538e-iNzKctuAo9jo5bXguJnU/PqTNmHS3yTV+azsIbZKixo=-1'. Cause: Unable to acquire JDBC Connection
	at net.corda.persistence.common.ResponseFactoryImpl.errorResponse(ResponseFactoryImpl.kt:60) ~[?:?]
	at net.corda.ledger.persistence.processor.LedgerPersistenceRequestProcessor$process$result$1.invoke(LedgerPersistenceRequestProcessor.kt:82) ~[?:?]
	at net.corda.ledger.persistence.processor.LedgerPersistenceRequestProcessor$process$result$1.invoke(LedgerPersistenceRequestProcessor.kt:52) ~[?:?]
	at net.corda.utilities.LogUtilsKt.withMDC(LogUtils.kt:73) ~[?:?]
	at net.corda.ledger.persistence.processor.LedgerPersistenceRequestProcessor.process(LedgerPersistenceRequestProcessor.kt:52) ~[?:?]
	at net.corda.ledger.persistence.processor.LedgerPersistenceRequestProcessor.process(LedgerPersistenceRequestProcessor.kt:29) ~[?:?]
	at net.corda.messaging.subscription.SyncRPCSubscriptionImpl.registerEndpoint$lambda$1(SyncRPCSubscriptionImpl.kt:92) ~[?:?]
	at net.corda.web.server.JavalinServer.registerEndpointInternal$lambda$15(JavalinServer.kt:150) ~[?:?]
	at io.javalin.core.security.SecurityUtil.noopAccessManager(SecurityUtil.kt:20) ~[?:?]
	at io.javalin.http.JavalinServlet.addHandler$lambda-0(JavalinServlet.kt:96) ~[?:?]
	at io.javalin.http.JavalinServlet$lifecycle$2$1$1.invoke(JavalinServlet.kt:43) ~[?:?]
	at io.javalin.http.JavalinServlet$lifecycle$2$1$1.invoke(JavalinServlet.kt:43) ~[?:?]
	at io.javalin.http.JavalinServletHandler.executeNextTask(JavalinServletHandler.kt:99) ~[?:?]
	at io.javalin.http.JavalinServletHandler.queueNextTaskOrFinish$lambda-1(JavalinServletHandler.kt:85) ~[?:?]
	at java.util.concurrent.CompletableFuture.uniComposeStage(CompletableFuture.java:1187) ~[?:?]
	at java.util.concurrent.CompletableFuture.thenCompose(CompletableFuture.java:2309) ~[?:?]
	at io.javalin.http.JavalinServletHandler.queueNextTaskOrFinish$javalin(JavalinServletHandler.kt:85) ~[?:?]
	at io.javalin.http.JavalinServlet.service(JavalinServlet.kt:89) ~[?:?]
	at javax.servlet.http.HttpServlet.service(HttpServlet.java:790) ~[javax.servlet-api-3.1.0.jar:3.1.0]
	at io.javalin.jetty.JavalinJettyServlet.service(JavalinJettyServlet.kt:58) ~[?:?]
	at javax.servlet.http.HttpServlet.service(HttpServlet.java:790) ~[javax.servlet-api-3.1.0.jar:3.1.0]
	at org.eclipse.jetty.servlet.ServletHolder.handle(ServletHolder.java:799) ~[?:?]
	at org.eclipse.jetty.servlet.ServletHandler$ChainEnd.doFilter(ServletHandler.java:1656) ~[?:?]
	at brave.servlet.TracingFilter.doFilter(TracingFilter.java:89) ~[?:?]
	at org.eclipse.jetty.servlet.FilterHolder.doFilter(FilterHolder.java:193) ~[?:?]
	at org.eclipse.jetty.servlet.ServletHandler$Chain.doFilter(ServletHandler.java:1626) ~[?:?]
	at org.eclipse.jetty.servlet.ServletHandler.doHandle(ServletHandler.java:552) ~[?:?]
	at org.eclipse.jetty.server.handler.ScopedHandler.nextHandle(ScopedHandler.java:233) ~[jetty-server-9.4.54.v20240208.jar:9.4.54.v20240208]
	at org.eclipse.jetty.server.session.SessionHandler.doHandle(SessionHandler.java:1624) ~[jetty-server-9.4.54.v20240208.jar:9.4.54.v20240208]
	at org.eclipse.jetty.server.handler.ScopedHandler.nextHandle(ScopedHandler.java:233) ~[jetty-server-9.4.54.v20240208.jar:9.4.54.v20240208]
	at io.javalin.jetty.JettyServer$start$wsAndHttpHandler$1.doHandle(JettyServer.kt:52) ~[?:?]
	at org.eclipse.jetty.server.handler.ScopedHandler.nextScope(ScopedHandler.java:188) ~[jetty-server-9.4.54.v20240208.jar:9.4.54.v20240208]
	at org.eclipse.jetty.servlet.ServletHandler.doScope(ServletHandler.java:505) ~[?:?]
	at org.eclipse.jetty.server.session.SessionHandler.doScope(SessionHandler.java:1594) ~[jetty-server-9.4.54.v20240208.jar:9.4.54.v20240208]
	at org.eclipse.jetty.server.handler.ScopedHandler.nextScope(ScopedHandler.java:186) ~[jetty-server-9.4.54.v20240208.jar:9.4.54.v20240208]
	at org.eclipse.jetty.server.handler.ContextHandler.doScope(ContextHandler.java:1355) ~[jetty-server-9.4.54.v20240208.jar:9.4.54.v20240208]
	at org.eclipse.jetty.server.handler.ScopedHandler.handle(ScopedHandler.java:141) ~[jetty-server-9.4.54.v20240208.jar:9.4.54.v20240208]
	at org.eclipse.jetty.server.handler.StatisticsHandler.handle(StatisticsHandler.java:181) ~[jetty-server-9.4.54.v20240208.jar:9.4.54.v20240208]
	at org.eclipse.jetty.server.handler.HandlerWrapper.handle(HandlerWrapper.java:127) ~[jetty-server-9.4.54.v20240208.jar:9.4.54.v20240208]
	at org.eclipse.jetty.server.Server.handle(Server.java:516) ~[jetty-server-9.4.54.v20240208.jar:9.4.54.v20240208]
	at org.eclipse.jetty.server.HttpChannel.lambda$handle$1(HttpChannel.java:487) ~[jetty-server-9.4.54.v20240208.jar:9.4.54.v20240208]
	at org.eclipse.jetty.server.HttpChannel.dispatch(HttpChannel.java:732) [jetty-server-9.4.54.v20240208.jar:9.4.54.v20240208]
	at org.eclipse.jetty.server.HttpChannel.handle(HttpChannel.java:479) [jetty-server-9.4.54.v20240208.jar:9.4.54.v20240208]
	at org.eclipse.jetty.server.HttpConnection.onFillable(HttpConnection.java:277) [jetty-server-9.4.54.v20240208.jar:9.4.54.v20240208]
	at org.eclipse.jetty.io.AbstractConnection$ReadCallback.succeeded(AbstractConnection.java:311) [jetty-io-9.4.54.v20240208.jar:9.4.54.v20240208]
	at org.eclipse.jetty.io.FillInterest.fillable(FillInterest.java:105) [jetty-io-9.4.54.v20240208.jar:9.4.54.v20240208]
	at org.eclipse.jetty.io.ChannelEndPoint$1.run(ChannelEndPoint.java:104) [jetty-io-9.4.54.v20240208.jar:9.4.54.v20240208]
	at org.eclipse.jetty.util.thread.strategy.EatWhatYouKill.runTask(EatWhatYouKill.java:338) [jetty-util-9.4.54.v20240208.jar:9.4.54.v20240208]
	at org.eclipse.jetty.util.thread.strategy.EatWhatYouKill.doProduce(EatWhatYouKill.java:315) [jetty-util-9.4.54.v20240208.jar:9.4.54.v20240208]
	at org.eclipse.jetty.util.thread.strategy.EatWhatYouKill.tryProduce(EatWhatYouKill.java:173) [jetty-util-9.4.54.v20240208.jar:9.4.54.v20240208]
	at org.eclipse.jetty.util.thread.strategy.EatWhatYouKill.run(EatWhatYouKill.java:131) [jetty-util-9.4.54.v20240208.jar:9.4.54.v20240208]
	at org.eclipse.jetty.util.thread.ReservedThreadExecutor$ReservedThread.run(ReservedThreadExecutor.java:409) [jetty-util-9.4.54.v20240208.jar:9.4.54.v20240208]
	at org.eclipse.jetty.util.thread.QueuedThreadPool.runJob(QueuedThreadPool.java:883) [jetty-util-9.4.54.v20240208.jar:9.4.54.v20240208]
	at org.eclipse.jetty.util.thread.QueuedThreadPool$Runner.run(QueuedThreadPool.java:1034) [jetty-util-9.4.54.v20240208.jar:9.4.54.v20240208]
	at java.lang.Thread.run(Thread.java:840) [?:?]
Caused by: org.hibernate.exception.JDBCConnectionException: Unable to acquire JDBC Connection
	at org.hibernate.exception.internal.SQLExceptionTypeDelegate.convert(SQLExceptionTypeDelegate.java:48) ~[?:?]
	at org.hibernate.exception.internal.StandardSQLExceptionConverter.convert(StandardSQLExceptionConverter.java:37) ~[?:?]
	at org.hibernate.engine.jdbc.spi.SqlExceptionHelper.convert(SqlExceptionHelper.java:113) ~[?:?]
	at org.hibernate.engine.jdbc.spi.SqlExceptionHelper.convert(SqlExceptionHelper.java:99) ~[?:?]
	at org.hibernate.resource.jdbc.internal.LogicalConnectionManagedImpl.acquireConnectionIfNeeded(LogicalConnectionManagedImpl.java:111) ~[?:?]
	at org.hibernate.resource.jdbc.internal.LogicalConnectionManagedImpl.getPhysicalConnection(LogicalConnectionManagedImpl.java:138) ~[?:?]
	at org.hibernate.resource.jdbc.internal.LogicalConnectionManagedImpl.getConnectionForTransactionManagement(LogicalConnectionManagedImpl.java:276) ~[?:?]
	at org.hibernate.resource.jdbc.internal.LogicalConnectionManagedImpl.begin(LogicalConnectionManagedImpl.java:284) ~[?:?]
	at org.hibernate.resource.transaction.backend.jdbc.internal.JdbcResourceLocalTransactionCoordinatorImpl$TransactionDriverControlImpl.begin(JdbcResourceLocalTransactionCoordinatorImpl.java:246) ~[?:?]
	at org.hibernate.engine.transaction.internal.TransactionImpl.begin(TransactionImpl.java:83) ~[?:?]
	at net.corda.ledger.persistence.utxo.impl.UtxoPersistenceServiceImpl.findTransactionsWithStatusCreatedBetweenTime(UtxoPersistenceServiceImpl.kt:1362) ~[?:?]
	at net.corda.ledger.persistence.utxo.impl.request.handlers.UtxoFindTransactionsWithStatusCreatedBetweenTimeRequestHandler.execute(UtxoFindTransactionsWithStatusCreatedBetweenTimeRequestHandler.kt:24) ~[?:?]
	at net.corda.ledger.persistence.processor.LedgerPersistenceRequestProcessor$process$result$1.invoke(LedgerPersistenceRequestProcessor.kt:70) ~[?:?]
	... 53 more
Caused by: java.sql.SQLTransientConnectionException: HikariPool-21 - Connection is not available, request timed out after 30000ms (total=0, active=0, idle=0, waiting=0)
	at com.zaxxer.hikari.pool.HikariPool.createTimeoutException(HikariPool.java:686) ~[?:?]
	at com.zaxxer.hikari.pool.HikariPool.getConnection(HikariPool.java:179) ~[?:?]
	at com.zaxxer.hikari.pool.HikariPool.getConnection(HikariPool.java:144) ~[?:?]
	at com.zaxxer.hikari.HikariDataSource.getConnection(HikariDataSource.java:99) ~[?:?]
	at net.corda.db.core.DataSourceFactoryImpl$HikariDataSourceWrapper.getConnection(DataSourceFactoryImpl.kt) ~[?:?]
	at org.hibernate.engine.jdbc.connections.internal.DatasourceConnectionProviderImpl.getConnection(DatasourceConnectionProviderImpl.java:122) ~[?:?]
	at org.hibernate.internal.NonContextualJdbcConnectionAccess.obtainConnection(NonContextualJdbcConnectionAccess.java:38) ~[?:?]
	at org.hibernate.resource.jdbc.internal.LogicalConnectionManagedImpl.acquireConnectionIfNeeded(LogicalConnectionManagedImpl.java:108) ~[?:?]
	at org.hibernate.resource.jdbc.internal.LogicalConnectionManagedImpl.getPhysicalConnection(LogicalConnectionManagedImpl.java:138) ~[?:?]
	at org.hibernate.resource.jdbc.internal.LogicalConnectionManagedImpl.getConnectionForTransactionManagement(LogicalConnectionManagedImpl.java:276) ~[?:?]
	at org.hibernate.resource.jdbc.internal.LogicalConnectionManagedImpl.begin(LogicalConnectionManagedImpl.java:284) ~[?:?]
	at org.hibernate.resource.transaction.backend.jdbc.internal.JdbcResourceLocalTransactionCoordinatorImpl$TransactionDriverControlImpl.begin(JdbcResourceLocalTransactionCoordinatorImpl.java:246) ~[?:?]
	at org.hibernate.engine.transaction.internal.TransactionImpl.begin(TransactionImpl.java:83) ~[?:?]
	at net.corda.ledger.persistence.utxo.impl.UtxoPersistenceServiceImpl.findTransactionsWithStatusCreatedBetweenTime(UtxoPersistenceServiceImpl.kt:1362) ~[?:?]
	at net.corda.ledger.persistence.utxo.impl.request.handlers.UtxoFindTransactionsWithStatusCreatedBetweenTimeRequestHandler.execute(UtxoFindTransactionsWithStatusCreatedBetweenTimeRequestHandler.kt:24) ~[?:?]
	at net.corda.ledger.persistence.processor.LedgerPersistenceRequestProcessor$process$result$1.invoke(LedgerPersistenceRequestProcessor.kt:70) ~[?:?]
	... 53 more
Caused by: org.postgresql.util.PSQLException: FATAL: remaining connection slots are reserved for non-replication superuser connections
	at org.postgresql.Driver$ConnectThread.getResult(Driver.java:397) ~[?:?]
	at org.postgresql.Driver.connect(Driver.java:305) ~[?:?]
	at java.sql.DriverManager.getConnection(DriverManager.java:681) ~[java.sql:?]
	at java.sql.DriverManager.getConnection(DriverManager.java:229) ~[java.sql:?]
	at org.postgresql.ds.common.BaseDataSource.getConnection(BaseDataSource.java:104) ~[?:?]
	at org.postgresql.ds.common.BaseDataSource.getConnection(BaseDataSource.java:88) ~[?:?]
	at com.zaxxer.hikari.pool.PoolBase.newConnection(PoolBase.java:360) ~[?:?]
	at com.zaxxer.hikari.pool.PoolBase.newPoolEntry(PoolBase.java:202) ~[?:?]
	at com.zaxxer.hikari.pool.HikariPool.createPoolEntry(HikariPool.java:461) ~[?:?]
	at com.zaxxer.hikari.pool.HikariPool$PoolEntryCreator.call(HikariPool.java:724) ~[?:?]
	at com.zaxxer.hikari.pool.HikariPool$PoolEntryCreator.call(HikariPool.java:703) ~[?:?]
	at java.util.concurrent.FutureTask.run(FutureTask.java:264) ~[?:?]
	at java.util.concurrent.ThreadPoolExecutor.runWorker(ThreadPoolExecutor.java:1136) ~[?:?]
	at java.util.concurrent.ThreadPoolExecutor$Worker.run(ThreadPoolExecutor.java:635) ~[?:?]
	... 1 more
2026-03-26 23:56:44.317 [flow-event-mediator-thread-0] WARN  net.corda.messaging.mediator.RPCClient {} - Intermittent error in RPCClient request http://localhost:7004/api/5.2/ledger: 
net.corda.messaging.api.exception.CordaHTTPClientSideTransientException: Server returned a transient error
	at net.corda.messaging.utils.HTTPRetryExecutor$Companion.checkResponseStatus(HTTPRetryExecutor.kt:75) ~[?:?]
	at net.corda.messaging.utils.HTTPRetryExecutor$Companion.tryAttempt(HTTPRetryExecutor.kt:46) ~[?:?]
	at net.corda.messaging.utils.HTTPRetryExecutor$Companion.withConfig(HTTPRetryExecutor.kt:23) ~[?:?]
	at net.corda.messaging.mediator.RPCClient.sendWithRetry(RPCClient.kt:132) ~[?:?]
	at net.corda.messaging.mediator.RPCClient.processMessage(RPCClient.kt:61) ~[?:?]
	at net.corda.messaging.mediator.RPCClient.send(RPCClient.kt:52) ~[?:?]
	at net.corda.messaging.mediator.processor.EventProcessor.processSyncEvents(EventProcessor.kt:191) ~[?:?]
	at net.corda.messaging.mediator.processor.EventProcessor.processConsumerInput(EventProcessor.kt:144) ~[?:?]
	at net.corda.messaging.mediator.processor.EventProcessor.processRecords(EventProcessor.kt:78) ~[?:?]
	at net.corda.messaging.mediator.processor.EventProcessor.processEvents(EventProcessor.kt:64) ~[?:?]
	at net.corda.messaging.mediator.processor.ConsumerProcessor$processInputs$2$future$1.invoke(ConsumerProcessor.kt:169) ~[?:?]
	at net.corda.messaging.mediator.processor.ConsumerProcessor$processInputs$2$future$1.invoke(ConsumerProcessor.kt:168) ~[?:?]
	at net.corda.taskmanager.impl.TaskManagerImpl.executeShortRunningTask$lambda$1(TaskManagerImpl.kt:40) ~[?:?]
	at io.micrometer.core.instrument.internal.TimedCallable.call(TimedCallable.java:51) [micrometer-core-1.12.3.jar:1.12.3]
	at java.util.concurrent.FutureTask.run(FutureTask.java:264) [?:?]
	at java.util.concurrent.ThreadPoolExecutor.runWorker(ThreadPoolExecutor.java:1136) [?:?]
	at java.util.concurrent.ThreadPoolExecutor$Worker.run(ThreadPoolExecutor.java:635) [?:?]
	at java.lang.Thread.run(Thread.java:840) [?:?]
2026-03-26 23:56:44.321 [flow-event-mediator-thread-0] INFO  net.corda.flow.pipeline.handlers.events.StartFlowEventHandler {corda.client.id=ledger-repair-7BB3E95CF268-1774568251258, flow.id=566f82e0-33e4-41b4-95f0-e971caf00b7c, spanId=9a2cb769946c32f9, traceId=69c5c593256c1684fc209c2cd993a021, vnode.id=7BB3E95CF268} - Flow [566f82e0-33e4-41b4-95f0-e971caf00b7c] started
2026-03-26 23:56:44.313 [JettyServerThreadPool-983] WARN  net.corda.messaging.subscription.SyncRPCSubscriptionImpl {spanId=3ee0fe1d518f3652, traceId=69c5c5939b0f70e386dcd2b9d51083ac, vnode.id=E3193F94C243} - Transient error processing RPC request for Endpoint(methodType=POST, path='/ledger', isApi=true): Transient server exception while processing request 'f1681403-3de5-414e-85b1-eea1734e7b89-iNzKctuAo9jo5bXguJnU/PqTNmHS3yTV+azsIbZKixo=-1'. Cause: Unable to acquire JDBC Connection
net.corda.messaging.api.exception.CordaHTTPServerTransientException: Transient server exception while processing request 'f1681403-3de5-414e-85b1-eea1734e7b89-iNzKctuAo9jo5bXguJnU/PqTNmHS3yTV+azsIbZKixo=-1'. Cause: Unable to acquire JDBC Connection
	at net.corda.persistence.common.ResponseFactoryImpl.errorResponse(ResponseFactoryImpl.kt:60) ~[?:?]
	at net.corda.ledger.persistence.processor.LedgerPersistenceRequestProcessor$process$result$1.invoke(LedgerPersistenceRequestProcessor.kt:82) ~[?:?]
	at net.corda.ledger.persistence.processor.LedgerPersistenceRequestProcessor$process$result$1.invoke(LedgerPersistenceRequestProcessor.kt:52) ~[?:?]
	at net.corda.utilities.LogUtilsKt.withMDC(LogUtils.kt:73) ~[?:?]
	at net.corda.ledger.persistence.processor.LedgerPersistenceRequestProcessor.process(LedgerPersistenceRequestProcessor.kt:52) ~[?:?]
	at net.corda.ledger.persistence.processor.LedgerPersistenceRequestProcessor.process(LedgerPersistenceRequestProcessor.kt:29) ~[?:?]
	at net.corda.messaging.subscription.SyncRPCSubscriptionImpl.registerEndpoint$lambda$1(SyncRPCSubscriptionImpl.kt:92) ~[?:?]
	at net.corda.web.server.JavalinServer.registerEndpointInternal$lambda$15(JavalinServer.kt:150) ~[?:?]
	at io.javalin.core.security.SecurityUtil.noopAccessManager(SecurityUtil.kt:20) ~[?:?]
	at io.javalin.http.JavalinServlet.addHandler$lambda-0(JavalinServlet.kt:96) ~[?:?]
	at io.javalin.http.JavalinServlet$lifecycle$2$1$1.invoke(JavalinServlet.kt:43) ~[?:?]
	at io.javalin.http.JavalinServlet$lifecycle$2$1$1.invoke(JavalinServlet.kt:43) ~[?:?]
	at io.javalin.http.JavalinServletHandler.executeNextTask(JavalinServletHandler.kt:99) ~[?:?]
	at io.javalin.http.JavalinServletHandler.queueNextTaskOrFinish$lambda-1(JavalinServletHandler.kt:85) ~[?:?]
	at java.util.concurrent.CompletableFuture.uniComposeStage(CompletableFuture.java:1187) ~[?:?]
	at java.util.concurrent.CompletableFuture.thenCompose(CompletableFuture.java:2309) ~[?:?]
	at io.javalin.http.JavalinServletHandler.queueNextTaskOrFinish$javalin(JavalinServletHandler.kt:85) ~[?:?]
	at io.javalin.http.JavalinServlet.service(JavalinServlet.kt:89) ~[?:?]
	at javax.servlet.http.HttpServlet.service(HttpServlet.java:790) ~[javax.servlet-api-3.1.0.jar:3.1.0]
	at io.javalin.jetty.JavalinJettyServlet.service(JavalinJettyServlet.kt:58) ~[?:?]
	at javax.servlet.http.HttpServlet.service(HttpServlet.java:790) ~[javax.servlet-api-3.1.0.jar:3.1.0]
	at org.eclipse.jetty.servlet.ServletHolder.handle(ServletHolder.java:799) ~[?:?]
	at org.eclipse.jetty.servlet.ServletHandler$ChainEnd.doFilter(ServletHandler.java:1656) ~[?:?]
	at brave.servlet.TracingFilter.doFilter(TracingFilter.java:89) ~[?:?]
	at org.eclipse.jetty.servlet.FilterHolder.doFilter(FilterHolder.java:193) ~[?:?]
	at org.eclipse.jetty.servlet.ServletHandler$Chain.doFilter(ServletHandler.java:1626) ~[?:?]
	at org.eclipse.jetty.servlet.ServletHandler.doHandle(ServletHandler.java:552) ~[?:?]
	at org.eclipse.jetty.server.handler.ScopedHandler.nextHandle(ScopedHandler.java:233) ~[jetty-server-9.4.54.v20240208.jar:9.4.54.v20240208]
	at org.eclipse.jetty.server.session.SessionHandler.doHandle(SessionHandler.java:1624) ~[jetty-server-9.4.54.v20240208.jar:9.4.54.v20240208]
	at org.eclipse.jetty.server.handler.ScopedHandler.nextHandle(ScopedHandler.java:233) ~[jetty-server-9.4.54.v20240208.jar:9.4.54.v20240208]
	at io.javalin.jetty.JettyServer$start$wsAndHttpHandler$1.doHandle(JettyServer.kt:52) ~[?:?]
	at org.eclipse.jetty.server.handler.ScopedHandler.nextScope(ScopedHandler.java:188) ~[jetty-server-9.4.54.v20240208.jar:9.4.54.v20240208]
	at org.eclipse.jetty.servlet.ServletHandler.doScope(ServletHandler.java:505) ~[?:?]
	at org.eclipse.jetty.server.session.SessionHandler.doScope(SessionHandler.java:1594) ~[jetty-server-9.4.54.v20240208.jar:9.4.54.v20240208]
	at org.eclipse.jetty.server.handler.ScopedHandler.nextScope(ScopedHandler.java:186) ~[jetty-server-9.4.54.v20240208.jar:9.4.54.v20240208]
	at org.eclipse.jetty.server.handler.ContextHandler.doScope(ContextHandler.java:1355) ~[jetty-server-9.4.54.v20240208.jar:9.4.54.v20240208]
	at org.eclipse.jetty.server.handler.ScopedHandler.handle(ScopedHandler.java:141) ~[jetty-server-9.4.54.v20240208.jar:9.4.54.v20240208]
	at org.eclipse.jetty.server.handler.StatisticsHandler.handle(StatisticsHandler.java:181) ~[jetty-server-9.4.54.v20240208.jar:9.4.54.v20240208]
	at org.eclipse.jetty.server.handler.HandlerWrapper.handle(HandlerWrapper.java:127) ~[jetty-server-9.4.54.v20240208.jar:9.4.54.v20240208]
	at org.eclipse.jetty.server.Server.handle(Server.java:516) ~[jetty-server-9.4.54.v20240208.jar:9.4.54.v20240208]
	at org.eclipse.jetty.server.HttpChannel.lambda$handle$1(HttpChannel.java:487) ~[jetty-server-9.4.54.v20240208.jar:9.4.54.v20240208]
	at org.eclipse.jetty.server.HttpChannel.dispatch(HttpChannel.java:732) [jetty-server-9.4.54.v20240208.jar:9.4.54.v20240208]
	at org.eclipse.jetty.server.HttpChannel.handle(HttpChannel.java:479) [jetty-server-9.4.54.v20240208.jar:9.4.54.v20240208]
	at org.eclipse.jetty.server.HttpConnection.onFillable(HttpConnection.java:277) [jetty-server-9.4.54.v20240208.jar:9.4.54.v20240208]
	at org.eclipse.jetty.io.AbstractConnection$ReadCallback.succeeded(AbstractConnection.java:311) [jetty-io-9.4.54.v20240208.jar:9.4.54.v20240208]
	at org.eclipse.jetty.io.FillInterest.fillable(FillInterest.java:105) [jetty-io-9.4.54.v20240208.jar:9.4.54.v20240208]
	at org.eclipse.jetty.io.ChannelEndPoint$1.run(ChannelEndPoint.java:104) [jetty-io-9.4.54.v20240208.jar:9.4.54.v20240208]
	at org.eclipse.jetty.util.thread.strategy.EatWhatYouKill.runTask(EatWhatYouKill.java:338) [jetty-util-9.4.54.v20240208.jar:9.4.54.v20240208]
	at org.eclipse.jetty.util.thread.strategy.EatWhatYouKill.doProduce(EatWhatYouKill.java:315) [jetty-util-9.4.54.v20240208.jar:9.4.54.v20240208]
	at org.eclipse.jetty.util.thread.strategy.EatWhatYouKill.tryProduce(EatWhatYouKill.java:173) [jetty-util-9.4.54.v20240208.jar:9.4.54.v20240208]
	at org.eclipse.jetty.util.thread.strategy.EatWhatYouKill.run(EatWhatYouKill.java:131) [jetty-util-9.4.54.v20240208.jar:9.4.54.v20240208]
	at org.eclipse.jetty.util.thread.ReservedThreadExecutor$ReservedThread.run(ReservedThreadExecutor.java:409) [jetty-util-9.4.54.v20240208.jar:9.4.54.v20240208]
	at org.eclipse.jetty.util.thread.QueuedThreadPool.runJob(QueuedThreadPool.java:883) [jetty-util-9.4.54.v20240208.jar:9.4.54.v20240208]
	at org.eclipse.jetty.util.thread.QueuedThreadPool$Runner.run(QueuedThreadPool.java:1034) [jetty-util-9.4.54.v20240208.jar:9.4.54.v20240208]
	at java.lang.Thread.run(Thread.java:840) [?:?]
Caused by: org.hibernate.exception.JDBCConnectionException: Unable to acquire JDBC Connection
	at org.hibernate.exception.internal.SQLExceptionTypeDelegate.convert(SQLExceptionTypeDelegate.java:48) ~[?:?]
	at org.hibernate.exception.internal.StandardSQLExceptionConverter.convert(StandardSQLExceptionConverter.java:37) ~[?:?]
	at org.hibernate.engine.jdbc.spi.SqlExceptionHelper.convert(SqlExceptionHelper.java:113) ~[?:?]
	at org.hibernate.engine.jdbc.spi.SqlExceptionHelper.convert(SqlExceptionHelper.java:99) ~[?:?]
	at org.hibernate.resource.jdbc.internal.LogicalConnectionManagedImpl.acquireConnectionIfNeeded(LogicalConnectionManagedImpl.java:111) ~[?:?]
	at org.hibernate.resource.jdbc.internal.LogicalConnectionManagedImpl.getPhysicalConnection(LogicalConnectionManagedImpl.java:138) ~[?:?]
	at org.hibernate.resource.jdbc.internal.LogicalConnectionManagedImpl.getConnectionForTransactionManagement(LogicalConnectionManagedImpl.java:276) ~[?:?]
	at org.hibernate.resource.jdbc.internal.LogicalConnectionManagedImpl.begin(LogicalConnectionManagedImpl.java:284) ~[?:?]
	at org.hibernate.resource.transaction.backend.jdbc.internal.JdbcResourceLocalTransactionCoordinatorImpl$TransactionDriverControlImpl.begin(JdbcResourceLocalTransactionCoordinatorImpl.java:246) ~[?:?]
	at org.hibernate.engine.transaction.internal.TransactionImpl.begin(TransactionImpl.java:83) ~[?:?]
	at net.corda.ledger.persistence.utxo.impl.UtxoPersistenceServiceImpl.findTransactionsWithStatusCreatedBetweenTime(UtxoPersistenceServiceImpl.kt:1362) ~[?:?]
	at net.corda.ledger.persistence.utxo.impl.request.handlers.UtxoFindTransactionsWithStatusCreatedBetweenTimeRequestHandler.execute(UtxoFindTransactionsWithStatusCreatedBetweenTimeRequestHandler.kt:24) ~[?:?]
	at net.corda.ledger.persistence.processor.LedgerPersistenceRequestProcessor$process$result$1.invoke(LedgerPersistenceRequestProcessor.kt:70) ~[?:?]
	... 53 more
Caused by: java.sql.SQLTransientConnectionException: HikariPool-22 - Connection is not available, request timed out after 30000ms (total=0, active=0, idle=0, waiting=0)
	at com.zaxxer.hikari.pool.HikariPool.createTimeoutException(HikariPool.java:686) ~[?:?]
	at com.zaxxer.hikari.pool.HikariPool.getConnection(HikariPool.java:179) ~[?:?]
	at com.zaxxer.hikari.pool.HikariPool.getConnection(HikariPool.java:144) ~[?:?]
	at com.zaxxer.hikari.HikariDataSource.getConnection(HikariDataSource.java:99) ~[?:?]
	at net.corda.db.core.DataSourceFactoryImpl$HikariDataSourceWrapper.getConnection(DataSourceFactoryImpl.kt) ~[?:?]
	at org.hibernate.engine.jdbc.connections.internal.DatasourceConnectionProviderImpl.getConnection(DatasourceConnectionProviderImpl.java:122) ~[?:?]
	at org.hibernate.internal.NonContextualJdbcConnectionAccess.obtainConnection(NonContextualJdbcConnectionAccess.java:38) ~[?:?]
	at org.hibernate.resource.jdbc.internal.LogicalConnectionManagedImpl.acquireConnectionIfNeeded(LogicalConnectionManagedImpl.java:108) ~[?:?]
	at org.hibernate.resource.jdbc.internal.LogicalConnectionManagedImpl.getPhysicalConnection(LogicalConnectionManagedImpl.java:138) ~[?:?]
	at org.hibernate.resource.jdbc.internal.LogicalConnectionManagedImpl.getConnectionForTransactionManagement(LogicalConnectionManagedImpl.java:276) ~[?:?]
	at org.hibernate.resource.jdbc.internal.LogicalConnectionManagedImpl.begin(LogicalConnectionManagedImpl.java:284) ~[?:?]
	at org.hibernate.resource.transaction.backend.jdbc.internal.JdbcResourceLocalTransactionCoordinatorImpl$TransactionDriverControlImpl.begin(JdbcResourceLocalTransactionCoordinatorImpl.java:246) ~[?:?]
	at org.hibernate.engine.transaction.internal.TransactionImpl.begin(TransactionImpl.java:83) ~[?:?]
	at net.corda.ledger.persistence.utxo.impl.UtxoPersistenceServiceImpl.findTransactionsWithStatusCreatedBetweenTime(UtxoPersistenceServiceImpl.kt:1362) ~[?:?]
	at net.corda.ledger.persistence.utxo.impl.request.handlers.UtxoFindTransactionsWithStatusCreatedBetweenTimeRequestHandler.execute(UtxoFindTransactionsWithStatusCreatedBetweenTimeRequestHandler.kt:24) ~[?:?]
	at net.corda.ledger.persistence.processor.LedgerPersistenceRequestProcessor$process$result$1.invoke(LedgerPersistenceRequestProcessor.kt:70) ~[?:?]
	... 53 more
Caused by: org.postgresql.util.PSQLException: FATAL: remaining connection slots are reserved for non-replication superuser connections
	at org.postgresql.Driver$ConnectThread.getResult(Driver.java:397) ~[?:?]
	at org.postgresql.Driver.connect(Driver.java:305) ~[?:?]
	at java.sql.DriverManager.getConnection(DriverManager.java:681) ~[java.sql:?]
	at java.sql.DriverManager.getConnection(DriverManager.java:229) ~[java.sql:?]
	at org.postgresql.ds.common.BaseDataSource.getConnection(BaseDataSource.java:104) ~[?:?]
	at org.postgresql.ds.common.BaseDataSource.getConnection(BaseDataSource.java:88) ~[?:?]
	at com.zaxxer.hikari.pool.PoolBase.newConnection(PoolBase.java:360) ~[?:?]
	at com.zaxxer.hikari.pool.PoolBase.newPoolEntry(PoolBase.java:202) ~[?:?]
	at com.zaxxer.hikari.pool.HikariPool.createPoolEntry(HikariPool.java:461) ~[?:?]
	at com.zaxxer.hikari.pool.HikariPool$PoolEntryCreator.call(HikariPool.java:724) ~[?:?]
	at com.zaxxer.hikari.pool.HikariPool$PoolEntryCreator.call(HikariPool.java:703) ~[?:?]
	at java.util.concurrent.FutureTask.run(FutureTask.java:264) ~[?:?]
	at java.util.concurrent.ThreadPoolExecutor.runWorker(ThreadPoolExecutor.java:1136) ~[?:?]
	at java.util.concurrent.ThreadPoolExecutor$Worker.run(ThreadPoolExecutor.java:635) ~[?:?]
	... 1 more
2026-03-26 23:56:44.332 [flow-event-mediator-thread-7] WARN  net.corda.messaging.mediator.RPCClient {} - Intermittent error in RPCClient request http://localhost:7004/api/5.2/ledger: 
net.corda.messaging.api.exception.CordaHTTPClientSideTransientException: Server returned a transient error
	at net.corda.messaging.utils.HTTPRetryExecutor$Companion.checkResponseStatus(HTTPRetryExecutor.kt:75) ~[?:?]
	at net.corda.messaging.utils.HTTPRetryExecutor$Companion.tryAttempt(HTTPRetryExecutor.kt:46) ~[?:?]
	at net.corda.messaging.utils.HTTPRetryExecutor$Companion.withConfig(HTTPRetryExecutor.kt:23) ~[?:?]
	at net.corda.messaging.mediator.RPCClient.sendWithRetry(RPCClient.kt:132) ~[?:?]
	at net.corda.messaging.mediator.RPCClient.processMessage(RPCClient.kt:61) ~[?:?]
	at net.corda.messaging.mediator.RPCClient.send(RPCClient.kt:52) ~[?:?]
	at net.corda.messaging.mediator.processor.EventProcessor.processSyncEvents(EventProcessor.kt:191) ~[?:?]
	at net.corda.messaging.mediator.processor.EventProcessor.processConsumerInput(EventProcessor.kt:144) ~[?:?]
	at net.corda.messaging.mediator.processor.EventProcessor.processRecords(EventProcessor.kt:78) ~[?:?]
	at net.corda.messaging.mediator.processor.EventProcessor.processEvents(EventProcessor.kt:64) ~[?:?]
	at net.corda.messaging.mediator.processor.ConsumerProcessor$processInputs$2$future$1.invoke(ConsumerProcessor.kt:169) ~[?:?]
	at net.corda.messaging.mediator.processor.ConsumerProcessor$processInputs$2$future$1.invoke(ConsumerProcessor.kt:168) ~[?:?]
	at net.corda.taskmanager.impl.TaskManagerImpl.executeShortRunningTask$lambda$1(TaskManagerImpl.kt:40) ~[?:?]
	at io.micrometer.core.instrument.internal.TimedCallable.call(TimedCallable.java:51) [micrometer-core-1.12.3.jar:1.12.3]
	at java.util.concurrent.FutureTask.run(FutureTask.java:264) [?:?]
	at java.util.concurrent.ThreadPoolExecutor.runWorker(ThreadPoolExecutor.java:1136) [?:?]
	at java.util.concurrent.ThreadPoolExecutor$Worker.run(ThreadPoolExecutor.java:635) [?:?]
	at java.lang.Thread.run(Thread.java:840) [?:?]
2026-03-26 23:57:13.518 [kafka-producer-network-thread | producer--SCHEDULER_WRITER] INFO  net.corda.tracing.brave.BraveTracingService$LogReporter {spanId=7401005d62037ef9, traceId=69c5c7d9248c50aa7401005d62037ef9} - {"traceId":"69c5c7d9248c50aa7401005d62037ef9","id":"7401005d62037ef9","name":"kafka producer - send record to topic scheduled.task.flow.status.processor","timestamp":1774569433517421,"duration":1300,"localEndpoint":{"serviceName":"combined worker","ipv4":"172.18.0.5"},"tags":{"send.offset":"3440","send.partition":"0","send.topic":"scheduled.task.flow.status.processor"}}
2026-03-26 23:57:13.810 [flow-event-mediator-long-running-thread-a4034793-a8d0-4915-ab70-3deb64b9e005] WARN  net.corda.messaging.mediator.StateManagerHelper {} - State with key e3a2358c-64ba-46b4-936d-350e714f538e will be marked as failed, timeout occurred while processing events.
2026-03-26 23:57:13.810 [flow-event-mediator-long-running-thread-a4034793-a8d0-4915-ab70-3deb64b9e005] WARN  net.corda.messaging.mediator.StateManagerHelper {} - State with key 566f82e0-33e4-41b4-95f0-e971caf00b7c will be marked as failed, timeout occurred while processing events.
2026-03-26 23:57:13.810 [flow-event-mediator-long-running-thread-a4034793-a8d0-4915-ab70-3deb64b9e005] WARN  net.corda.messaging.mediator.StateManagerHelper {} - State with key f1681403-3de5-414e-85b1-eea1734e7b89 will be marked as failed, timeout occurred while processing events.
2026-03-26 23:57:13.810 [flow-event-mediator-long-running-thread-a4034793-a8d0-4915-ab70-3deb64b9e005] WARN  net.corda.messaging.mediator.processor.ConsumerProcessor-FlowEventMediator {} - Cancelling task for key(s) [e3a2358c-64ba-46b4-936d-350e714f538e, 566f82e0-33e4-41b4-95f0-e971caf00b7c, f1681403-3de5-414e-85b1-eea1734e7b89]
2026-03-26 23:57:13.810 [flow-event-mediator-long-running-thread-a4034793-a8d0-4915-ab70-3deb64b9e005] WARN  net.corda.messaging.mediator.processor.ConsumerProcessor-FlowEventMediator {} - Retrying processing: Retrying poll and process due to 3/0 retryable failures/transient failures (out of 3 total outputs).
2026-03-26 23:57:13.817 [flow-event-mediator-thread-1] INFO  net.corda.flow.pipeline.handlers.events.StartFlowEventHandler {corda.client.id=ledger-repair-524FEE159D0F-1774568251258, flow.id=e3a2358c-64ba-46b4-936d-350e714f538e, spanId=a3961e89230913c5, traceId=69c5c59351b0d06fd3275061f8e428f1, vnode.id=524FEE159D0F} - Flow [e3a2358c-64ba-46b4-936d-350e714f538e] started
2026-03-26 23:57:13.811 [flow-event-mediator-thread-0] INFO  net.corda.messaging.mediator.RPCClient {} - Thread interrupted calling RPCClient: http://localhost:7004/api/5.2/ledger
java.lang.InterruptedException: null
	at java.util.concurrent.CompletableFuture.reportGet(CompletableFuture.java:386) ~[?:?]
	at java.util.concurrent.CompletableFuture.get(CompletableFuture.java:2073) ~[?:?]
	at jdk.internal.net.http.HttpClientImpl.send(HttpClientImpl.java:553) ~[java.net.http:?]
	at jdk.internal.net.http.HttpClientFacade.send(HttpClientFacade.java:123) ~[java.net.http:?]
	at net.corda.messaging.mediator.RPCClient$sendWithRetry$1.invoke(RPCClient.kt:133) ~[?:?]
	at net.corda.messaging.mediator.RPCClient$sendWithRetry$1.invoke(RPCClient.kt:132) ~[?:?]
	at net.corda.messaging.utils.HTTPRetryExecutor$Companion.tryAttempt(HTTPRetryExecutor.kt:45) ~[?:?]
	at net.corda.messaging.utils.HTTPRetryExecutor$Companion.withConfig(HTTPRetryExecutor.kt:23) ~[?:?]
	at net.corda.messaging.mediator.RPCClient.sendWithRetry(RPCClient.kt:132) ~[?:?]
	at net.corda.messaging.mediator.RPCClient.processMessage(RPCClient.kt:61) ~[?:?]
	at net.corda.messaging.mediator.RPCClient.send(RPCClient.kt:52) ~[?:?]
	at net.corda.messaging.mediator.processor.EventProcessor.processSyncEvents(EventProcessor.kt:191) ~[?:?]
	at net.corda.messaging.mediator.processor.EventProcessor.processConsumerInput(EventProcessor.kt:144) ~[?:?]
	at net.corda.messaging.mediator.processor.EventProcessor.processRecords(EventProcessor.kt:78) ~[?:?]
	at net.corda.messaging.mediator.processor.EventProcessor.processEvents(EventProcessor.kt:64) ~[?:?]
	at net.corda.messaging.mediator.processor.ConsumerProcessor$processInputs$2$future$1.invoke(ConsumerProcessor.kt:169) ~[?:?]
	at net.corda.messaging.mediator.processor.ConsumerProcessor$processInputs$2$future$1.invoke(ConsumerProcessor.kt:168) ~[?:?]
	at net.corda.taskmanager.impl.TaskManagerImpl.executeShortRunningTask$lambda$1(TaskManagerImpl.kt:40) ~[?:?]
	at io.micrometer.core.instrument.internal.TimedCallable.call(TimedCallable.java:51) [micrometer-core-1.12.3.jar:1.12.3]
	at java.util.concurrent.FutureTask.run(FutureTask.java:264) [?:?]
	at java.util.concurrent.ThreadPoolExecutor.runWorker(ThreadPoolExecutor.java:1136) [?:?]
	at java.util.concurrent.ThreadPoolExecutor$Worker.run(ThreadPoolExecutor.java:635) [?:?]
	at java.lang.Thread.run(Thread.java:840) [?:?]
2026-03-26 23:57:13.822 [flow-event-mediator-thread-0] WARN  net.corda.messaging.mediator.StateManagerHelper {} - State with key 566f82e0-33e4-41b4-95f0-e971caf00b7c will be marked as failed, unable to contact Corda services while processing events.
2026-03-26 23:57:13.822 [flow-event-mediator-thread-0] INFO  net.corda.flow.pipeline.handlers.events.StartFlowEventHandler {corda.client.id=ledger-repair-E3193F94C243-1774568251258, flow.id=f1681403-3de5-414e-85b1-eea1734e7b89, spanId=e41605c3f229ba3b, traceId=69c5c5939b0f70e386dcd2b9d51083ac, vnode.id=E3193F94C243} - Flow [f1681403-3de5-414e-85b1-eea1734e7b89] started
2026-03-26 23:57:14.330 [JettyServerThreadPool-15575] WARN  org.hibernate.engine.jdbc.spi.SqlExceptionHelper {corda.client.id=ledger-repair-7BB3E95CF268-1774568251258, corda.external.event.id=566f82e0-33e4-41b4-95f0-e971caf00b7c-iNzKctuAo9jo5bXguJnU/PqTNmHS3yTV+azsIbZKixo=-1, spanId=f453fe6ae031176b, traceId=69c5c593256c1684fc209c2cd993a021, vnode.id=7BB3E95CF268} - SQL Error: 0, SQLState: 53300
2026-03-26 23:57:14.330 [JettyServerThreadPool-15575] ERROR org.hibernate.engine.jdbc.spi.SqlExceptionHelper {corda.client.id=ledger-repair-7BB3E95CF268-1774568251258, corda.external.event.id=566f82e0-33e4-41b4-95f0-e971caf00b7c-iNzKctuAo9jo5bXguJnU/PqTNmHS3yTV+azsIbZKixo=-1, spanId=f453fe6ae031176b, traceId=69c5c593256c1684fc209c2cd993a021, vnode.id=7BB3E95CF268} - HikariPool-20 - Connection is not available, request timed out after 30001ms (total=0, active=0, idle=0, waiting=0)
2026-03-26 23:57:14.330 [JettyServerThreadPool-15575] ERROR org.hibernate.engine.jdbc.spi.SqlExceptionHelper {corda.client.id=ledger-repair-7BB3E95CF268-1774568251258, corda.external.event.id=566f82e0-33e4-41b4-95f0-e971caf00b7c-iNzKctuAo9jo5bXguJnU/PqTNmHS3yTV+azsIbZKixo=-1, spanId=f453fe6ae031176b, traceId=69c5c593256c1684fc209c2cd993a021, vnode.id=7BB3E95CF268} - FATAL: remaining connection slots are reserved for non-replication superuser connections
2026-03-26 23:57:14.330 [JettyServerThreadPool-15575] ERROR net.corda.ledger.persistence.processor.LedgerPersistenceRequestProcessor {corda.client.id=ledger-repair-7BB3E95CF268-1774568251258, corda.external.event.id=566f82e0-33e4-41b4-95f0-e971caf00b7c-iNzKctuAo9jo5bXguJnU/PqTNmHS3yTV+azsIbZKixo=-1, spanId=f453fe6ae031176b, traceId=69c5c593256c1684fc209c2cd993a021, vnode.id=7BB3E95CF268} - Unable to acquire JDBC Connection
org.hibernate.exception.JDBCConnectionException: Unable to acquire JDBC Connection
	at org.hibernate.exception.internal.SQLExceptionTypeDelegate.convert(SQLExceptionTypeDelegate.java:48) ~[?:?]
	at org.hibernate.exception.internal.StandardSQLExceptionConverter.convert(StandardSQLExceptionConverter.java:37) ~[?:?]
	at org.hibernate.engine.jdbc.spi.SqlExceptionHelper.convert(SqlExceptionHelper.java:113) ~[?:?]
	at org.hibernate.engine.jdbc.spi.SqlExceptionHelper.convert(SqlExceptionHelper.java:99) ~[?:?]
	at org.hibernate.resource.jdbc.internal.LogicalConnectionManagedImpl.acquireConnectionIfNeeded(LogicalConnectionManagedImpl.java:111) ~[?:?]
	at org.hibernate.resource.jdbc.internal.LogicalConnectionManagedImpl.getPhysicalConnection(LogicalConnectionManagedImpl.java:138) ~[?:?]
	at org.hibernate.resource.jdbc.internal.LogicalConnectionManagedImpl.getConnectionForTransactionManagement(LogicalConnectionManagedImpl.java:276) ~[?:?]
	at org.hibernate.resource.jdbc.internal.LogicalConnectionManagedImpl.begin(LogicalConnectionManagedImpl.java:284) ~[?:?]
	at org.hibernate.resource.transaction.backend.jdbc.internal.JdbcResourceLocalTransactionCoordinatorImpl$TransactionDriverControlImpl.begin(JdbcResourceLocalTransactionCoordinatorImpl.java:246) ~[?:?]
	at org.hibernate.engine.transaction.internal.TransactionImpl.begin(TransactionImpl.java:83) ~[?:?]
	at net.corda.ledger.persistence.utxo.impl.UtxoPersistenceServiceImpl.findTransactionsWithStatusCreatedBetweenTime(UtxoPersistenceServiceImpl.kt:1362) ~[?:?]
	at net.corda.ledger.persistence.utxo.impl.request.handlers.UtxoFindTransactionsWithStatusCreatedBetweenTimeRequestHandler.execute(UtxoFindTransactionsWithStatusCreatedBetweenTimeRequestHandler.kt:24) ~[?:?]
	at net.corda.ledger.persistence.processor.LedgerPersistenceRequestProcessor$process$result$1.invoke(LedgerPersistenceRequestProcessor.kt:70) ~[?:?]
	at net.corda.ledger.persistence.processor.LedgerPersistenceRequestProcessor$process$result$1.invoke(LedgerPersistenceRequestProcessor.kt:52) ~[?:?]
	at net.corda.utilities.LogUtilsKt.withMDC(LogUtils.kt:73) ~[?:?]
	at net.corda.ledger.persistence.processor.LedgerPersistenceRequestProcessor.process(LedgerPersistenceRequestProcessor.kt:52) ~[?:?]
	at net.corda.ledger.persistence.processor.LedgerPersistenceRequestProcessor.process(LedgerPersistenceRequestProcessor.kt:29) ~[?:?]
	at net.corda.messaging.subscription.SyncRPCSubscriptionImpl.registerEndpoint$lambda$1(SyncRPCSubscriptionImpl.kt:92) ~[?:?]
	at net.corda.web.server.JavalinServer.registerEndpointInternal$lambda$15(JavalinServer.kt:150) ~[?:?]
	at io.javalin.core.security.SecurityUtil.noopAccessManager(SecurityUtil.kt:20) ~[?:?]
	at io.javalin.http.JavalinServlet.addHandler$lambda-0(JavalinServlet.kt:96) ~[?:?]
	at io.javalin.http.JavalinServlet$lifecycle$2$1$1.invoke(JavalinServlet.kt:43) ~[?:?]
	at io.javalin.http.JavalinServlet$lifecycle$2$1$1.invoke(JavalinServlet.kt:43) ~[?:?]
	at io.javalin.http.JavalinServletHandler.executeNextTask(JavalinServletHandler.kt:99) ~[?:?]
	at io.javalin.http.JavalinServletHandler.queueNextTaskOrFinish$lambda-1(JavalinServletHandler.kt:85) ~[?:?]
	at java.util.concurrent.CompletableFuture.uniComposeStage(CompletableFuture.java:1187) ~[?:?]
	at java.util.concurrent.CompletableFuture.thenCompose(CompletableFuture.java:2309) ~[?:?]
	at io.javalin.http.JavalinServletHandler.queueNextTaskOrFinish$javalin(JavalinServletHandler.kt:85) ~[?:?]
	at io.javalin.http.JavalinServlet.service(JavalinServlet.kt:89) ~[?:?]
	at javax.servlet.http.HttpServlet.service(HttpServlet.java:790) ~[javax.servlet-api-3.1.0.jar:3.1.0]
	at io.javalin.jetty.JavalinJettyServlet.service(JavalinJettyServlet.kt:58) ~[?:?]
	at javax.servlet.http.HttpServlet.service(HttpServlet.java:790) ~[javax.servlet-api-3.1.0.jar:3.1.0]
	at org.eclipse.jetty.servlet.ServletHolder.handle(ServletHolder.java:799) ~[?:?]
	at org.eclipse.jetty.servlet.ServletHandler$ChainEnd.doFilter(ServletHandler.java:1656) ~[?:?]
	at brave.servlet.TracingFilter.doFilter(TracingFilter.java:89) ~[?:?]
	at org.eclipse.jetty.servlet.FilterHolder.doFilter(FilterHolder.java:193) ~[?:?]
	at org.eclipse.jetty.servlet.ServletHandler$Chain.doFilter(ServletHandler.java:1626) ~[?:?]
	at org.eclipse.jetty.servlet.ServletHandler.doHandle(ServletHandler.java:552) ~[?:?]
	at org.eclipse.jetty.server.handler.ScopedHandler.nextHandle(ScopedHandler.java:233) ~[jetty-server-9.4.54.v20240208.jar:9.4.54.v20240208]
	at org.eclipse.jetty.server.session.SessionHandler.doHandle(SessionHandler.java:1624) ~[jetty-server-9.4.54.v20240208.jar:9.4.54.v20240208]
	at org.eclipse.jetty.server.handler.ScopedHandler.nextHandle(ScopedHandler.java:233) ~[jetty-server-9.4.54.v20240208.jar:9.4.54.v20240208]
	at io.javalin.jetty.JettyServer$start$wsAndHttpHandler$1.doHandle(JettyServer.kt:52) ~[?:?]
	at org.eclipse.jetty.server.handler.ScopedHandler.nextScope(ScopedHandler.java:188) ~[jetty-server-9.4.54.v20240208.jar:9.4.54.v20240208]
	at org.eclipse.jetty.servlet.ServletHandler.doScope(ServletHandler.java:505) ~[?:?]
	at org.eclipse.jetty.server.session.SessionHandler.doScope(SessionHandler.java:1594) ~[jetty-server-9.4.54.v20240208.jar:9.4.54.v20240208]
	at org.eclipse.jetty.server.handler.ScopedHandler.nextScope(ScopedHandler.java:186) ~[jetty-server-9.4.54.v20240208.jar:9.4.54.v20240208]
	at org.eclipse.jetty.server.handler.ContextHandler.doScope(ContextHandler.java:1355) ~[jetty-server-9.4.54.v20240208.jar:9.4.54.v20240208]
	at org.eclipse.jetty.server.handler.ScopedHandler.handle(ScopedHandler.java:141) ~[jetty-server-9.4.54.v20240208.jar:9.4.54.v20240208]
	at org.eclipse.jetty.server.handler.StatisticsHandler.handle(StatisticsHandler.java:181) ~[jetty-server-9.4.54.v20240208.jar:9.4.54.v20240208]
	at org.eclipse.jetty.server.handler.HandlerWrapper.handle(HandlerWrapper.java:127) ~[jetty-server-9.4.54.v20240208.jar:9.4.54.v20240208]
	at org.eclipse.jetty.server.Server.handle(Server.java:516) ~[jetty-server-9.4.54.v20240208.jar:9.4.54.v20240208]
	at org.eclipse.jetty.server.HttpChannel.lambda$handle$1(HttpChannel.java:487) ~[jetty-server-9.4.54.v20240208.jar:9.4.54.v20240208]
	at org.eclipse.jetty.server.HttpChannel.dispatch(HttpChannel.java:732) [jetty-server-9.4.54.v20240208.jar:9.4.54.v20240208]
	at org.eclipse.jetty.server.HttpChannel.handle(HttpChannel.java:479) [jetty-server-9.4.54.v20240208.jar:9.4.54.v20240208]
	at org.eclipse.jetty.server.HttpConnection.onFillable(HttpConnection.java:277) [jetty-server-9.4.54.v20240208.jar:9.4.54.v20240208]
	at org.eclipse.jetty.io.AbstractConnection$ReadCallback.succeeded(AbstractConnection.java:311) [jetty-io-9.4.54.v20240208.jar:9.4.54.v20240208]
	at org.eclipse.jetty.io.FillInterest.fillable(FillInterest.java:105) [jetty-io-9.4.54.v20240208.jar:9.4.54.v20240208]
	at org.eclipse.jetty.io.ChannelEndPoint$1.run(ChannelEndPoint.java:104) [jetty-io-9.4.54.v20240208.jar:9.4.54.v20240208]
	at org.eclipse.jetty.util.thread.strategy.EatWhatYouKill.runTask(EatWhatYouKill.java:338) [jetty-util-9.4.54.v20240208.jar:9.4.54.v20240208]
	at org.eclipse.jetty.util.thread.strategy.EatWhatYouKill.doProduce(EatWhatYouKill.java:315) [jetty-util-9.4.54.v20240208.jar:9.4.54.v20240208]
	at org.eclipse.jetty.util.thread.strategy.EatWhatYouKill.tryProduce(EatWhatYouKill.java:173) [jetty-util-9.4.54.v20240208.jar:9.4.54.v20240208]
	at org.eclipse.jetty.util.thread.strategy.EatWhatYouKill.run(EatWhatYouKill.java:131) [jetty-util-9.4.54.v20240208.jar:9.4.54.v20240208]
	at org.eclipse.jetty.util.thread.ReservedThreadExecutor$ReservedThread.run(ReservedThreadExecutor.java:409) [jetty-util-9.4.54.v20240208.jar:9.4.54.v20240208]
	at org.eclipse.jetty.util.thread.QueuedThreadPool.runJob(QueuedThreadPool.java:883) [jetty-util-9.4.54.v20240208.jar:9.4.54.v20240208]
	at org.eclipse.jetty.util.thread.QueuedThreadPool$Runner.run(QueuedThreadPool.java:1034) [jetty-util-9.4.54.v20240208.jar:9.4.54.v20240208]
	at java.lang.Thread.run(Thread.java:840) [?:?]
Caused by: java.sql.SQLTransientConnectionException: HikariPool-20 - Connection is not available, request timed out after 30001ms (total=0, active=0, idle=0, waiting=0)
	at com.zaxxer.hikari.pool.HikariPool.createTimeoutException(HikariPool.java:686) ~[?:?]
	at com.zaxxer.hikari.pool.HikariPool.getConnection(HikariPool.java:179) ~[?:?]
	at com.zaxxer.hikari.pool.HikariPool.getConnection(HikariPool.java:144) ~[?:?]
	at com.zaxxer.hikari.HikariDataSource.getConnection(HikariDataSource.java:99) ~[?:?]
	at net.corda.db.core.DataSourceFactoryImpl$HikariDataSourceWrapper.getConnection(DataSourceFactoryImpl.kt) ~[?:?]
	at org.hibernate.engine.jdbc.connections.internal.DatasourceConnectionProviderImpl.getConnection(DatasourceConnectionProviderImpl.java:122) ~[?:?]
	at org.hibernate.internal.NonContextualJdbcConnectionAccess.obtainConnection(NonContextualJdbcConnectionAccess.java:38) ~[?:?]
	at org.hibernate.resource.jdbc.internal.LogicalConnectionManagedImpl.acquireConnectionIfNeeded(LogicalConnectionManagedImpl.java:108) ~[?:?]
	... 61 more
Caused by: org.postgresql.util.PSQLException: FATAL: remaining connection slots are reserved for non-replication superuser connections
	at org.postgresql.Driver$ConnectThread.getResult(Driver.java:397) ~[?:?]
	at org.postgresql.Driver.connect(Driver.java:305) ~[?:?]
	at java.sql.DriverManager.getConnection(DriverManager.java:681) ~[java.sql:?]
	at java.sql.DriverManager.getConnection(DriverManager.java:229) ~[java.sql:?]
	at org.postgresql.ds.common.BaseDataSource.getConnection(BaseDataSource.java:104) ~[?:?]
	at org.postgresql.ds.common.BaseDataSource.getConnection(BaseDataSource.java:88) ~[?:?]
	at com.zaxxer.hikari.pool.PoolBase.newConnection(PoolBase.java:360) ~[?:?]
	at com.zaxxer.hikari.pool.PoolBase.newPoolEntry(PoolBase.java:202) ~[?:?]
	at com.zaxxer.hikari.pool.HikariPool.createPoolEntry(HikariPool.java:461) ~[?:?]
	at com.zaxxer.hikari.pool.HikariPool$PoolEntryCreator.call(HikariPool.java:724) ~[?:?]
	at com.zaxxer.hikari.pool.HikariPool$PoolEntryCreator.call(HikariPool.java:703) ~[?:?]
	at java.util.concurrent.FutureTask.run(FutureTask.java:264) ~[?:?]
	at java.util.concurrent.ThreadPoolExecutor.runWorker(ThreadPoolExecutor.java:1136) ~[?:?]
	at java.util.concurrent.ThreadPoolExecutor$Worker.run(ThreadPoolExecutor.java:635) ~[?:?]
	... 1 more
2026-03-26 23:57:14.344 [JettyServerThreadPool-15575] WARN  net.corda.persistence.common.PersistenceExceptionCategorizerImpl {corda.client.id=ledger-repair-7BB3E95CF268-1774568251258, corda.external.event.id=566f82e0-33e4-41b4-95f0-e971caf00b7c-iNzKctuAo9jo5bXguJnU/PqTNmHS3yTV+azsIbZKixo=-1, spanId=f453fe6ae031176b, traceId=69c5c593256c1684fc209c2cd993a021, vnode.id=7BB3E95CF268} - Categorized exception as TRANSIENT: org.hibernate.exception.JDBCConnectionException: Unable to acquire JDBC Connection
org.hibernate.exception.JDBCConnectionException: Unable to acquire JDBC Connection
	at org.hibernate.exception.internal.SQLExceptionTypeDelegate.convert(SQLExceptionTypeDelegate.java:48) ~[?:?]
	at org.hibernate.exception.internal.StandardSQLExceptionConverter.convert(StandardSQLExceptionConverter.java:37) ~[?:?]
	at org.hibernate.engine.jdbc.spi.SqlExceptionHelper.convert(SqlExceptionHelper.java:113) ~[?:?]
	at org.hibernate.engine.jdbc.spi.SqlExceptionHelper.convert(SqlExceptionHelper.java:99) ~[?:?]
	at org.hibernate.resource.jdbc.internal.LogicalConnectionManagedImpl.acquireConnectionIfNeeded(LogicalConnectionManagedImpl.java:111) ~[?:?]
	at org.hibernate.resource.jdbc.internal.LogicalConnectionManagedImpl.getPhysicalConnection(LogicalConnectionManagedImpl.java:138) ~[?:?]
	at org.hibernate.resource.jdbc.internal.LogicalConnectionManagedImpl.getConnectionForTransactionManagement(LogicalConnectionManagedImpl.java:276) ~[?:?]
	at org.hibernate.resource.jdbc.internal.LogicalConnectionManagedImpl.begin(LogicalConnectionManagedImpl.java:284) ~[?:?]
	at org.hibernate.resource.transaction.backend.jdbc.internal.JdbcResourceLocalTransactionCoordinatorImpl$TransactionDriverControlImpl.begin(JdbcResourceLocalTransactionCoordinatorImpl.java:246) ~[?:?]
	at org.hibernate.engine.transaction.internal.TransactionImpl.begin(TransactionImpl.java:83) ~[?:?]
	at net.corda.ledger.persistence.utxo.impl.UtxoPersistenceServiceImpl.findTransactionsWithStatusCreatedBetweenTime(UtxoPersistenceServiceImpl.kt:1362) ~[?:?]
	at net.corda.ledger.persistence.utxo.impl.request.handlers.UtxoFindTransactionsWithStatusCreatedBetweenTimeRequestHandler.execute(UtxoFindTransactionsWithStatusCreatedBetweenTimeRequestHandler.kt:24) ~[?:?]
	at net.corda.ledger.persistence.processor.LedgerPersistenceRequestProcessor$process$result$1.invoke(LedgerPersistenceRequestProcessor.kt:70) ~[?:?]
	at net.corda.ledger.persistence.processor.LedgerPersistenceRequestProcessor$process$result$1.invoke(LedgerPersistenceRequestProcessor.kt:52) ~[?:?]
	at net.corda.utilities.LogUtilsKt.withMDC(LogUtils.kt:73) ~[?:?]
	at net.corda.ledger.persistence.processor.LedgerPersistenceRequestProcessor.process(LedgerPersistenceRequestProcessor.kt:52) ~[?:?]
	at net.corda.ledger.persistence.processor.LedgerPersistenceRequestProcessor.process(LedgerPersistenceRequestProcessor.kt:29) ~[?:?]
	at net.corda.messaging.subscription.SyncRPCSubscriptionImpl.registerEndpoint$lambda$1(SyncRPCSubscriptionImpl.kt:92) ~[?:?]
	at net.corda.web.server.JavalinServer.registerEndpointInternal$lambda$15(JavalinServer.kt:150) ~[?:?]
	at io.javalin.core.security.SecurityUtil.noopAccessManager(SecurityUtil.kt:20) ~[?:?]
	at io.javalin.http.JavalinServlet.addHandler$lambda-0(JavalinServlet.kt:96) ~[?:?]
	at io.javalin.http.JavalinServlet$lifecycle$2$1$1.invoke(JavalinServlet.kt:43) ~[?:?]
	at io.javalin.http.JavalinServlet$lifecycle$2$1$1.invoke(JavalinServlet.kt:43) ~[?:?]
	at io.javalin.http.JavalinServletHandler.executeNextTask(JavalinServletHandler.kt:99) ~[?:?]
	at io.javalin.http.JavalinServletHandler.queueNextTaskOrFinish$lambda-1(JavalinServletHandler.kt:85) ~[?:?]
	at java.util.concurrent.CompletableFuture.uniComposeStage(CompletableFuture.java:1187) ~[?:?]
	at java.util.concurrent.CompletableFuture.thenCompose(CompletableFuture.java:2309) ~[?:?]
	at io.javalin.http.JavalinServletHandler.queueNextTaskOrFinish$javalin(JavalinServletHandler.kt:85) ~[?:?]
	at io.javalin.http.JavalinServlet.service(JavalinServlet.kt:89) ~[?:?]
	at javax.servlet.http.HttpServlet.service(HttpServlet.java:790) ~[javax.servlet-api-3.1.0.jar:3.1.0]
	at io.javalin.jetty.JavalinJettyServlet.service(JavalinJettyServlet.kt:58) ~[?:?]
	at javax.servlet.http.HttpServlet.service(HttpServlet.java:790) ~[javax.servlet-api-3.1.0.jar:3.1.0]
	at org.eclipse.jetty.servlet.ServletHolder.handle(ServletHolder.java:799) ~[?:?]
	at org.eclipse.jetty.servlet.ServletHandler$ChainEnd.doFilter(ServletHandler.java:1656) ~[?:?]
	at brave.servlet.TracingFilter.doFilter(TracingFilter.java:89) ~[?:?]
	at org.eclipse.jetty.servlet.FilterHolder.doFilter(FilterHolder.java:193) ~[?:?]
	at org.eclipse.jetty.servlet.ServletHandler$Chain.doFilter(ServletHandler.java:1626) ~[?:?]
	at org.eclipse.jetty.servlet.ServletHandler.doHandle(ServletHandler.java:552) ~[?:?]
	at org.eclipse.jetty.server.handler.ScopedHandler.nextHandle(ScopedHandler.java:233) ~[jetty-server-9.4.54.v20240208.jar:9.4.54.v20240208]
	at org.eclipse.jetty.server.session.SessionHandler.doHandle(SessionHandler.java:1624) ~[jetty-server-9.4.54.v20240208.jar:9.4.54.v20240208]
	at org.eclipse.jetty.server.handler.ScopedHandler.nextHandle(ScopedHandler.java:233) ~[jetty-server-9.4.54.v20240208.jar:9.4.54.v20240208]
	at io.javalin.jetty.JettyServer$start$wsAndHttpHandler$1.doHandle(JettyServer.kt:52) ~[?:?]
	at org.eclipse.jetty.server.handler.ScopedHandler.nextScope(ScopedHandler.java:188) ~[jetty-server-9.4.54.v20240208.jar:9.4.54.v20240208]
	at org.eclipse.jetty.servlet.ServletHandler.doScope(ServletHandler.java:505) ~[?:?]
	at org.eclipse.jetty.server.session.SessionHandler.doScope(SessionHandler.java:1594) ~[jetty-server-9.4.54.v20240208.jar:9.4.54.v20240208]
	at org.eclipse.jetty.server.handler.ScopedHandler.nextScope(ScopedHandler.java:186) ~[jetty-server-9.4.54.v20240208.jar:9.4.54.v20240208]
	at org.eclipse.jetty.server.handler.ContextHandler.doScope(ContextHandler.java:1355) ~[jetty-server-9.4.54.v20240208.jar:9.4.54.v20240208]
	at org.eclipse.jetty.server.handler.ScopedHandler.handle(ScopedHandler.java:141) ~[jetty-server-9.4.54.v20240208.jar:9.4.54.v20240208]
	at org.eclipse.jetty.server.handler.StatisticsHandler.handle(StatisticsHandler.java:181) ~[jetty-server-9.4.54.v20240208.jar:9.4.54.v20240208]
	at org.eclipse.jetty.server.handler.HandlerWrapper.handle(HandlerWrapper.java:127) ~[jetty-server-9.4.54.v20240208.jar:9.4.54.v20240208]
	at org.eclipse.jetty.server.Server.handle(Server.java:516) ~[jetty-server-9.4.54.v20240208.jar:9.4.54.v20240208]
	at org.eclipse.jetty.server.HttpChannel.lambda$handle$1(HttpChannel.java:487) ~[jetty-server-9.4.54.v20240208.jar:9.4.54.v20240208]
	at org.eclipse.jetty.server.HttpChannel.dispatch(HttpChannel.java:732) [jetty-server-9.4.54.v20240208.jar:9.4.54.v20240208]
	at org.eclipse.jetty.server.HttpChannel.handle(HttpChannel.java:479) [jetty-server-9.4.54.v20240208.jar:9.4.54.v20240208]
	at org.eclipse.jetty.server.HttpConnection.onFillable(HttpConnection.java:277) [jetty-server-9.4.54.v20240208.jar:9.4.54.v20240208]
	at org.eclipse.jetty.io.AbstractConnection$ReadCallback.succeeded(AbstractConnection.java:311) [jetty-io-9.4.54.v20240208.jar:9.4.54.v20240208]
	at org.eclipse.jetty.io.FillInterest.fillable(FillInterest.java:105) [jetty-io-9.4.54.v20240208.jar:9.4.54.v20240208]
	at org.eclipse.jetty.io.ChannelEndPoint$1.run(ChannelEndPoint.java:104) [jetty-io-9.4.54.v20240208.jar:9.4.54.v20240208]
	at org.eclipse.jetty.util.thread.strategy.EatWhatYouKill.runTask(EatWhatYouKill.java:338) [jetty-util-9.4.54.v20240208.jar:9.4.54.v20240208]
	at org.eclipse.jetty.util.thread.strategy.EatWhatYouKill.doProduce(EatWhatYouKill.java:315) [jetty-util-9.4.54.v20240208.jar:9.4.54.v20240208]
	at org.eclipse.jetty.util.thread.strategy.EatWhatYouKill.tryProduce(EatWhatYouKill.java:173) [jetty-util-9.4.54.v20240208.jar:9.4.54.v20240208]
	at org.eclipse.jetty.util.thread.strategy.EatWhatYouKill.run(EatWhatYouKill.java:131) [jetty-util-9.4.54.v20240208.jar:9.4.54.v20240208]
	at org.eclipse.jetty.util.thread.ReservedThreadExecutor$ReservedThread.run(ReservedThreadExecutor.java:409) [jetty-util-9.4.54.v20240208.jar:9.4.54.v20240208]
	at org.eclipse.jetty.util.thread.QueuedThreadPool.runJob(QueuedThreadPool.java:883) [jetty-util-9.4.54.v20240208.jar:9.4.54.v20240208]
	at org.eclipse.jetty.util.thread.QueuedThreadPool$Runner.run(QueuedThreadPool.java:1034) [jetty-util-9.4.54.v20240208.jar:9.4.54.v20240208]
	at java.lang.Thread.run(Thread.java:840) [?:?]
Caused by: java.sql.SQLTransientConnectionException: HikariPool-20 - Connection is not available, request timed out after 30001ms (total=0, active=0, idle=0, waiting=0)
	at com.zaxxer.hikari.pool.HikariPool.createTimeoutException(HikariPool.java:686) ~[?:?]
	at com.zaxxer.hikari.pool.HikariPool.getConnection(HikariPool.java:179) ~[?:?]
	at com.zaxxer.hikari.pool.HikariPool.getConnection(HikariPool.java:144) ~[?:?]
	at com.zaxxer.hikari.HikariDataSource.getConnection(HikariDataSource.java:99) ~[?:?]
	at net.corda.db.core.DataSourceFactoryImpl$HikariDataSourceWrapper.getConnection(DataSourceFactoryImpl.kt) ~[?:?]
	at org.hibernate.engine.jdbc.connections.internal.DatasourceConnectionProviderImpl.getConnection(DatasourceConnectionProviderImpl.java:122) ~[?:?]
	at org.hibernate.internal.NonContextualJdbcConnectionAccess.obtainConnection(NonContextualJdbcConnectionAccess.java:38) ~[?:?]
	at org.hibernate.resource.jdbc.internal.LogicalConnectionManagedImpl.acquireConnectionIfNeeded(LogicalConnectionManagedImpl.java:108) ~[?:?]
	... 61 more
Caused by: org.postgresql.util.PSQLException: FATAL: remaining connection slots are reserved for non-replication superuser connections
	at org.postgresql.Driver$ConnectThread.getResult(Driver.java:397) ~[?:?]
	at org.postgresql.Driver.connect(Driver.java:305) ~[?:?]
	at java.sql.DriverManager.getConnection(DriverManager.java:681) ~[java.sql:?]
	at java.sql.DriverManager.getConnection(DriverManager.java:229) ~[java.sql:?]
	at org.postgresql.ds.common.BaseDataSource.getConnection(BaseDataSource.java:104) ~[?:?]
	at org.postgresql.ds.common.BaseDataSource.getConnection(BaseDataSource.java:88) ~[?:?]
	at com.zaxxer.hikari.pool.PoolBase.newConnection(PoolBase.java:360) ~[?:?]
	at com.zaxxer.hikari.pool.PoolBase.newPoolEntry(PoolBase.java:202) ~[?:?]
	at com.zaxxer.hikari.pool.HikariPool.createPoolEntry(HikariPool.java:461) ~[?:?]
	at com.zaxxer.hikari.pool.HikariPool$PoolEntryCreator.call(HikariPool.java:724) ~[?:?]
	at com.zaxxer.hikari.pool.HikariPool$PoolEntryCreator.call(HikariPool.java:703) ~[?:?]
	at java.util.concurrent.FutureTask.run(FutureTask.java:264) ~[?:?]
	at java.util.concurrent.ThreadPoolExecutor.runWorker(ThreadPoolExecutor.java:1136) ~[?:?]
	at java.util.concurrent.ThreadPoolExecutor$Worker.run(ThreadPoolExecutor.java:635) ~[?:?]
	... 1 more
2026-03-26 23:57:14.358 [JettyServerThreadPool-15575] WARN  net.corda.messaging.subscription.SyncRPCSubscriptionImpl {spanId=f453fe6ae031176b, traceId=69c5c593256c1684fc209c2cd993a021, vnode.id=7BB3E95CF268} - Transient error processing RPC request for Endpoint(methodType=POST, path='/ledger', isApi=true): Transient server exception while processing request '566f82e0-33e4-41b4-95f0-e971caf00b7c-iNzKctuAo9jo5bXguJnU/PqTNmHS3yTV+azsIbZKixo=-1'. Cause: Unable to acquire JDBC Connection
net.corda.messaging.api.exception.CordaHTTPServerTransientException: Transient server exception while processing request '566f82e0-33e4-41b4-95f0-e971caf00b7c-iNzKctuAo9jo5bXguJnU/PqTNmHS3yTV+azsIbZKixo=-1'. Cause: Unable to acquire JDBC Connection
	at net.corda.persistence.common.ResponseFactoryImpl.errorResponse(ResponseFactoryImpl.kt:60) ~[?:?]
	at net.corda.ledger.persistence.processor.LedgerPersistenceRequestProcessor$process$result$1.invoke(LedgerPersistenceRequestProcessor.kt:82) ~[?:?]
	at net.corda.ledger.persistence.processor.LedgerPersistenceRequestProcessor$process$result$1.invoke(LedgerPersistenceRequestProcessor.kt:52) ~[?:?]
	at net.corda.utilities.LogUtilsKt.withMDC(LogUtils.kt:73) ~[?:?]
	at net.corda.ledger.persistence.processor.LedgerPersistenceRequestProcessor.process(LedgerPersistenceRequestProcessor.kt:52) ~[?:?]
	at net.corda.ledger.persistence.processor.LedgerPersistenceRequestProcessor.process(LedgerPersistenceRequestProcessor.kt:29) ~[?:?]
	at net.corda.messaging.subscription.SyncRPCSubscriptionImpl.registerEndpoint$lambda$1(SyncRPCSubscriptionImpl.kt:92) ~[?:?]
	at net.corda.web.server.JavalinServer.registerEndpointInternal$lambda$15(JavalinServer.kt:150) ~[?:?]
	at io.javalin.core.security.SecurityUtil.noopAccessManager(SecurityUtil.kt:20) ~[?:?]
	at io.javalin.http.JavalinServlet.addHandler$lambda-0(JavalinServlet.kt:96) ~[?:?]
	at io.javalin.http.JavalinServlet$lifecycle$2$1$1.invoke(JavalinServlet.kt:43) ~[?:?]
	at io.javalin.http.JavalinServlet$lifecycle$2$1$1.invoke(JavalinServlet.kt:43) ~[?:?]
	at io.javalin.http.JavalinServletHandler.executeNextTask(JavalinServletHandler.kt:99) ~[?:?]
	at io.javalin.http.JavalinServletHandler.queueNextTaskOrFinish$lambda-1(JavalinServletHandler.kt:85) ~[?:?]
	at java.util.concurrent.CompletableFuture.uniComposeStage(CompletableFuture.java:1187) ~[?:?]
	at java.util.concurrent.CompletableFuture.thenCompose(CompletableFuture.java:2309) ~[?:?]
	at io.javalin.http.JavalinServletHandler.queueNextTaskOrFinish$javalin(JavalinServletHandler.kt:85) ~[?:?]
	at io.javalin.http.JavalinServlet.service(JavalinServlet.kt:89) ~[?:?]
	at javax.servlet.http.HttpServlet.service(HttpServlet.java:790) ~[javax.servlet-api-3.1.0.jar:3.1.0]
	at io.javalin.jetty.JavalinJettyServlet.service(JavalinJettyServlet.kt:58) ~[?:?]
	at javax.servlet.http.HttpServlet.service(HttpServlet.java:790) ~[javax.servlet-api-3.1.0.jar:3.1.0]
	at org.eclipse.jetty.servlet.ServletHolder.handle(ServletHolder.java:799) ~[?:?]
	at org.eclipse.jetty.servlet.ServletHandler$ChainEnd.doFilter(ServletHandler.java:1656) ~[?:?]
	at brave.servlet.TracingFilter.doFilter(TracingFilter.java:89) ~[?:?]
	at org.eclipse.jetty.servlet.FilterHolder.doFilter(FilterHolder.java:193) ~[?:?]
	at org.eclipse.jetty.servlet.ServletHandler$Chain.doFilter(ServletHandler.java:1626) ~[?:?]
	at org.eclipse.jetty.servlet.ServletHandler.doHandle(ServletHandler.java:552) ~[?:?]
	at org.eclipse.jetty.server.handler.ScopedHandler.nextHandle(ScopedHandler.java:233) ~[jetty-server-9.4.54.v20240208.jar:9.4.54.v20240208]
	at org.eclipse.jetty.server.session.SessionHandler.doHandle(SessionHandler.java:1624) ~[jetty-server-9.4.54.v20240208.jar:9.4.54.v20240208]
	at org.eclipse.jetty.server.handler.ScopedHandler.nextHandle(ScopedHandler.java:233) ~[jetty-server-9.4.54.v20240208.jar:9.4.54.v20240208]
	at io.javalin.jetty.JettyServer$start$wsAndHttpHandler$1.doHandle(JettyServer.kt:52) ~[?:?]
	at org.eclipse.jetty.server.handler.ScopedHandler.nextScope(ScopedHandler.java:188) ~[jetty-server-9.4.54.v20240208.jar:9.4.54.v20240208]
	at org.eclipse.jetty.servlet.ServletHandler.doScope(ServletHandler.java:505) ~[?:?]
	at org.eclipse.jetty.server.session.SessionHandler.doScope(SessionHandler.java:1594) ~[jetty-server-9.4.54.v20240208.jar:9.4.54.v20240208]
	at org.eclipse.jetty.server.handler.ScopedHandler.nextScope(ScopedHandler.java:186) ~[jetty-server-9.4.54.v20240208.jar:9.4.54.v20240208]
	at org.eclipse.jetty.server.handler.ContextHandler.doScope(ContextHandler.java:1355) ~[jetty-server-9.4.54.v20240208.jar:9.4.54.v20240208]
	at org.eclipse.jetty.server.handler.ScopedHandler.handle(ScopedHandler.java:141) ~[jetty-server-9.4.54.v20240208.jar:9.4.54.v20240208]
	at org.eclipse.jetty.server.handler.StatisticsHandler.handle(StatisticsHandler.java:181) ~[jetty-server-9.4.54.v20240208.jar:9.4.54.v20240208]
	at org.eclipse.jetty.server.handler.HandlerWrapper.handle(HandlerWrapper.java:127) ~[jetty-server-9.4.54.v20240208.jar:9.4.54.v20240208]
	at org.eclipse.jetty.server.Server.handle(Server.java:516) ~[jetty-server-9.4.54.v20240208.jar:9.4.54.v20240208]
	at org.eclipse.jetty.server.HttpChannel.lambda$handle$1(HttpChannel.java:487) ~[jetty-server-9.4.54.v20240208.jar:9.4.54.v20240208]
	at org.eclipse.jetty.server.HttpChannel.dispatch(HttpChannel.java:732) [jetty-server-9.4.54.v20240208.jar:9.4.54.v20240208]
	at org.eclipse.jetty.server.HttpChannel.handle(HttpChannel.java:479) [jetty-server-9.4.54.v20240208.jar:9.4.54.v20240208]
	at org.eclipse.jetty.server.HttpConnection.onFillable(HttpConnection.java:277) [jetty-server-9.4.54.v20240208.jar:9.4.54.v20240208]
	at org.eclipse.jetty.io.AbstractConnection$ReadCallback.succeeded(AbstractConnection.java:311) [jetty-io-9.4.54.v20240208.jar:9.4.54.v20240208]
	at org.eclipse.jetty.io.FillInterest.fillable(FillInterest.java:105) [jetty-io-9.4.54.v20240208.jar:9.4.54.v20240208]
	at org.eclipse.jetty.io.ChannelEndPoint$1.run(ChannelEndPoint.java:104) [jetty-io-9.4.54.v20240208.jar:9.4.54.v20240208]
	at org.eclipse.jetty.util.thread.strategy.EatWhatYouKill.runTask(EatWhatYouKill.java:338) [jetty-util-9.4.54.v20240208.jar:9.4.54.v20240208]
	at org.eclipse.jetty.util.thread.strategy.EatWhatYouKill.doProduce(EatWhatYouKill.java:315) [jetty-util-9.4.54.v20240208.jar:9.4.54.v20240208]
	at org.eclipse.jetty.util.thread.strategy.EatWhatYouKill.tryProduce(EatWhatYouKill.java:173) [jetty-util-9.4.54.v20240208.jar:9.4.54.v20240208]
	at org.eclipse.jetty.util.thread.strategy.EatWhatYouKill.run(EatWhatYouKill.java:131) [jetty-util-9.4.54.v20240208.jar:9.4.54.v20240208]
	at org.eclipse.jetty.util.thread.ReservedThreadExecutor$ReservedThread.run(ReservedThreadExecutor.java:409) [jetty-util-9.4.54.v20240208.jar:9.4.54.v20240208]
	at org.eclipse.jetty.util.thread.QueuedThreadPool.runJob(QueuedThreadPool.java:883) [jetty-util-9.4.54.v20240208.jar:9.4.54.v20240208]
	at org.eclipse.jetty.util.thread.QueuedThreadPool$Runner.run(QueuedThreadPool.java:1034) [jetty-util-9.4.54.v20240208.jar:9.4.54.v20240208]
	at java.lang.Thread.run(Thread.java:840) [?:?]
Caused by: org.hibernate.exception.JDBCConnectionException: Unable to acquire JDBC Connection
	at org.hibernate.exception.internal.SQLExceptionTypeDelegate.convert(SQLExceptionTypeDelegate.java:48) ~[?:?]
	at org.hibernate.exception.internal.StandardSQLExceptionConverter.convert(StandardSQLExceptionConverter.java:37) ~[?:?]
	at org.hibernate.engine.jdbc.spi.SqlExceptionHelper.convert(SqlExceptionHelper.java:113) ~[?:?]
	at org.hibernate.engine.jdbc.spi.SqlExceptionHelper.convert(SqlExceptionHelper.java:99) ~[?:?]
	at org.hibernate.resource.jdbc.internal.LogicalConnectionManagedImpl.acquireConnectionIfNeeded(LogicalConnectionManagedImpl.java:111) ~[?:?]
	at org.hibernate.resource.jdbc.internal.LogicalConnectionManagedImpl.getPhysicalConnection(LogicalConnectionManagedImpl.java:138) ~[?:?]
	at org.hibernate.resource.jdbc.internal.LogicalConnectionManagedImpl.getConnectionForTransactionManagement(LogicalConnectionManagedImpl.java:276) ~[?:?]
	at org.hibernate.resource.jdbc.internal.LogicalConnectionManagedImpl.begin(LogicalConnectionManagedImpl.java:284) ~[?:?]
	at org.hibernate.resource.transaction.backend.jdbc.internal.JdbcResourceLocalTransactionCoordinatorImpl$TransactionDriverControlImpl.begin(JdbcResourceLocalTransactionCoordinatorImpl.java:246) ~[?:?]
	at org.hibernate.engine.transaction.internal.TransactionImpl.begin(TransactionImpl.java:83) ~[?:?]
	at net.corda.ledger.persistence.utxo.impl.UtxoPersistenceServiceImpl.findTransactionsWithStatusCreatedBetweenTime(UtxoPersistenceServiceImpl.kt:1362) ~[?:?]
	at net.corda.ledger.persistence.utxo.impl.request.handlers.UtxoFindTransactionsWithStatusCreatedBetweenTimeRequestHandler.execute(UtxoFindTransactionsWithStatusCreatedBetweenTimeRequestHandler.kt:24) ~[?:?]
	at net.corda.ledger.persistence.processor.LedgerPersistenceRequestProcessor$process$result$1.invoke(LedgerPersistenceRequestProcessor.kt:70) ~[?:?]
	... 53 more
Caused by: java.sql.SQLTransientConnectionException: HikariPool-20 - Connection is not available, request timed out after 30001ms (total=0, active=0, idle=0, waiting=0)
	at com.zaxxer.hikari.pool.HikariPool.createTimeoutException(HikariPool.java:686) ~[?:?]
	at com.zaxxer.hikari.pool.HikariPool.getConnection(HikariPool.java:179) ~[?:?]
	at com.zaxxer.hikari.pool.HikariPool.getConnection(HikariPool.java:144) ~[?:?]
	at com.zaxxer.hikari.HikariDataSource.getConnection(HikariDataSource.java:99) ~[?:?]
	at net.corda.db.core.DataSourceFactoryImpl$HikariDataSourceWrapper.getConnection(DataSourceFactoryImpl.kt) ~[?:?]
	at org.hibernate.engine.jdbc.connections.internal.DatasourceConnectionProviderImpl.getConnection(DatasourceConnectionProviderImpl.java:122) ~[?:?]
	at org.hibernate.internal.NonContextualJdbcConnectionAccess.obtainConnection(NonContextualJdbcConnectionAccess.java:38) ~[?:?]
	at org.hibernate.resource.jdbc.internal.LogicalConnectionManagedImpl.acquireConnectionIfNeeded(LogicalConnectionManagedImpl.java:108) ~[?:?]
	at org.hibernate.resource.jdbc.internal.LogicalConnectionManagedImpl.getPhysicalConnection(LogicalConnectionManagedImpl.java:138) ~[?:?]
	at org.hibernate.resource.jdbc.internal.LogicalConnectionManagedImpl.getConnectionForTransactionManagement(LogicalConnectionManagedImpl.java:276) ~[?:?]
	at org.hibernate.resource.jdbc.internal.LogicalConnectionManagedImpl.begin(LogicalConnectionManagedImpl.java:284) ~[?:?]
	at org.hibernate.resource.transaction.backend.jdbc.internal.JdbcResourceLocalTransactionCoordinatorImpl$TransactionDriverControlImpl.begin(JdbcResourceLocalTransactionCoordinatorImpl.java:246) ~[?:?]
	at org.hibernate.engine.transaction.internal.TransactionImpl.begin(TransactionImpl.java:83) ~[?:?]
	at net.corda.ledger.persistence.utxo.impl.UtxoPersistenceServiceImpl.findTransactionsWithStatusCreatedBetweenTime(UtxoPersistenceServiceImpl.kt:1362) ~[?:?]
	at net.corda.ledger.persistence.utxo.impl.request.handlers.UtxoFindTransactionsWithStatusCreatedBetweenTimeRequestHandler.execute(UtxoFindTransactionsWithStatusCreatedBetweenTimeRequestHandler.kt:24) ~[?:?]
	at net.corda.ledger.persistence.processor.LedgerPersistenceRequestProcessor$process$result$1.invoke(LedgerPersistenceRequestProcessor.kt:70) ~[?:?]
	... 53 more
Caused by: org.postgresql.util.PSQLException: FATAL: remaining connection slots are reserved for non-replication superuser connections
	at org.postgresql.Driver$ConnectThread.getResult(Driver.java:397) ~[?:?]
	at org.postgresql.Driver.connect(Driver.java:305) ~[?:?]
	at java.sql.DriverManager.getConnection(DriverManager.java:681) ~[java.sql:?]
	at java.sql.DriverManager.getConnection(DriverManager.java:229) ~[java.sql:?]
	at org.postgresql.ds.common.BaseDataSource.getConnection(BaseDataSource.java:104) ~[?:?]
	at org.postgresql.ds.common.BaseDataSource.getConnection(BaseDataSource.java:88) ~[?:?]
	at com.zaxxer.hikari.pool.PoolBase.newConnection(PoolBase.java:360) ~[?:?]
	at com.zaxxer.hikari.pool.PoolBase.newPoolEntry(PoolBase.java:202) ~[?:?]
	at com.zaxxer.hikari.pool.HikariPool.createPoolEntry(HikariPool.java:461) ~[?:?]
	at com.zaxxer.hikari.pool.HikariPool$PoolEntryCreator.call(HikariPool.java:724) ~[?:?]
	at com.zaxxer.hikari.pool.HikariPool$PoolEntryCreator.call(HikariPool.java:703) ~[?:?]
	at java.util.concurrent.FutureTask.run(FutureTask.java:264) ~[?:?]
	at java.util.concurrent.ThreadPoolExecutor.runWorker(ThreadPoolExecutor.java:1136) ~[?:?]
	at java.util.concurrent.ThreadPoolExecutor$Worker.run(ThreadPoolExecutor.java:635) ~[?:?]
	... 1 more
2026-03-26 23:57:31.270 [kafka-producer-network-thread | producer--SCHEDULER_WRITER] INFO  net.corda.tracing.brave.BraveTracingService$LogReporter {spanId=17b6d61ec14d88d5, traceId=69c5c7eb82c759e417b6d61ec14d88d5} - {"traceId":"69c5c7eb82c759e417b6d61ec14d88d5","id":"17b6d61ec14d88d5","name":"kafka producer - send record to topic scheduled.task.ledger.repair","timestamp":1774569451269149,"duration":1553,"localEndpoint":{"serviceName":"combined worker","ipv4":"172.18.0.5"},"tags":{"send.offset":"344","send.partition":"0","send.topic":"scheduled.task.ledger.repair"}}
2026-03-26 23:57:31.296 [durable processing thread deduplication.table.clean.up-scheduled.task.db.processor] WARN  net.corda.processors.db.internal.schedule.DeduplicationTableCleanUpProcessor {} - Cleaning up deduplication table for vnode: 524FEE159D0F FAILED
org.postgresql.util.PSQLException: FATAL: remaining connection slots are reserved for non-replication superuser connections
	at org.postgresql.core.v3.QueryExecutorImpl.receiveErrorResponse(QueryExecutorImpl.java:2725) ~[?:?]
	at org.postgresql.core.v3.QueryExecutorImpl.readStartupMessages(QueryExecutorImpl.java:2837) ~[?:?]
	at org.postgresql.core.v3.QueryExecutorImpl.<init>(QueryExecutorImpl.java:175) ~[?:?]
	at org.postgresql.core.v3.ConnectionFactoryImpl.openConnectionImpl(ConnectionFactoryImpl.java:317) ~[?:?]
	at org.postgresql.core.ConnectionFactory.openConnection(ConnectionFactory.java:54) ~[?:?]
	at org.postgresql.jdbc.PgConnection.<init>(PgConnection.java:273) ~[?:?]
	at org.postgresql.Driver.makeConnection(Driver.java:446) ~[?:?]
	at org.postgresql.Driver.connect(Driver.java:298) ~[?:?]
	at java.sql.DriverManager.getConnection(DriverManager.java:681) ~[java.sql:?]
	at java.sql.DriverManager.getConnection(DriverManager.java:229) ~[java.sql:?]
	at org.postgresql.ds.common.BaseDataSource.getConnection(BaseDataSource.java:104) ~[?:?]
	at org.postgresql.ds.common.BaseDataSource.getConnection(BaseDataSource.java:88) ~[?:?]
	at net.corda.db.core.DataSourceFactoryImpl$DataSourceWrapper.getConnection(DataSourceFactoryImpl.kt:71) ~[?:?]
	at net.corda.libs.virtualnode.datamodel.repository.RequestsIdsRepositoryImpl.deleteRequestsOlderThan(RequestsIdsRepository.kt:26) ~[?:?]
	at net.corda.processors.db.internal.schedule.DeduplicationTableCleanUpProcessor.cleanUpDeduplicationTable(DeduplicationTableCleanUpProcessor.kt:54) ~[?:?]
	at net.corda.processors.db.internal.schedule.DeduplicationTableCleanUpProcessor.onNext(DeduplicationTableCleanUpProcessor.kt:38) ~[?:?]
	at net.corda.messaging.subscription.DurableSubscriptionImpl$ForwardingEventLogProcessor.onNext(DurableSubscriptionImpl.kt:72) ~[?:?]
	at net.corda.messaging.subscription.EventLogSubscriptionImpl.processDurableRecords$lambda$6(EventLogSubscriptionImpl.kt:235) ~[?:?]
	at io.micrometer.core.instrument.composite.CompositeTimer.recordCallable(CompositeTimer.java:129) [micrometer-core-1.12.3.jar:1.12.3]
	at net.corda.messaging.subscription.EventLogSubscriptionImpl.processDurableRecords(EventLogSubscriptionImpl.kt:235) [corda-messaging-impl-5.2.0.0.jar:?]
	at net.corda.messaging.subscription.EventLogSubscriptionImpl.pollAndProcessRecords(EventLogSubscriptionImpl.kt:167) [corda-messaging-impl-5.2.0.0.jar:?]
	at net.corda.messaging.subscription.EventLogSubscriptionImpl.runConsumeLoop(EventLogSubscriptionImpl.kt:129) [corda-messaging-impl-5.2.0.0.jar:?]
	at net.corda.messaging.subscription.EventLogSubscriptionImpl.access$runConsumeLoop(EventLogSubscriptionImpl.kt:51) [corda-messaging-impl-5.2.0.0.jar:?]
	at net.corda.messaging.subscription.EventLogSubscriptionImpl$threadLooper$1.invoke(EventLogSubscriptionImpl.kt:64) [corda-messaging-impl-5.2.0.0.jar:?]
	at net.corda.messaging.subscription.EventLogSubscriptionImpl$threadLooper$1.invoke(EventLogSubscriptionImpl.kt:64) [corda-messaging-impl-5.2.0.0.jar:?]
	at net.corda.messaging.subscription.ThreadLooper.runConsumeLoop(ThreadLooper.kt:174) [corda-messaging-impl-5.2.0.0.jar:?]
	at net.corda.messaging.subscription.ThreadLooper.access$runConsumeLoop(ThreadLooper.kt:27) [corda-messaging-impl-5.2.0.0.jar:?]
	at net.corda.messaging.subscription.ThreadLooper$StoppableThread$start$1$1.invoke(ThreadLooper.kt:106) [corda-messaging-impl-5.2.0.0.jar:?]
	at net.corda.messaging.subscription.ThreadLooper$StoppableThread$start$1$1.invoke(ThreadLooper.kt:106) [corda-messaging-impl-5.2.0.0.jar:?]
	at kotlin.concurrent.ThreadsKt$thread$thread$1.run(Thread.kt:30) [kotlin-osgi-bundle-1.8.21.jar:1.8.21]
2026-03-26 23:57:31.313 [durable processing thread deduplication.table.clean.up-scheduled.task.db.processor] WARN  net.corda.processors.db.internal.schedule.DeduplicationTableCleanUpProcessor {} - Cleaning up deduplication table for vnode: 4B8CEF212833 FAILED
org.postgresql.util.PSQLException: FATAL: remaining connection slots are reserved for non-replication superuser connections
	at org.postgresql.core.v3.QueryExecutorImpl.receiveErrorResponse(QueryExecutorImpl.java:2725) ~[?:?]
	at org.postgresql.core.v3.QueryExecutorImpl.readStartupMessages(QueryExecutorImpl.java:2837) ~[?:?]
	at org.postgresql.core.v3.QueryExecutorImpl.<init>(QueryExecutorImpl.java:175) ~[?:?]
	at org.postgresql.core.v3.ConnectionFactoryImpl.openConnectionImpl(ConnectionFactoryImpl.java:317) ~[?:?]
	at org.postgresql.core.ConnectionFactory.openConnection(ConnectionFactory.java:54) ~[?:?]
	at org.postgresql.jdbc.PgConnection.<init>(PgConnection.java:273) ~[?:?]
	at org.postgresql.Driver.makeConnection(Driver.java:446) ~[?:?]
	at org.postgresql.Driver.connect(Driver.java:298) ~[?:?]
	at java.sql.DriverManager.getConnection(DriverManager.java:681) ~[java.sql:?]
	at java.sql.DriverManager.getConnection(DriverManager.java:229) ~[java.sql:?]
	at org.postgresql.ds.common.BaseDataSource.getConnection(BaseDataSource.java:104) ~[?:?]
	at org.postgresql.ds.common.BaseDataSource.getConnection(BaseDataSource.java:88) ~[?:?]
	at net.corda.db.core.DataSourceFactoryImpl$DataSourceWrapper.getConnection(DataSourceFactoryImpl.kt:71) ~[?:?]
	at net.corda.libs.virtualnode.datamodel.repository.RequestsIdsRepositoryImpl.deleteRequestsOlderThan(RequestsIdsRepository.kt:26) ~[?:?]
	at net.corda.processors.db.internal.schedule.DeduplicationTableCleanUpProcessor.cleanUpDeduplicationTable(DeduplicationTableCleanUpProcessor.kt:54) ~[?:?]
	at net.corda.processors.db.internal.schedule.DeduplicationTableCleanUpProcessor.onNext(DeduplicationTableCleanUpProcessor.kt:38) ~[?:?]
	at net.corda.messaging.subscription.DurableSubscriptionImpl$ForwardingEventLogProcessor.onNext(DurableSubscriptionImpl.kt:72) ~[?:?]
	at net.corda.messaging.subscription.EventLogSubscriptionImpl.processDurableRecords$lambda$6(EventLogSubscriptionImpl.kt:235) ~[?:?]
	at io.micrometer.core.instrument.composite.CompositeTimer.recordCallable(CompositeTimer.java:129) [micrometer-core-1.12.3.jar:1.12.3]
	at net.corda.messaging.subscription.EventLogSubscriptionImpl.processDurableRecords(EventLogSubscriptionImpl.kt:235) [corda-messaging-impl-5.2.0.0.jar:?]
	at net.corda.messaging.subscription.EventLogSubscriptionImpl.pollAndProcessRecords(EventLogSubscriptionImpl.kt:167) [corda-messaging-impl-5.2.0.0.jar:?]
	at net.corda.messaging.subscription.EventLogSubscriptionImpl.runConsumeLoop(EventLogSubscriptionImpl.kt:129) [corda-messaging-impl-5.2.0.0.jar:?]
	at net.corda.messaging.subscription.EventLogSubscriptionImpl.access$runConsumeLoop(EventLogSubscriptionImpl.kt:51) [corda-messaging-impl-5.2.0.0.jar:?]
	at net.corda.messaging.subscription.EventLogSubscriptionImpl$threadLooper$1.invoke(EventLogSubscriptionImpl.kt:64) [corda-messaging-impl-5.2.0.0.jar:?]
	at net.corda.messaging.subscription.EventLogSubscriptionImpl$threadLooper$1.invoke(EventLogSubscriptionImpl.kt:64) [corda-messaging-impl-5.2.0.0.jar:?]
	at net.corda.messaging.subscription.ThreadLooper.runConsumeLoop(ThreadLooper.kt:174) [corda-messaging-impl-5.2.0.0.jar:?]
	at net.corda.messaging.subscription.ThreadLooper.access$runConsumeLoop(ThreadLooper.kt:27) [corda-messaging-impl-5.2.0.0.jar:?]
	at net.corda.messaging.subscription.ThreadLooper$StoppableThread$start$1$1.invoke(ThreadLooper.kt:106) [corda-messaging-impl-5.2.0.0.jar:?]
	at net.corda.messaging.subscription.ThreadLooper$StoppableThread$start$1$1.invoke(ThreadLooper.kt:106) [corda-messaging-impl-5.2.0.0.jar:?]
	at kotlin.concurrent.ThreadsKt$thread$thread$1.run(Thread.kt:30) [kotlin-osgi-bundle-1.8.21.jar:1.8.21]
2026-03-26 23:57:31.325 [durable processing thread deduplication.table.clean.up-scheduled.task.db.processor] WARN  net.corda.processors.db.internal.schedule.DeduplicationTableCleanUpProcessor {} - Cleaning up deduplication table for vnode: 7BB3E95CF268 FAILED
org.postgresql.util.PSQLException: FATAL: remaining connection slots are reserved for non-replication superuser connections
	at org.postgresql.core.v3.QueryExecutorImpl.receiveErrorResponse(QueryExecutorImpl.java:2725) ~[?:?]
	at org.postgresql.core.v3.QueryExecutorImpl.readStartupMessages(QueryExecutorImpl.java:2837) ~[?:?]
	at org.postgresql.core.v3.QueryExecutorImpl.<init>(QueryExecutorImpl.java:175) ~[?:?]
	at org.postgresql.core.v3.ConnectionFactoryImpl.openConnectionImpl(ConnectionFactoryImpl.java:317) ~[?:?]
	at org.postgresql.core.ConnectionFactory.openConnection(ConnectionFactory.java:54) ~[?:?]
	at org.postgresql.jdbc.PgConnection.<init>(PgConnection.java:273) ~[?:?]
	at org.postgresql.Driver.makeConnection(Driver.java:446) ~[?:?]
	at org.postgresql.Driver.connect(Driver.java:298) ~[?:?]
	at java.sql.DriverManager.getConnection(DriverManager.java:681) ~[java.sql:?]
	at java.sql.DriverManager.getConnection(DriverManager.java:229) ~[java.sql:?]
	at org.postgresql.ds.common.BaseDataSource.getConnection(BaseDataSource.java:104) ~[?:?]
	at org.postgresql.ds.common.BaseDataSource.getConnection(BaseDataSource.java:88) ~[?:?]
	at net.corda.db.core.DataSourceFactoryImpl$DataSourceWrapper.getConnection(DataSourceFactoryImpl.kt:71) ~[?:?]
	at net.corda.libs.virtualnode.datamodel.repository.RequestsIdsRepositoryImpl.deleteRequestsOlderThan(RequestsIdsRepository.kt:26) ~[?:?]
	at net.corda.processors.db.internal.schedule.DeduplicationTableCleanUpProcessor.cleanUpDeduplicationTable(DeduplicationTableCleanUpProcessor.kt:54) ~[?:?]
	at net.corda.processors.db.internal.schedule.DeduplicationTableCleanUpProcessor.onNext(DeduplicationTableCleanUpProcessor.kt:38) ~[?:?]
	at net.corda.messaging.subscription.DurableSubscriptionImpl$ForwardingEventLogProcessor.onNext(DurableSubscriptionImpl.kt:72) ~[?:?]
	at net.corda.messaging.subscription.EventLogSubscriptionImpl.processDurableRecords$lambda$6(EventLogSubscriptionImpl.kt:235) ~[?:?]
	at io.micrometer.core.instrument.composite.CompositeTimer.recordCallable(CompositeTimer.java:129) [micrometer-core-1.12.3.jar:1.12.3]
	at net.corda.messaging.subscription.EventLogSubscriptionImpl.processDurableRecords(EventLogSubscriptionImpl.kt:235) [corda-messaging-impl-5.2.0.0.jar:?]
	at net.corda.messaging.subscription.EventLogSubscriptionImpl.pollAndProcessRecords(EventLogSubscriptionImpl.kt:167) [corda-messaging-impl-5.2.0.0.jar:?]
	at net.corda.messaging.subscription.EventLogSubscriptionImpl.runConsumeLoop(EventLogSubscriptionImpl.kt:129) [corda-messaging-impl-5.2.0.0.jar:?]
	at net.corda.messaging.subscription.EventLogSubscriptionImpl.access$runConsumeLoop(EventLogSubscriptionImpl.kt:51) [corda-messaging-impl-5.2.0.0.jar:?]
	at net.corda.messaging.subscription.EventLogSubscriptionImpl$threadLooper$1.invoke(EventLogSubscriptionImpl.kt:64) [corda-messaging-impl-5.2.0.0.jar:?]
	at net.corda.messaging.subscription.EventLogSubscriptionImpl$threadLooper$1.invoke(EventLogSubscriptionImpl.kt:64) [corda-messaging-impl-5.2.0.0.jar:?]
	at net.corda.messaging.subscription.ThreadLooper.runConsumeLoop(ThreadLooper.kt:174) [corda-messaging-impl-5.2.0.0.jar:?]
	at net.corda.messaging.subscription.ThreadLooper.access$runConsumeLoop(ThreadLooper.kt:27) [corda-messaging-impl-5.2.0.0.jar:?]
	at net.corda.messaging.subscription.ThreadLooper$StoppableThread$start$1$1.invoke(ThreadLooper.kt:106) [corda-messaging-impl-5.2.0.0.jar:?]
	at net.corda.messaging.subscription.ThreadLooper$StoppableThread$start$1$1.invoke(ThreadLooper.kt:106) [corda-messaging-impl-5.2.0.0.jar:?]
	at kotlin.concurrent.ThreadsKt$thread$thread$1.run(Thread.kt:30) [kotlin-osgi-bundle-1.8.21.jar:1.8.21]
2026-03-26 23:57:31.336 [durable processing thread deduplication.table.clean.up-scheduled.task.db.processor] WARN  net.corda.processors.db.internal.schedule.DeduplicationTableCleanUpProcessor {} - Cleaning up deduplication table for vnode: E3193F94C243 FAILED
org.postgresql.util.PSQLException: FATAL: remaining connection slots are reserved for non-replication superuser connections
	at org.postgresql.core.v3.QueryExecutorImpl.receiveErrorResponse(QueryExecutorImpl.java:2725) ~[?:?]
	at org.postgresql.core.v3.QueryExecutorImpl.readStartupMessages(QueryExecutorImpl.java:2837) ~[?:?]
	at org.postgresql.core.v3.QueryExecutorImpl.<init>(QueryExecutorImpl.java:175) ~[?:?]
	at org.postgresql.core.v3.ConnectionFactoryImpl.openConnectionImpl(ConnectionFactoryImpl.java:317) ~[?:?]
	at org.postgresql.core.ConnectionFactory.openConnection(ConnectionFactory.java:54) ~[?:?]
	at org.postgresql.jdbc.PgConnection.<init>(PgConnection.java:273) ~[?:?]
	at org.postgresql.Driver.makeConnection(Driver.java:446) ~[?:?]
	at org.postgresql.Driver.connect(Driver.java:298) ~[?:?]
	at java.sql.DriverManager.getConnection(DriverManager.java:681) ~[java.sql:?]
	at java.sql.DriverManager.getConnection(DriverManager.java:229) ~[java.sql:?]
	at org.postgresql.ds.common.BaseDataSource.getConnection(BaseDataSource.java:104) ~[?:?]
	at org.postgresql.ds.common.BaseDataSource.getConnection(BaseDataSource.java:88) ~[?:?]
	at net.corda.db.core.DataSourceFactoryImpl$DataSourceWrapper.getConnection(DataSourceFactoryImpl.kt:71) ~[?:?]
	at net.corda.libs.virtualnode.datamodel.repository.RequestsIdsRepositoryImpl.deleteRequestsOlderThan(RequestsIdsRepository.kt:26) ~[?:?]
	at net.corda.processors.db.internal.schedule.DeduplicationTableCleanUpProcessor.cleanUpDeduplicationTable(DeduplicationTableCleanUpProcessor.kt:54) ~[?:?]
	at net.corda.processors.db.internal.schedule.DeduplicationTableCleanUpProcessor.onNext(DeduplicationTableCleanUpProcessor.kt:38) ~[?:?]
	at net.corda.messaging.subscription.DurableSubscriptionImpl$ForwardingEventLogProcessor.onNext(DurableSubscriptionImpl.kt:72) ~[?:?]
	at net.corda.messaging.subscription.EventLogSubscriptionImpl.processDurableRecords$lambda$6(EventLogSubscriptionImpl.kt:235) ~[?:?]
	at io.micrometer.core.instrument.composite.CompositeTimer.recordCallable(CompositeTimer.java:129) [micrometer-core-1.12.3.jar:1.12.3]
	at net.corda.messaging.subscription.EventLogSubscriptionImpl.processDurableRecords(EventLogSubscriptionImpl.kt:235) [corda-messaging-impl-5.2.0.0.jar:?]
	at net.corda.messaging.subscription.EventLogSubscriptionImpl.pollAndProcessRecords(EventLogSubscriptionImpl.kt:167) [corda-messaging-impl-5.2.0.0.jar:?]
	at net.corda.messaging.subscription.EventLogSubscriptionImpl.runConsumeLoop(EventLogSubscriptionImpl.kt:129) [corda-messaging-impl-5.2.0.0.jar:?]
	at net.corda.messaging.subscription.EventLogSubscriptionImpl.access$runConsumeLoop(EventLogSubscriptionImpl.kt:51) [corda-messaging-impl-5.2.0.0.jar:?]
	at net.corda.messaging.subscription.EventLogSubscriptionImpl$threadLooper$1.invoke(EventLogSubscriptionImpl.kt:64) [corda-messaging-impl-5.2.0.0.jar:?]
	at net.corda.messaging.subscription.EventLogSubscriptionImpl$threadLooper$1.invoke(EventLogSubscriptionImpl.kt:64) [corda-messaging-impl-5.2.0.0.jar:?]
	at net.corda.messaging.subscription.ThreadLooper.runConsumeLoop(ThreadLooper.kt:174) [corda-messaging-impl-5.2.0.0.jar:?]
	at net.corda.messaging.subscription.ThreadLooper.access$runConsumeLoop(ThreadLooper.kt:27) [corda-messaging-impl-5.2.0.0.jar:?]
	at net.corda.messaging.subscription.ThreadLooper$StoppableThread$start$1$1.invoke(ThreadLooper.kt:106) [corda-messaging-impl-5.2.0.0.jar:?]
	at net.corda.messaging.subscription.ThreadLooper$StoppableThread$start$1$1.invoke(ThreadLooper.kt:106) [corda-messaging-impl-5.2.0.0.jar:?]
	at kotlin.concurrent.ThreadsKt$thread$thread$1.run(Thread.kt:30) [kotlin-osgi-bundle-1.8.21.jar:1.8.21]
2026-03-26 23:57:31.341 [durable processing thread deduplication.table.clean.up-scheduled.task.db.processor] INFO  net.corda.processors.db.internal.schedule.DeduplicationTableCleanUpProcessor {} - Cleaning up deduplication table for all vnodes COMPLETED in 54 ms
2026-03-26 23:57:38.104 [qtp594411820-719] INFO  net.corda.tracing.brave.BraveTracingService$LogReporter {spanId=312f0da93b08792d, traceId=69c5c7f2ce61a8e4312f0da93b08792d} - {"traceId":"69c5c7f2ce61a8e4312f0da93b08792d","id":"312f0da93b08792d","kind":"SERVER","name":"http server - get - /","timestamp":1774569458103541,"duration":1396,"localEndpoint":{"serviceName":"combined worker","ipv4":"172.18.0.5"},"remoteEndpoint":{"ipv4":"85.11.183.25","port":45992},"tags":{"error":"404","http.method":"GET","http.path":"/","http.status_code":"404"}}
2026-03-26 23:57:43.825 [JettyServerThreadPool-979] WARN  org.hibernate.engine.jdbc.spi.SqlExceptionHelper {corda.client.id=ledger-repair-524FEE159D0F-1774568251258, corda.external.event.id=e3a2358c-64ba-46b4-936d-350e714f538e-iNzKctuAo9jo5bXguJnU/PqTNmHS3yTV+azsIbZKixo=-1, spanId=20355236c3d3ab76, traceId=69c5c59351b0d06fd3275061f8e428f1, vnode.id=524FEE159D0F} - SQL Error: 0, SQLState: 53300
2026-03-26 23:57:43.825 [JettyServerThreadPool-979] ERROR org.hibernate.engine.jdbc.spi.SqlExceptionHelper {corda.client.id=ledger-repair-524FEE159D0F-1774568251258, corda.external.event.id=e3a2358c-64ba-46b4-936d-350e714f538e-iNzKctuAo9jo5bXguJnU/PqTNmHS3yTV+azsIbZKixo=-1, spanId=20355236c3d3ab76, traceId=69c5c59351b0d06fd3275061f8e428f1, vnode.id=524FEE159D0F} - HikariPool-21 - Connection is not available, request timed out after 30000ms (total=0, active=0, idle=0, waiting=0)
2026-03-26 23:57:43.825 [JettyServerThreadPool-979] ERROR org.hibernate.engine.jdbc.spi.SqlExceptionHelper {corda.client.id=ledger-repair-524FEE159D0F-1774568251258, corda.external.event.id=e3a2358c-64ba-46b4-936d-350e714f538e-iNzKctuAo9jo5bXguJnU/PqTNmHS3yTV+azsIbZKixo=-1, spanId=20355236c3d3ab76, traceId=69c5c59351b0d06fd3275061f8e428f1, vnode.id=524FEE159D0F} - FATAL: remaining connection slots are reserved for non-replication superuser connections
2026-03-26 23:57:43.836 [JettyServerThreadPool-15132] WARN  org.hibernate.engine.jdbc.spi.SqlExceptionHelper {corda.client.id=ledger-repair-E3193F94C243-1774568251258, corda.external.event.id=f1681403-3de5-414e-85b1-eea1734e7b89-iNzKctuAo9jo5bXguJnU/PqTNmHS3yTV+azsIbZKixo=-1, spanId=322715e65818c400, traceId=69c5c5939b0f70e386dcd2b9d51083ac, vnode.id=E3193F94C243} - SQL Error: 0, SQLState: 53300
2026-03-26 23:57:43.836 [JettyServerThreadPool-15132] ERROR org.hibernate.engine.jdbc.spi.SqlExceptionHelper {corda.client.id=ledger-repair-E3193F94C243-1774568251258, corda.external.event.id=f1681403-3de5-414e-85b1-eea1734e7b89-iNzKctuAo9jo5bXguJnU/PqTNmHS3yTV+azsIbZKixo=-1, spanId=322715e65818c400, traceId=69c5c5939b0f70e386dcd2b9d51083ac, vnode.id=E3193F94C243} - HikariPool-22 - Connection is not available, request timed out after 30002ms (total=0, active=0, idle=0, waiting=0)
2026-03-26 23:57:43.837 [JettyServerThreadPool-15132] ERROR org.hibernate.engine.jdbc.spi.SqlExceptionHelper {corda.client.id=ledger-repair-E3193F94C243-1774568251258, corda.external.event.id=f1681403-3de5-414e-85b1-eea1734e7b89-iNzKctuAo9jo5bXguJnU/PqTNmHS3yTV+azsIbZKixo=-1, spanId=322715e65818c400, traceId=69c5c5939b0f70e386dcd2b9d51083ac, vnode.id=E3193F94C243} - FATAL: remaining connection slots are reserved for non-replication superuser connections
2026-03-26 23:57:43.825 [JettyServerThreadPool-979] ERROR net.corda.ledger.persistence.processor.LedgerPersistenceRequestProcessor {corda.client.id=ledger-repair-524FEE159D0F-1774568251258, corda.external.event.id=e3a2358c-64ba-46b4-936d-350e714f538e-iNzKctuAo9jo5bXguJnU/PqTNmHS3yTV+azsIbZKixo=-1, spanId=20355236c3d3ab76, traceId=69c5c59351b0d06fd3275061f8e428f1, vnode.id=524FEE159D0F} - Unable to acquire JDBC Connection
org.hibernate.exception.JDBCConnectionException: Unable to acquire JDBC Connection
	at org.hibernate.exception.internal.SQLExceptionTypeDelegate.convert(SQLExceptionTypeDelegate.java:48) ~[?:?]
	at org.hibernate.exception.internal.StandardSQLExceptionConverter.convert(StandardSQLExceptionConverter.java:37) ~[?:?]
	at org.hibernate.engine.jdbc.spi.SqlExceptionHelper.convert(SqlExceptionHelper.java:113) ~[?:?]
	at org.hibernate.engine.jdbc.spi.SqlExceptionHelper.convert(SqlExceptionHelper.java:99) ~[?:?]
	at org.hibernate.resource.jdbc.internal.LogicalConnectionManagedImpl.acquireConnectionIfNeeded(LogicalConnectionManagedImpl.java:111) ~[?:?]
	at org.hibernate.resource.jdbc.internal.LogicalConnectionManagedImpl.getPhysicalConnection(LogicalConnectionManagedImpl.java:138) ~[?:?]
	at org.hibernate.resource.jdbc.internal.LogicalConnectionManagedImpl.getConnectionForTransactionManagement(LogicalConnectionManagedImpl.java:276) ~[?:?]
	at org.hibernate.resource.jdbc.internal.LogicalConnectionManagedImpl.begin(LogicalConnectionManagedImpl.java:284) ~[?:?]
	at org.hibernate.resource.transaction.backend.jdbc.internal.JdbcResourceLocalTransactionCoordinatorImpl$TransactionDriverControlImpl.begin(JdbcResourceLocalTransactionCoordinatorImpl.java:246) ~[?:?]
	at org.hibernate.engine.transaction.internal.TransactionImpl.begin(TransactionImpl.java:83) ~[?:?]
	at net.corda.ledger.persistence.utxo.impl.UtxoPersistenceServiceImpl.findTransactionsWithStatusCreatedBetweenTime(UtxoPersistenceServiceImpl.kt:1362) ~[?:?]
	at net.corda.ledger.persistence.utxo.impl.request.handlers.UtxoFindTransactionsWithStatusCreatedBetweenTimeRequestHandler.execute(UtxoFindTransactionsWithStatusCreatedBetweenTimeRequestHandler.kt:24) ~[?:?]
	at net.corda.ledger.persistence.processor.LedgerPersistenceRequestProcessor$process$result$1.invoke(LedgerPersistenceRequestProcessor.kt:70) ~[?:?]
	at net.corda.ledger.persistence.processor.LedgerPersistenceRequestProcessor$process$result$1.invoke(LedgerPersistenceRequestProcessor.kt:52) ~[?:?]
	at net.corda.utilities.LogUtilsKt.withMDC(LogUtils.kt:73) ~[?:?]
	at net.corda.ledger.persistence.processor.LedgerPersistenceRequestProcessor.process(LedgerPersistenceRequestProcessor.kt:52) ~[?:?]
	at net.corda.ledger.persistence.processor.LedgerPersistenceRequestProcessor.process(LedgerPersistenceRequestProcessor.kt:29) ~[?:?]
	at net.corda.messaging.subscription.SyncRPCSubscriptionImpl.registerEndpoint$lambda$1(SyncRPCSubscriptionImpl.kt:92) ~[?:?]
	at net.corda.web.server.JavalinServer.registerEndpointInternal$lambda$15(JavalinServer.kt:150) ~[?:?]
	at io.javalin.core.security.SecurityUtil.noopAccessManager(SecurityUtil.kt:20) ~[?:?]
	at io.javalin.http.JavalinServlet.addHandler$lambda-0(JavalinServlet.kt:96) ~[?:?]
	at io.javalin.http.JavalinServlet$lifecycle$2$1$1.invoke(JavalinServlet.kt:43) ~[?:?]
	at io.javalin.http.JavalinServlet$lifecycle$2$1$1.invoke(JavalinServlet.kt:43) ~[?:?]
	at io.javalin.http.JavalinServletHandler.executeNextTask(JavalinServletHandler.kt:99) ~[?:?]
	at io.javalin.http.JavalinServletHandler.queueNextTaskOrFinish$lambda-1(JavalinServletHandler.kt:85) ~[?:?]
	at java.util.concurrent.CompletableFuture.uniComposeStage(CompletableFuture.java:1187) ~[?:?]
	at java.util.concurrent.CompletableFuture.thenCompose(CompletableFuture.java:2309) ~[?:?]
	at io.javalin.http.JavalinServletHandler.queueNextTaskOrFinish$javalin(JavalinServletHandler.kt:85) ~[?:?]
	at io.javalin.http.JavalinServlet.service(JavalinServlet.kt:89) ~[?:?]
	at javax.servlet.http.HttpServlet.service(HttpServlet.java:790) ~[javax.servlet-api-3.1.0.jar:3.1.0]
	at io.javalin.jetty.JavalinJettyServlet.service(JavalinJettyServlet.kt:58) ~[?:?]
	at javax.servlet.http.HttpServlet.service(HttpServlet.java:790) ~[javax.servlet-api-3.1.0.jar:3.1.0]
	at org.eclipse.jetty.servlet.ServletHolder.handle(ServletHolder.java:799) ~[?:?]
	at org.eclipse.jetty.servlet.ServletHandler$ChainEnd.doFilter(ServletHandler.java:1656) ~[?:?]
	at brave.servlet.TracingFilter.doFilter(TracingFilter.java:89) ~[?:?]
	at org.eclipse.jetty.servlet.FilterHolder.doFilter(FilterHolder.java:193) ~[?:?]
	at org.eclipse.jetty.servlet.ServletHandler$Chain.doFilter(ServletHandler.java:1626) ~[?:?]
	at org.eclipse.jetty.servlet.ServletHandler.doHandle(ServletHandler.java:552) ~[?:?]
	at org.eclipse.jetty.server.handler.ScopedHandler.nextHandle(ScopedHandler.java:233) ~[jetty-server-9.4.54.v20240208.jar:9.4.54.v20240208]
	at org.eclipse.jetty.server.session.SessionHandler.doHandle(SessionHandler.java:1624) ~[jetty-server-9.4.54.v20240208.jar:9.4.54.v20240208]
	at org.eclipse.jetty.server.handler.ScopedHandler.nextHandle(ScopedHandler.java:233) ~[jetty-server-9.4.54.v20240208.jar:9.4.54.v20240208]
	at io.javalin.jetty.JettyServer$start$wsAndHttpHandler$1.doHandle(JettyServer.kt:52) ~[?:?]
	at org.eclipse.jetty.server.handler.ScopedHandler.nextScope(ScopedHandler.java:188) ~[jetty-server-9.4.54.v20240208.jar:9.4.54.v20240208]
	at org.eclipse.jetty.servlet.ServletHandler.doScope(ServletHandler.java:505) ~[?:?]
	at org.eclipse.jetty.server.session.SessionHandler.doScope(SessionHandler.java:1594) ~[jetty-server-9.4.54.v20240208.jar:9.4.54.v20240208]
	at org.eclipse.jetty.server.handler.ScopedHandler.nextScope(ScopedHandler.java:186) ~[jetty-server-9.4.54.v20240208.jar:9.4.54.v20240208]
	at org.eclipse.jetty.server.handler.ContextHandler.doScope(ContextHandler.java:1355) ~[jetty-server-9.4.54.v20240208.jar:9.4.54.v20240208]
	at org.eclipse.jetty.server.handler.ScopedHandler.handle(ScopedHandler.java:141) ~[jetty-server-9.4.54.v20240208.jar:9.4.54.v20240208]
	at org.eclipse.jetty.server.handler.StatisticsHandler.handle(StatisticsHandler.java:181) ~[jetty-server-9.4.54.v20240208.jar:9.4.54.v20240208]
	at org.eclipse.jetty.server.handler.HandlerWrapper.handle(HandlerWrapper.java:127) ~[jetty-server-9.4.54.v20240208.jar:9.4.54.v20240208]
	at org.eclipse.jetty.server.Server.handle(Server.java:516) ~[jetty-server-9.4.54.v20240208.jar:9.4.54.v20240208]
	at org.eclipse.jetty.server.HttpChannel.lambda$handle$1(HttpChannel.java:487) ~[jetty-server-9.4.54.v20240208.jar:9.4.54.v20240208]
	at org.eclipse.jetty.server.HttpChannel.dispatch(HttpChannel.java:732) [jetty-server-9.4.54.v20240208.jar:9.4.54.v20240208]
	at org.eclipse.jetty.server.HttpChannel.handle(HttpChannel.java:479) [jetty-server-9.4.54.v20240208.jar:9.4.54.v20240208]
	at org.eclipse.jetty.server.HttpConnection.onFillable(HttpConnection.java:277) [jetty-server-9.4.54.v20240208.jar:9.4.54.v20240208]
	at org.eclipse.jetty.io.AbstractConnection$ReadCallback.succeeded(AbstractConnection.java:311) [jetty-io-9.4.54.v20240208.jar:9.4.54.v20240208]
	at org.eclipse.jetty.io.FillInterest.fillable(FillInterest.java:105) [jetty-io-9.4.54.v20240208.jar:9.4.54.v20240208]
	at org.eclipse.jetty.io.ChannelEndPoint$1.run(ChannelEndPoint.java:104) [jetty-io-9.4.54.v20240208.jar:9.4.54.v20240208]
	at org.eclipse.jetty.util.thread.strategy.EatWhatYouKill.runTask(EatWhatYouKill.java:338) [jetty-util-9.4.54.v20240208.jar:9.4.54.v20240208]
	at org.eclipse.jetty.util.thread.strategy.EatWhatYouKill.doProduce(EatWhatYouKill.java:315) [jetty-util-9.4.54.v20240208.jar:9.4.54.v20240208]
	at org.eclipse.jetty.util.thread.strategy.EatWhatYouKill.tryProduce(EatWhatYouKill.java:173) [jetty-util-9.4.54.v20240208.jar:9.4.54.v20240208]
	at org.eclipse.jetty.util.thread.strategy.EatWhatYouKill.run(EatWhatYouKill.java:131) [jetty-util-9.4.54.v20240208.jar:9.4.54.v20240208]
	at org.eclipse.jetty.util.thread.ReservedThreadExecutor$ReservedThread.run(ReservedThreadExecutor.java:409) [jetty-util-9.4.54.v20240208.jar:9.4.54.v20240208]
	at org.eclipse.jetty.util.thread.QueuedThreadPool.runJob(QueuedThreadPool.java:883) [jetty-util-9.4.54.v20240208.jar:9.4.54.v20240208]
	at org.eclipse.jetty.util.thread.QueuedThreadPool$Runner.run(QueuedThreadPool.java:1034) [jetty-util-9.4.54.v20240208.jar:9.4.54.v20240208]
	at java.lang.Thread.run(Thread.java:840) [?:?]
Caused by: java.sql.SQLTransientConnectionException: HikariPool-21 - Connection is not available, request timed out after 30000ms (total=0, active=0, idle=0, waiting=0)
	at com.zaxxer.hikari.pool.HikariPool.createTimeoutException(HikariPool.java:686) ~[?:?]
	at com.zaxxer.hikari.pool.HikariPool.getConnection(HikariPool.java:179) ~[?:?]
	at com.zaxxer.hikari.pool.HikariPool.getConnection(HikariPool.java:144) ~[?:?]
	at com.zaxxer.hikari.HikariDataSource.getConnection(HikariDataSource.java:99) ~[?:?]
	at net.corda.db.core.DataSourceFactoryImpl$HikariDataSourceWrapper.getConnection(DataSourceFactoryImpl.kt) ~[?:?]
	at org.hibernate.engine.jdbc.connections.internal.DatasourceConnectionProviderImpl.getConnection(DatasourceConnectionProviderImpl.java:122) ~[?:?]
	at org.hibernate.internal.NonContextualJdbcConnectionAccess.obtainConnection(NonContextualJdbcConnectionAccess.java:38) ~[?:?]
	at org.hibernate.resource.jdbc.internal.LogicalConnectionManagedImpl.acquireConnectionIfNeeded(LogicalConnectionManagedImpl.java:108) ~[?:?]
	... 61 more
Caused by: org.postgresql.util.PSQLException: FATAL: remaining connection slots are reserved for non-replication superuser connections
	at org.postgresql.Driver$ConnectThread.getResult(Driver.java:397) ~[?:?]
	at org.postgresql.Driver.connect(Driver.java:305) ~[?:?]
	at java.sql.DriverManager.getConnection(DriverManager.java:681) ~[java.sql:?]
	at java.sql.DriverManager.getConnection(DriverManager.java:229) ~[java.sql:?]
	at org.postgresql.ds.common.BaseDataSource.getConnection(BaseDataSource.java:104) ~[?:?]
	at org.postgresql.ds.common.BaseDataSource.getConnection(BaseDataSource.java:88) ~[?:?]
	at com.zaxxer.hikari.pool.PoolBase.newConnection(PoolBase.java:360) ~[?:?]
	at com.zaxxer.hikari.pool.PoolBase.newPoolEntry(PoolBase.java:202) ~[?:?]
	at com.zaxxer.hikari.pool.HikariPool.createPoolEntry(HikariPool.java:461) ~[?:?]
	at com.zaxxer.hikari.pool.HikariPool$PoolEntryCreator.call(HikariPool.java:724) ~[?:?]
	at com.zaxxer.hikari.pool.HikariPool$PoolEntryCreator.call(HikariPool.java:703) ~[?:?]
	at java.util.concurrent.FutureTask.run(FutureTask.java:264) ~[?:?]
	at java.util.concurrent.ThreadPoolExecutor.runWorker(ThreadPoolExecutor.java:1136) ~[?:?]
	at java.util.concurrent.ThreadPoolExecutor$Worker.run(ThreadPoolExecutor.java:635) ~[?:?]
	... 1 more
2026-03-26 23:57:43.837 [JettyServerThreadPool-15132] ERROR net.corda.ledger.persistence.processor.LedgerPersistenceRequestProcessor {corda.client.id=ledger-repair-E3193F94C243-1774568251258, corda.external.event.id=f1681403-3de5-414e-85b1-eea1734e7b89-iNzKctuAo9jo5bXguJnU/PqTNmHS3yTV+azsIbZKixo=-1, spanId=322715e65818c400, traceId=69c5c5939b0f70e386dcd2b9d51083ac, vnode.id=E3193F94C243} - Unable to acquire JDBC Connection
org.hibernate.exception.JDBCConnectionException: Unable to acquire JDBC Connection
	at org.hibernate.exception.internal.SQLExceptionTypeDelegate.convert(SQLExceptionTypeDelegate.java:48) ~[?:?]
	at org.hibernate.exception.internal.StandardSQLExceptionConverter.convert(StandardSQLExceptionConverter.java:37) ~[?:?]
	at org.hibernate.engine.jdbc.spi.SqlExceptionHelper.convert(SqlExceptionHelper.java:113) ~[?:?]
	at org.hibernate.engine.jdbc.spi.SqlExceptionHelper.convert(SqlExceptionHelper.java:99) ~[?:?]
	at org.hibernate.resource.jdbc.internal.LogicalConnectionManagedImpl.acquireConnectionIfNeeded(LogicalConnectionManagedImpl.java:111) ~[?:?]
	at org.hibernate.resource.jdbc.internal.LogicalConnectionManagedImpl.getPhysicalConnection(LogicalConnectionManagedImpl.java:138) ~[?:?]
	at org.hibernate.resource.jdbc.internal.LogicalConnectionManagedImpl.getConnectionForTransactionManagement(LogicalConnectionManagedImpl.java:276) ~[?:?]
	at org.hibernate.resource.jdbc.internal.LogicalConnectionManagedImpl.begin(LogicalConnectionManagedImpl.java:284) ~[?:?]
	at org.hibernate.resource.transaction.backend.jdbc.internal.JdbcResourceLocalTransactionCoordinatorImpl$TransactionDriverControlImpl.begin(JdbcResourceLocalTransactionCoordinatorImpl.java:246) ~[?:?]
	at org.hibernate.engine.transaction.internal.TransactionImpl.begin(TransactionImpl.java:83) ~[?:?]
	at net.corda.ledger.persistence.utxo.impl.UtxoPersistenceServiceImpl.findTransactionsWithStatusCreatedBetweenTime(UtxoPersistenceServiceImpl.kt:1362) ~[?:?]
	at net.corda.ledger.persistence.utxo.impl.request.handlers.UtxoFindTransactionsWithStatusCreatedBetweenTimeRequestHandler.execute(UtxoFindTransactionsWithStatusCreatedBetweenTimeRequestHandler.kt:24) ~[?:?]
	at net.corda.ledger.persistence.processor.LedgerPersistenceRequestProcessor$process$result$1.invoke(LedgerPersistenceRequestProcessor.kt:70) ~[?:?]
	at net.corda.ledger.persistence.processor.LedgerPersistenceRequestProcessor$process$result$1.invoke(LedgerPersistenceRequestProcessor.kt:52) ~[?:?]
	at net.corda.utilities.LogUtilsKt.withMDC(LogUtils.kt:73) ~[?:?]
	at net.corda.ledger.persistence.processor.LedgerPersistenceRequestProcessor.process(LedgerPersistenceRequestProcessor.kt:52) ~[?:?]
	at net.corda.ledger.persistence.processor.LedgerPersistenceRequestProcessor.process(LedgerPersistenceRequestProcessor.kt:29) ~[?:?]
	at net.corda.messaging.subscription.SyncRPCSubscriptionImpl.registerEndpoint$lambda$1(SyncRPCSubscriptionImpl.kt:92) ~[?:?]
	at net.corda.web.server.JavalinServer.registerEndpointInternal$lambda$15(JavalinServer.kt:150) ~[?:?]
	at io.javalin.core.security.SecurityUtil.noopAccessManager(SecurityUtil.kt:20) ~[?:?]
	at io.javalin.http.JavalinServlet.addHandler$lambda-0(JavalinServlet.kt:96) ~[?:?]
	at io.javalin.http.JavalinServlet$lifecycle$2$1$1.invoke(JavalinServlet.kt:43) ~[?:?]
	at io.javalin.http.JavalinServlet$lifecycle$2$1$1.invoke(JavalinServlet.kt:43) ~[?:?]
	at io.javalin.http.JavalinServletHandler.executeNextTask(JavalinServletHandler.kt:99) ~[?:?]
	at io.javalin.http.JavalinServletHandler.queueNextTaskOrFinish$lambda-1(JavalinServletHandler.kt:85) ~[?:?]
	at java.util.concurrent.CompletableFuture.uniComposeStage(CompletableFuture.java:1187) ~[?:?]
	at java.util.concurrent.CompletableFuture.thenCompose(CompletableFuture.java:2309) ~[?:?]
	at io.javalin.http.JavalinServletHandler.queueNextTaskOrFinish$javalin(JavalinServletHandler.kt:85) ~[?:?]
	at io.javalin.http.JavalinServlet.service(JavalinServlet.kt:89) ~[?:?]
	at javax.servlet.http.HttpServlet.service(HttpServlet.java:790) ~[javax.servlet-api-3.1.0.jar:3.1.0]
	at io.javalin.jetty.JavalinJettyServlet.service(JavalinJettyServlet.kt:58) ~[?:?]
	at javax.servlet.http.HttpServlet.service(HttpServlet.java:790) ~[javax.servlet-api-3.1.0.jar:3.1.0]
	at org.eclipse.jetty.servlet.ServletHolder.handle(ServletHolder.java:799) ~[?:?]
	at org.eclipse.jetty.servlet.ServletHandler$ChainEnd.doFilter(ServletHandler.java:1656) ~[?:?]
	at brave.servlet.TracingFilter.doFilter(TracingFilter.java:89) ~[?:?]
	at org.eclipse.jetty.servlet.FilterHolder.doFilter(FilterHolder.java:193) ~[?:?]
	at org.eclipse.jetty.servlet.ServletHandler$Chain.doFilter(ServletHandler.java:1626) ~[?:?]
	at org.eclipse.jetty.servlet.ServletHandler.doHandle(ServletHandler.java:552) ~[?:?]
	at org.eclipse.jetty.server.handler.ScopedHandler.nextHandle(ScopedHandler.java:233) ~[jetty-server-9.4.54.v20240208.jar:9.4.54.v20240208]
	at org.eclipse.jetty.server.session.SessionHandler.doHandle(SessionHandler.java:1624) ~[jetty-server-9.4.54.v20240208.jar:9.4.54.v20240208]
	at org.eclipse.jetty.server.handler.ScopedHandler.nextHandle(ScopedHandler.java:233) ~[jetty-server-9.4.54.v20240208.jar:9.4.54.v20240208]
	at io.javalin.jetty.JettyServer$start$wsAndHttpHandler$1.doHandle(JettyServer.kt:52) ~[?:?]
	at org.eclipse.jetty.server.handler.ScopedHandler.nextScope(ScopedHandler.java:188) ~[jetty-server-9.4.54.v20240208.jar:9.4.54.v20240208]
	at org.eclipse.jetty.servlet.ServletHandler.doScope(ServletHandler.java:505) ~[?:?]
	at org.eclipse.jetty.server.session.SessionHandler.doScope(SessionHandler.java:1594) ~[jetty-server-9.4.54.v20240208.jar:9.4.54.v20240208]
	at org.eclipse.jetty.server.handler.ScopedHandler.nextScope(ScopedHandler.java:186) ~[jetty-server-9.4.54.v20240208.jar:9.4.54.v20240208]
	at org.eclipse.jetty.server.handler.ContextHandler.doScope(ContextHandler.java:1355) ~[jetty-server-9.4.54.v20240208.jar:9.4.54.v20240208]
	at org.eclipse.jetty.server.handler.ScopedHandler.handle(ScopedHandler.java:141) ~[jetty-server-9.4.54.v20240208.jar:9.4.54.v20240208]
	at org.eclipse.jetty.server.handler.StatisticsHandler.handle(StatisticsHandler.java:181) ~[jetty-server-9.4.54.v20240208.jar:9.4.54.v20240208]
	at org.eclipse.jetty.server.handler.HandlerWrapper.handle(HandlerWrapper.java:127) ~[jetty-server-9.4.54.v20240208.jar:9.4.54.v20240208]
	at org.eclipse.jetty.server.Server.handle(Server.java:516) ~[jetty-server-9.4.54.v20240208.jar:9.4.54.v20240208]
	at org.eclipse.jetty.server.HttpChannel.lambda$handle$1(HttpChannel.java:487) ~[jetty-server-9.4.54.v20240208.jar:9.4.54.v20240208]
	at org.eclipse.jetty.server.HttpChannel.dispatch(HttpChannel.java:732) [jetty-server-9.4.54.v20240208.jar:9.4.54.v20240208]
	at org.eclipse.jetty.server.HttpChannel.handle(HttpChannel.java:479) [jetty-server-9.4.54.v20240208.jar:9.4.54.v20240208]
	at org.eclipse.jetty.server.HttpConnection.onFillable(HttpConnection.java:277) [jetty-server-9.4.54.v20240208.jar:9.4.54.v20240208]
	at org.eclipse.jetty.io.AbstractConnection$ReadCallback.succeeded(AbstractConnection.java:311) [jetty-io-9.4.54.v20240208.jar:9.4.54.v20240208]
	at org.eclipse.jetty.io.FillInterest.fillable(FillInterest.java:105) [jetty-io-9.4.54.v20240208.jar:9.4.54.v20240208]
	at org.eclipse.jetty.io.ChannelEndPoint$1.run(ChannelEndPoint.java:104) [jetty-io-9.4.54.v20240208.jar:9.4.54.v20240208]
	at org.eclipse.jetty.util.thread.strategy.EatWhatYouKill.runTask(EatWhatYouKill.java:338) [jetty-util-9.4.54.v20240208.jar:9.4.54.v20240208]
	at org.eclipse.jetty.util.thread.strategy.EatWhatYouKill.doProduce(EatWhatYouKill.java:315) [jetty-util-9.4.54.v20240208.jar:9.4.54.v20240208]
	at org.eclipse.jetty.util.thread.strategy.EatWhatYouKill.tryProduce(EatWhatYouKill.java:173) [jetty-util-9.4.54.v20240208.jar:9.4.54.v20240208]
	at org.eclipse.jetty.util.thread.strategy.EatWhatYouKill.run(EatWhatYouKill.java:131) [jetty-util-9.4.54.v20240208.jar:9.4.54.v20240208]
	at org.eclipse.jetty.util.thread.ReservedThreadExecutor$ReservedThread.run(ReservedThreadExecutor.java:409) [jetty-util-9.4.54.v20240208.jar:9.4.54.v20240208]
	at org.eclipse.jetty.util.thread.QueuedThreadPool.runJob(QueuedThreadPool.java:883) [jetty-util-9.4.54.v20240208.jar:9.4.54.v20240208]
	at org.eclipse.jetty.util.thread.QueuedThreadPool$Runner.run(QueuedThreadPool.java:1034) [jetty-util-9.4.54.v20240208.jar:9.4.54.v20240208]
	at java.lang.Thread.run(Thread.java:840) [?:?]
Caused by: java.sql.SQLTransientConnectionException: HikariPool-22 - Connection is not available, request timed out after 30002ms (total=0, active=0, idle=0, waiting=0)
	at com.zaxxer.hikari.pool.HikariPool.createTimeoutException(HikariPool.java:686) ~[?:?]
	at com.zaxxer.hikari.pool.HikariPool.getConnection(HikariPool.java:179) ~[?:?]
	at com.zaxxer.hikari.pool.HikariPool.getConnection(HikariPool.java:144) ~[?:?]
	at com.zaxxer.hikari.HikariDataSource.getConnection(HikariDataSource.java:99) ~[?:?]
	at net.corda.db.core.DataSourceFactoryImpl$HikariDataSourceWrapper.getConnection(DataSourceFactoryImpl.kt) ~[?:?]
	at org.hibernate.engine.jdbc.connections.internal.DatasourceConnectionProviderImpl.getConnection(DatasourceConnectionProviderImpl.java:122) ~[?:?]
	at org.hibernate.internal.NonContextualJdbcConnectionAccess.obtainConnection(NonContextualJdbcConnectionAccess.java:38) ~[?:?]
	at org.hibernate.resource.jdbc.internal.LogicalConnectionManagedImpl.acquireConnectionIfNeeded(LogicalConnectionManagedImpl.java:108) ~[?:?]
	... 61 more
Caused by: org.postgresql.util.PSQLException: FATAL: remaining connection slots are reserved for non-replication superuser connections
	at org.postgresql.Driver$ConnectThread.getResult(Driver.java:397) ~[?:?]
	at org.postgresql.Driver.connect(Driver.java:305) ~[?:?]
	at java.sql.DriverManager.getConnection(DriverManager.java:681) ~[java.sql:?]
	at java.sql.DriverManager.getConnection(DriverManager.java:229) ~[java.sql:?]
	at org.postgresql.ds.common.BaseDataSource.getConnection(BaseDataSource.java:104) ~[?:?]
	at org.postgresql.ds.common.BaseDataSource.getConnection(BaseDataSource.java:88) ~[?:?]
	at com.zaxxer.hikari.pool.PoolBase.newConnection(PoolBase.java:360) ~[?:?]
	at com.zaxxer.hikari.pool.PoolBase.newPoolEntry(PoolBase.java:202) ~[?:?]
	at com.zaxxer.hikari.pool.HikariPool.createPoolEntry(HikariPool.java:461) ~[?:?]
	at com.zaxxer.hikari.pool.HikariPool$PoolEntryCreator.call(HikariPool.java:724) ~[?:?]
	at com.zaxxer.hikari.pool.HikariPool$PoolEntryCreator.call(HikariPool.java:703) ~[?:?]
	at java.util.concurrent.FutureTask.run(FutureTask.java:264) ~[?:?]
	at java.util.concurrent.ThreadPoolExecutor.runWorker(ThreadPoolExecutor.java:1136) ~[?:?]
	at java.util.concurrent.ThreadPoolExecutor$Worker.run(ThreadPoolExecutor.java:635) ~[?:?]
	... 1 more
2026-03-26 23:57:43.841 [JettyServerThreadPool-979] WARN  net.corda.persistence.common.PersistenceExceptionCategorizerImpl {corda.client.id=ledger-repair-524FEE159D0F-1774568251258, corda.external.event.id=e3a2358c-64ba-46b4-936d-350e714f538e-iNzKctuAo9jo5bXguJnU/PqTNmHS3yTV+azsIbZKixo=-1, spanId=20355236c3d3ab76, traceId=69c5c59351b0d06fd3275061f8e428f1, vnode.id=524FEE159D0F} - Categorized exception as TRANSIENT: org.hibernate.exception.JDBCConnectionException: Unable to acquire JDBC Connection
org.hibernate.exception.JDBCConnectionException: Unable to acquire JDBC Connection
	at org.hibernate.exception.internal.SQLExceptionTypeDelegate.convert(SQLExceptionTypeDelegate.java:48) ~[?:?]
	at org.hibernate.exception.internal.StandardSQLExceptionConverter.convert(StandardSQLExceptionConverter.java:37) ~[?:?]
	at org.hibernate.engine.jdbc.spi.SqlExceptionHelper.convert(SqlExceptionHelper.java:113) ~[?:?]
	at org.hibernate.engine.jdbc.spi.SqlExceptionHelper.convert(SqlExceptionHelper.java:99) ~[?:?]
	at org.hibernate.resource.jdbc.internal.LogicalConnectionManagedImpl.acquireConnectionIfNeeded(LogicalConnectionManagedImpl.java:111) ~[?:?]
	at org.hibernate.resource.jdbc.internal.LogicalConnectionManagedImpl.getPhysicalConnection(LogicalConnectionManagedImpl.java:138) ~[?:?]
	at org.hibernate.resource.jdbc.internal.LogicalConnectionManagedImpl.getConnectionForTransactionManagement(LogicalConnectionManagedImpl.java:276) ~[?:?]
	at org.hibernate.resource.jdbc.internal.LogicalConnectionManagedImpl.begin(LogicalConnectionManagedImpl.java:284) ~[?:?]
	at org.hibernate.resource.transaction.backend.jdbc.internal.JdbcResourceLocalTransactionCoordinatorImpl$TransactionDriverControlImpl.begin(JdbcResourceLocalTransactionCoordinatorImpl.java:246) ~[?:?]
	at org.hibernate.engine.transaction.internal.TransactionImpl.begin(TransactionImpl.java:83) ~[?:?]
	at net.corda.ledger.persistence.utxo.impl.UtxoPersistenceServiceImpl.findTransactionsWithStatusCreatedBetweenTime(UtxoPersistenceServiceImpl.kt:1362) ~[?:?]
	at net.corda.ledger.persistence.utxo.impl.request.handlers.UtxoFindTransactionsWithStatusCreatedBetweenTimeRequestHandler.execute(UtxoFindTransactionsWithStatusCreatedBetweenTimeRequestHandler.kt:24) ~[?:?]
	at net.corda.ledger.persistence.processor.LedgerPersistenceRequestProcessor$process$result$1.invoke(LedgerPersistenceRequestProcessor.kt:70) ~[?:?]
	at net.corda.ledger.persistence.processor.LedgerPersistenceRequestProcessor$process$result$1.invoke(LedgerPersistenceRequestProcessor.kt:52) ~[?:?]
	at net.corda.utilities.LogUtilsKt.withMDC(LogUtils.kt:73) ~[?:?]
	at net.corda.ledger.persistence.processor.LedgerPersistenceRequestProcessor.process(LedgerPersistenceRequestProcessor.kt:52) ~[?:?]
	at net.corda.ledger.persistence.processor.LedgerPersistenceRequestProcessor.process(LedgerPersistenceRequestProcessor.kt:29) ~[?:?]
	at net.corda.messaging.subscription.SyncRPCSubscriptionImpl.registerEndpoint$lambda$1(SyncRPCSubscriptionImpl.kt:92) ~[?:?]
	at net.corda.web.server.JavalinServer.registerEndpointInternal$lambda$15(JavalinServer.kt:150) ~[?:?]
	at io.javalin.core.security.SecurityUtil.noopAccessManager(SecurityUtil.kt:20) ~[?:?]
	at io.javalin.http.JavalinServlet.addHandler$lambda-0(JavalinServlet.kt:96) ~[?:?]
	at io.javalin.http.JavalinServlet$lifecycle$2$1$1.invoke(JavalinServlet.kt:43) ~[?:?]
	at io.javalin.http.JavalinServlet$lifecycle$2$1$1.invoke(JavalinServlet.kt:43) ~[?:?]
	at io.javalin.http.JavalinServletHandler.executeNextTask(JavalinServletHandler.kt:99) ~[?:?]
	at io.javalin.http.JavalinServletHandler.queueNextTaskOrFinish$lambda-1(JavalinServletHandler.kt:85) ~[?:?]
	at java.util.concurrent.CompletableFuture.uniComposeStage(CompletableFuture.java:1187) ~[?:?]
	at java.util.concurrent.CompletableFuture.thenCompose(CompletableFuture.java:2309) ~[?:?]
	at io.javalin.http.JavalinServletHandler.queueNextTaskOrFinish$javalin(JavalinServletHandler.kt:85) ~[?:?]
	at io.javalin.http.JavalinServlet.service(JavalinServlet.kt:89) ~[?:?]
	at javax.servlet.http.HttpServlet.service(HttpServlet.java:790) ~[javax.servlet-api-3.1.0.jar:3.1.0]
	at io.javalin.jetty.JavalinJettyServlet.service(JavalinJettyServlet.kt:58) ~[?:?]
	at javax.servlet.http.HttpServlet.service(HttpServlet.java:790) ~[javax.servlet-api-3.1.0.jar:3.1.0]
	at org.eclipse.jetty.servlet.ServletHolder.handle(ServletHolder.java:799) ~[?:?]
	at org.eclipse.jetty.servlet.ServletHandler$ChainEnd.doFilter(ServletHandler.java:1656) ~[?:?]
	at brave.servlet.TracingFilter.doFilter(TracingFilter.java:89) ~[?:?]
	at org.eclipse.jetty.servlet.FilterHolder.doFilter(FilterHolder.java:193) ~[?:?]
	at org.eclipse.jetty.servlet.ServletHandler$Chain.doFilter(ServletHandler.java:1626) ~[?:?]
	at org.eclipse.jetty.servlet.ServletHandler.doHandle(ServletHandler.java:552) ~[?:?]
	at org.eclipse.jetty.server.handler.ScopedHandler.nextHandle(ScopedHandler.java:233) ~[jetty-server-9.4.54.v20240208.jar:9.4.54.v20240208]
	at org.eclipse.jetty.server.session.SessionHandler.doHandle(SessionHandler.java:1624) ~[jetty-server-9.4.54.v20240208.jar:9.4.54.v20240208]
	at org.eclipse.jetty.server.handler.ScopedHandler.nextHandle(ScopedHandler.java:233) ~[jetty-server-9.4.54.v20240208.jar:9.4.54.v20240208]
	at io.javalin.jetty.JettyServer$start$wsAndHttpHandler$1.doHandle(JettyServer.kt:52) ~[?:?]
	at org.eclipse.jetty.server.handler.ScopedHandler.nextScope(ScopedHandler.java:188) ~[jetty-server-9.4.54.v20240208.jar:9.4.54.v20240208]
	at org.eclipse.jetty.servlet.ServletHandler.doScope(ServletHandler.java:505) ~[?:?]
	at org.eclipse.jetty.server.session.SessionHandler.doScope(SessionHandler.java:1594) ~[jetty-server-9.4.54.v20240208.jar:9.4.54.v20240208]
	at org.eclipse.jetty.server.handler.ScopedHandler.nextScope(ScopedHandler.java:186) ~[jetty-server-9.4.54.v20240208.jar:9.4.54.v20240208]
	at org.eclipse.jetty.server.handler.ContextHandler.doScope(ContextHandler.java:1355) ~[jetty-server-9.4.54.v20240208.jar:9.4.54.v20240208]
	at org.eclipse.jetty.server.handler.ScopedHandler.handle(ScopedHandler.java:141) ~[jetty-server-9.4.54.v20240208.jar:9.4.54.v20240208]
	at org.eclipse.jetty.server.handler.StatisticsHandler.handle(StatisticsHandler.java:181) ~[jetty-server-9.4.54.v20240208.jar:9.4.54.v20240208]
	at org.eclipse.jetty.server.handler.HandlerWrapper.handle(HandlerWrapper.java:127) ~[jetty-server-9.4.54.v20240208.jar:9.4.54.v20240208]
	at org.eclipse.jetty.server.Server.handle(Server.java:516) ~[jetty-server-9.4.54.v20240208.jar:9.4.54.v20240208]
	at org.eclipse.jetty.server.HttpChannel.lambda$handle$1(HttpChannel.java:487) ~[jetty-server-9.4.54.v20240208.jar:9.4.54.v20240208]
	at org.eclipse.jetty.server.HttpChannel.dispatch(HttpChannel.java:732) [jetty-server-9.4.54.v20240208.jar:9.4.54.v20240208]
	at org.eclipse.jetty.server.HttpChannel.handle(HttpChannel.java:479) [jetty-server-9.4.54.v20240208.jar:9.4.54.v20240208]
	at org.eclipse.jetty.server.HttpConnection.onFillable(HttpConnection.java:277) [jetty-server-9.4.54.v20240208.jar:9.4.54.v20240208]
	at org.eclipse.jetty.io.AbstractConnection$ReadCallback.succeeded(AbstractConnection.java:311) [jetty-io-9.4.54.v20240208.jar:9.4.54.v20240208]
	at org.eclipse.jetty.io.FillInterest.fillable(FillInterest.java:105) [jetty-io-9.4.54.v20240208.jar:9.4.54.v20240208]
	at org.eclipse.jetty.io.ChannelEndPoint$1.run(ChannelEndPoint.java:104) [jetty-io-9.4.54.v20240208.jar:9.4.54.v20240208]
	at org.eclipse.jetty.util.thread.strategy.EatWhatYouKill.runTask(EatWhatYouKill.java:338) [jetty-util-9.4.54.v20240208.jar:9.4.54.v20240208]
	at org.eclipse.jetty.util.thread.strategy.EatWhatYouKill.doProduce(EatWhatYouKill.java:315) [jetty-util-9.4.54.v20240208.jar:9.4.54.v20240208]
	at org.eclipse.jetty.util.thread.strategy.EatWhatYouKill.tryProduce(EatWhatYouKill.java:173) [jetty-util-9.4.54.v20240208.jar:9.4.54.v20240208]
	at org.eclipse.jetty.util.thread.strategy.EatWhatYouKill.run(EatWhatYouKill.java:131) [jetty-util-9.4.54.v20240208.jar:9.4.54.v20240208]
	at org.eclipse.jetty.util.thread.ReservedThreadExecutor$ReservedThread.run(ReservedThreadExecutor.java:409) [jetty-util-9.4.54.v20240208.jar:9.4.54.v20240208]
	at org.eclipse.jetty.util.thread.QueuedThreadPool.runJob(QueuedThreadPool.java:883) [jetty-util-9.4.54.v20240208.jar:9.4.54.v20240208]
	at org.eclipse.jetty.util.thread.QueuedThreadPool$Runner.run(QueuedThreadPool.java:1034) [jetty-util-9.4.54.v20240208.jar:9.4.54.v20240208]
	at java.lang.Thread.run(Thread.java:840) [?:?]
Caused by: java.sql.SQLTransientConnectionException: HikariPool-21 - Connection is not available, request timed out after 30000ms (total=0, active=0, idle=0, waiting=0)
	at com.zaxxer.hikari.pool.HikariPool.createTimeoutException(HikariPool.java:686) ~[?:?]
	at com.zaxxer.hikari.pool.HikariPool.getConnection(HikariPool.java:179) ~[?:?]
	at com.zaxxer.hikari.pool.HikariPool.getConnection(HikariPool.java:144) ~[?:?]
	at com.zaxxer.hikari.HikariDataSource.getConnection(HikariDataSource.java:99) ~[?:?]
	at net.corda.db.core.DataSourceFactoryImpl$HikariDataSourceWrapper.getConnection(DataSourceFactoryImpl.kt) ~[?:?]
	at org.hibernate.engine.jdbc.connections.internal.DatasourceConnectionProviderImpl.getConnection(DatasourceConnectionProviderImpl.java:122) ~[?:?]
	at org.hibernate.internal.NonContextualJdbcConnectionAccess.obtainConnection(NonContextualJdbcConnectionAccess.java:38) ~[?:?]
	at org.hibernate.resource.jdbc.internal.LogicalConnectionManagedImpl.acquireConnectionIfNeeded(LogicalConnectionManagedImpl.java:108) ~[?:?]
	... 61 more
Caused by: org.postgresql.util.PSQLException: FATAL: remaining connection slots are reserved for non-replication superuser connections
	at org.postgresql.Driver$ConnectThread.getResult(Driver.java:397) ~[?:?]
	at org.postgresql.Driver.connect(Driver.java:305) ~[?:?]
	at java.sql.DriverManager.getConnection(DriverManager.java:681) ~[java.sql:?]
	at java.sql.DriverManager.getConnection(DriverManager.java:229) ~[java.sql:?]
	at org.postgresql.ds.common.BaseDataSource.getConnection(BaseDataSource.java:104) ~[?:?]
	at org.postgresql.ds.common.BaseDataSource.getConnection(BaseDataSource.java:88) ~[?:?]
	at com.zaxxer.hikari.pool.PoolBase.newConnection(PoolBase.java:360) ~[?:?]
	at com.zaxxer.hikari.pool.PoolBase.newPoolEntry(PoolBase.java:202) ~[?:?]
	at com.zaxxer.hikari.pool.HikariPool.createPoolEntry(HikariPool.java:461) ~[?:?]
	at com.zaxxer.hikari.pool.HikariPool$PoolEntryCreator.call(HikariPool.java:724) ~[?:?]
	at com.zaxxer.hikari.pool.HikariPool$PoolEntryCreator.call(HikariPool.java:703) ~[?:?]
	at java.util.concurrent.FutureTask.run(FutureTask.java:264) ~[?:?]
	at java.util.concurrent.ThreadPoolExecutor.runWorker(ThreadPoolExecutor.java:1136) ~[?:?]
	at java.util.concurrent.ThreadPoolExecutor$Worker.run(ThreadPoolExecutor.java:635) ~[?:?]
	... 1 more
2026-03-26 23:57:43.858 [JettyServerThreadPool-15132] WARN  net.corda.persistence.common.PersistenceExceptionCategorizerImpl {corda.client.id=ledger-repair-E3193F94C243-1774568251258, corda.external.event.id=f1681403-3de5-414e-85b1-eea1734e7b89-iNzKctuAo9jo5bXguJnU/PqTNmHS3yTV+azsIbZKixo=-1, spanId=322715e65818c400, traceId=69c5c5939b0f70e386dcd2b9d51083ac, vnode.id=E3193F94C243} - Categorized exception as TRANSIENT: org.hibernate.exception.JDBCConnectionException: Unable to acquire JDBC Connection
org.hibernate.exception.JDBCConnectionException: Unable to acquire JDBC Connection
	at org.hibernate.exception.internal.SQLExceptionTypeDelegate.convert(SQLExceptionTypeDelegate.java:48) ~[?:?]
	at org.hibernate.exception.internal.StandardSQLExceptionConverter.convert(StandardSQLExceptionConverter.java:37) ~[?:?]
	at org.hibernate.engine.jdbc.spi.SqlExceptionHelper.convert(SqlExceptionHelper.java:113) ~[?:?]
	at org.hibernate.engine.jdbc.spi.SqlExceptionHelper.convert(SqlExceptionHelper.java:99) ~[?:?]
	at org.hibernate.resource.jdbc.internal.LogicalConnectionManagedImpl.acquireConnectionIfNeeded(LogicalConnectionManagedImpl.java:111) ~[?:?]
	at org.hibernate.resource.jdbc.internal.LogicalConnectionManagedImpl.getPhysicalConnection(LogicalConnectionManagedImpl.java:138) ~[?:?]
	at org.hibernate.resource.jdbc.internal.LogicalConnectionManagedImpl.getConnectionForTransactionManagement(LogicalConnectionManagedImpl.java:276) ~[?:?]
	at org.hibernate.resource.jdbc.internal.LogicalConnectionManagedImpl.begin(LogicalConnectionManagedImpl.java:284) ~[?:?]
	at org.hibernate.resource.transaction.backend.jdbc.internal.JdbcResourceLocalTransactionCoordinatorImpl$TransactionDriverControlImpl.begin(JdbcResourceLocalTransactionCoordinatorImpl.java:246) ~[?:?]
	at org.hibernate.engine.transaction.internal.TransactionImpl.begin(TransactionImpl.java:83) ~[?:?]
	at net.corda.ledger.persistence.utxo.impl.UtxoPersistenceServiceImpl.findTransactionsWithStatusCreatedBetweenTime(UtxoPersistenceServiceImpl.kt:1362) ~[?:?]
	at net.corda.ledger.persistence.utxo.impl.request.handlers.UtxoFindTransactionsWithStatusCreatedBetweenTimeRequestHandler.execute(UtxoFindTransactionsWithStatusCreatedBetweenTimeRequestHandler.kt:24) ~[?:?]
	at net.corda.ledger.persistence.processor.LedgerPersistenceRequestProcessor$process$result$1.invoke(LedgerPersistenceRequestProcessor.kt:70) ~[?:?]
	at net.corda.ledger.persistence.processor.LedgerPersistenceRequestProcessor$process$result$1.invoke(LedgerPersistenceRequestProcessor.kt:52) ~[?:?]
	at net.corda.utilities.LogUtilsKt.withMDC(LogUtils.kt:73) ~[?:?]
	at net.corda.ledger.persistence.processor.LedgerPersistenceRequestProcessor.process(LedgerPersistenceRequestProcessor.kt:52) ~[?:?]
	at net.corda.ledger.persistence.processor.LedgerPersistenceRequestProcessor.process(LedgerPersistenceRequestProcessor.kt:29) ~[?:?]
	at net.corda.messaging.subscription.SyncRPCSubscriptionImpl.registerEndpoint$lambda$1(SyncRPCSubscriptionImpl.kt:92) ~[?:?]
	at net.corda.web.server.JavalinServer.registerEndpointInternal$lambda$15(JavalinServer.kt:150) ~[?:?]
	at io.javalin.core.security.SecurityUtil.noopAccessManager(SecurityUtil.kt:20) ~[?:?]
	at io.javalin.http.JavalinServlet.addHandler$lambda-0(JavalinServlet.kt:96) ~[?:?]
	at io.javalin.http.JavalinServlet$lifecycle$2$1$1.invoke(JavalinServlet.kt:43) ~[?:?]
	at io.javalin.http.JavalinServlet$lifecycle$2$1$1.invoke(JavalinServlet.kt:43) ~[?:?]
	at io.javalin.http.JavalinServletHandler.executeNextTask(JavalinServletHandler.kt:99) ~[?:?]
	at io.javalin.http.JavalinServletHandler.queueNextTaskOrFinish$lambda-1(JavalinServletHandler.kt:85) ~[?:?]
	at java.util.concurrent.CompletableFuture.uniComposeStage(CompletableFuture.java:1187) ~[?:?]
	at java.util.concurrent.CompletableFuture.thenCompose(CompletableFuture.java:2309) ~[?:?]
	at io.javalin.http.JavalinServletHandler.queueNextTaskOrFinish$javalin(JavalinServletHandler.kt:85) ~[?:?]
	at io.javalin.http.JavalinServlet.service(JavalinServlet.kt:89) ~[?:?]
	at javax.servlet.http.HttpServlet.service(HttpServlet.java:790) ~[javax.servlet-api-3.1.0.jar:3.1.0]
	at io.javalin.jetty.JavalinJettyServlet.service(JavalinJettyServlet.kt:58) ~[?:?]
	at javax.servlet.http.HttpServlet.service(HttpServlet.java:790) ~[javax.servlet-api-3.1.0.jar:3.1.0]
	at org.eclipse.jetty.servlet.ServletHolder.handle(ServletHolder.java:799) ~[?:?]
	at org.eclipse.jetty.servlet.ServletHandler$ChainEnd.doFilter(ServletHandler.java:1656) ~[?:?]
	at brave.servlet.TracingFilter.doFilter(TracingFilter.java:89) ~[?:?]
	at org.eclipse.jetty.servlet.FilterHolder.doFilter(FilterHolder.java:193) ~[?:?]
	at org.eclipse.jetty.servlet.ServletHandler$Chain.doFilter(ServletHandler.java:1626) ~[?:?]
	at org.eclipse.jetty.servlet.ServletHandler.doHandle(ServletHandler.java:552) ~[?:?]
	at org.eclipse.jetty.server.handler.ScopedHandler.nextHandle(ScopedHandler.java:233) ~[jetty-server-9.4.54.v20240208.jar:9.4.54.v20240208]
	at org.eclipse.jetty.server.session.SessionHandler.doHandle(SessionHandler.java:1624) ~[jetty-server-9.4.54.v20240208.jar:9.4.54.v20240208]
	at org.eclipse.jetty.server.handler.ScopedHandler.nextHandle(ScopedHandler.java:233) ~[jetty-server-9.4.54.v20240208.jar:9.4.54.v20240208]
	at io.javalin.jetty.JettyServer$start$wsAndHttpHandler$1.doHandle(JettyServer.kt:52) ~[?:?]
	at org.eclipse.jetty.server.handler.ScopedHandler.nextScope(ScopedHandler.java:188) ~[jetty-server-9.4.54.v20240208.jar:9.4.54.v20240208]
	at org.eclipse.jetty.servlet.ServletHandler.doScope(ServletHandler.java:505) ~[?:?]
	at org.eclipse.jetty.server.session.SessionHandler.doScope(SessionHandler.java:1594) ~[jetty-server-9.4.54.v20240208.jar:9.4.54.v20240208]
	at org.eclipse.jetty.server.handler.ScopedHandler.nextScope(ScopedHandler.java:186) ~[jetty-server-9.4.54.v20240208.jar:9.4.54.v20240208]
	at org.eclipse.jetty.server.handler.ContextHandler.doScope(ContextHandler.java:1355) ~[jetty-server-9.4.54.v20240208.jar:9.4.54.v20240208]
	at org.eclipse.jetty.server.handler.ScopedHandler.handle(ScopedHandler.java:141) ~[jetty-server-9.4.54.v20240208.jar:9.4.54.v20240208]
	at org.eclipse.jetty.server.handler.StatisticsHandler.handle(StatisticsHandler.java:181) ~[jetty-server-9.4.54.v20240208.jar:9.4.54.v20240208]
	at org.eclipse.jetty.server.handler.HandlerWrapper.handle(HandlerWrapper.java:127) ~[jetty-server-9.4.54.v20240208.jar:9.4.54.v20240208]
	at org.eclipse.jetty.server.Server.handle(Server.java:516) ~[jetty-server-9.4.54.v20240208.jar:9.4.54.v20240208]
	at org.eclipse.jetty.server.HttpChannel.lambda$handle$1(HttpChannel.java:487) ~[jetty-server-9.4.54.v20240208.jar:9.4.54.v20240208]
	at org.eclipse.jetty.server.HttpChannel.dispatch(HttpChannel.java:732) [jetty-server-9.4.54.v20240208.jar:9.4.54.v20240208]
	at org.eclipse.jetty.server.HttpChannel.handle(HttpChannel.java:479) [jetty-server-9.4.54.v20240208.jar:9.4.54.v20240208]
	at org.eclipse.jetty.server.HttpConnection.onFillable(HttpConnection.java:277) [jetty-server-9.4.54.v20240208.jar:9.4.54.v20240208]
	at org.eclipse.jetty.io.AbstractConnection$ReadCallback.succeeded(AbstractConnection.java:311) [jetty-io-9.4.54.v20240208.jar:9.4.54.v20240208]
	at org.eclipse.jetty.io.FillInterest.fillable(FillInterest.java:105) [jetty-io-9.4.54.v20240208.jar:9.4.54.v20240208]
	at org.eclipse.jetty.io.ChannelEndPoint$1.run(ChannelEndPoint.java:104) [jetty-io-9.4.54.v20240208.jar:9.4.54.v20240208]
	at org.eclipse.jetty.util.thread.strategy.EatWhatYouKill.runTask(EatWhatYouKill.java:338) [jetty-util-9.4.54.v20240208.jar:9.4.54.v20240208]
	at org.eclipse.jetty.util.thread.strategy.EatWhatYouKill.doProduce(EatWhatYouKill.java:315) [jetty-util-9.4.54.v20240208.jar:9.4.54.v20240208]
	at org.eclipse.jetty.util.thread.strategy.EatWhatYouKill.tryProduce(EatWhatYouKill.java:173) [jetty-util-9.4.54.v20240208.jar:9.4.54.v20240208]
	at org.eclipse.jetty.util.thread.strategy.EatWhatYouKill.run(EatWhatYouKill.java:131) [jetty-util-9.4.54.v20240208.jar:9.4.54.v20240208]
	at org.eclipse.jetty.util.thread.ReservedThreadExecutor$ReservedThread.run(ReservedThreadExecutor.java:409) [jetty-util-9.4.54.v20240208.jar:9.4.54.v20240208]
	at org.eclipse.jetty.util.thread.QueuedThreadPool.runJob(QueuedThreadPool.java:883) [jetty-util-9.4.54.v20240208.jar:9.4.54.v20240208]
	at org.eclipse.jetty.util.thread.QueuedThreadPool$Runner.run(QueuedThreadPool.java:1034) [jetty-util-9.4.54.v20240208.jar:9.4.54.v20240208]
	at java.lang.Thread.run(Thread.java:840) [?:?]
Caused by: java.sql.SQLTransientConnectionException: HikariPool-22 - Connection is not available, request timed out after 30002ms (total=0, active=0, idle=0, waiting=0)
	at com.zaxxer.hikari.pool.HikariPool.createTimeoutException(HikariPool.java:686) ~[?:?]
	at com.zaxxer.hikari.pool.HikariPool.getConnection(HikariPool.java:179) ~[?:?]
	at com.zaxxer.hikari.pool.HikariPool.getConnection(HikariPool.java:144) ~[?:?]
	at com.zaxxer.hikari.HikariDataSource.getConnection(HikariDataSource.java:99) ~[?:?]
	at net.corda.db.core.DataSourceFactoryImpl$HikariDataSourceWrapper.getConnection(DataSourceFactoryImpl.kt) ~[?:?]
	at org.hibernate.engine.jdbc.connections.internal.DatasourceConnectionProviderImpl.getConnection(DatasourceConnectionProviderImpl.java:122) ~[?:?]
	at org.hibernate.internal.NonContextualJdbcConnectionAccess.obtainConnection(NonContextualJdbcConnectionAccess.java:38) ~[?:?]
	at org.hibernate.resource.jdbc.internal.LogicalConnectionManagedImpl.acquireConnectionIfNeeded(LogicalConnectionManagedImpl.java:108) ~[?:?]
	... 61 more
Caused by: org.postgresql.util.PSQLException: FATAL: remaining connection slots are reserved for non-replication superuser connections
	at org.postgresql.Driver$ConnectThread.getResult(Driver.java:397) ~[?:?]
	at org.postgresql.Driver.connect(Driver.java:305) ~[?:?]
	at java.sql.DriverManager.getConnection(DriverManager.java:681) ~[java.sql:?]
	at java.sql.DriverManager.getConnection(DriverManager.java:229) ~[java.sql:?]
	at org.postgresql.ds.common.BaseDataSource.getConnection(BaseDataSource.java:104) ~[?:?]
	at org.postgresql.ds.common.BaseDataSource.getConnection(BaseDataSource.java:88) ~[?:?]
	at com.zaxxer.hikari.pool.PoolBase.newConnection(PoolBase.java:360) ~[?:?]
	at com.zaxxer.hikari.pool.PoolBase.newPoolEntry(PoolBase.java:202) ~[?:?]
	at com.zaxxer.hikari.pool.HikariPool.createPoolEntry(HikariPool.java:461) ~[?:?]
	at com.zaxxer.hikari.pool.HikariPool$PoolEntryCreator.call(HikariPool.java:724) ~[?:?]
	at com.zaxxer.hikari.pool.HikariPool$PoolEntryCreator.call(HikariPool.java:703) ~[?:?]
	at java.util.concurrent.FutureTask.run(FutureTask.java:264) ~[?:?]
	at java.util.concurrent.ThreadPoolExecutor.runWorker(ThreadPoolExecutor.java:1136) ~[?:?]
	at java.util.concurrent.ThreadPoolExecutor$Worker.run(ThreadPoolExecutor.java:635) ~[?:?]
	... 1 more
2026-03-26 23:57:43.862 [JettyServerThreadPool-979] WARN  net.corda.messaging.subscription.SyncRPCSubscriptionImpl {spanId=20355236c3d3ab76, traceId=69c5c59351b0d06fd3275061f8e428f1, vnode.id=524FEE159D0F} - Transient error processing RPC request for Endpoint(methodType=POST, path='/ledger', isApi=true): Transient server exception while processing request 'e3a2358c-64ba-46b4-936d-350e714f538e-iNzKctuAo9jo5bXguJnU/PqTNmHS3yTV+azsIbZKixo=-1'. Cause: Unable to acquire JDBC Connection
net.corda.messaging.api.exception.CordaHTTPServerTransientException: Transient server exception while processing request 'e3a2358c-64ba-46b4-936d-350e714f538e-iNzKctuAo9jo5bXguJnU/PqTNmHS3yTV+azsIbZKixo=-1'. Cause: Unable to acquire JDBC Connection
	at net.corda.persistence.common.ResponseFactoryImpl.errorResponse(ResponseFactoryImpl.kt:60) ~[?:?]
	at net.corda.ledger.persistence.processor.LedgerPersistenceRequestProcessor$process$result$1.invoke(LedgerPersistenceRequestProcessor.kt:82) ~[?:?]
	at net.corda.ledger.persistence.processor.LedgerPersistenceRequestProcessor$process$result$1.invoke(LedgerPersistenceRequestProcessor.kt:52) ~[?:?]
	at net.corda.utilities.LogUtilsKt.withMDC(LogUtils.kt:73) ~[?:?]
	at net.corda.ledger.persistence.processor.LedgerPersistenceRequestProcessor.process(LedgerPersistenceRequestProcessor.kt:52) ~[?:?]
	at net.corda.ledger.persistence.processor.LedgerPersistenceRequestProcessor.process(LedgerPersistenceRequestProcessor.kt:29) ~[?:?]
	at net.corda.messaging.subscription.SyncRPCSubscriptionImpl.registerEndpoint$lambda$1(SyncRPCSubscriptionImpl.kt:92) ~[?:?]
	at net.corda.web.server.JavalinServer.registerEndpointInternal$lambda$15(JavalinServer.kt:150) ~[?:?]
	at io.javalin.core.security.SecurityUtil.noopAccessManager(SecurityUtil.kt:20) ~[?:?]
	at io.javalin.http.JavalinServlet.addHandler$lambda-0(JavalinServlet.kt:96) ~[?:?]
	at io.javalin.http.JavalinServlet$lifecycle$2$1$1.invoke(JavalinServlet.kt:43) ~[?:?]
	at io.javalin.http.JavalinServlet$lifecycle$2$1$1.invoke(JavalinServlet.kt:43) ~[?:?]
	at io.javalin.http.JavalinServletHandler.executeNextTask(JavalinServletHandler.kt:99) ~[?:?]
	at io.javalin.http.JavalinServletHandler.queueNextTaskOrFinish$lambda-1(JavalinServletHandler.kt:85) ~[?:?]
	at java.util.concurrent.CompletableFuture.uniComposeStage(CompletableFuture.java:1187) ~[?:?]
	at java.util.concurrent.CompletableFuture.thenCompose(CompletableFuture.java:2309) ~[?:?]
	at io.javalin.http.JavalinServletHandler.queueNextTaskOrFinish$javalin(JavalinServletHandler.kt:85) ~[?:?]
	at io.javalin.http.JavalinServlet.service(JavalinServlet.kt:89) ~[?:?]
	at javax.servlet.http.HttpServlet.service(HttpServlet.java:790) ~[javax.servlet-api-3.1.0.jar:3.1.0]
	at io.javalin.jetty.JavalinJettyServlet.service(JavalinJettyServlet.kt:58) ~[?:?]
	at javax.servlet.http.HttpServlet.service(HttpServlet.java:790) ~[javax.servlet-api-3.1.0.jar:3.1.0]
	at org.eclipse.jetty.servlet.ServletHolder.handle(ServletHolder.java:799) ~[?:?]
	at org.eclipse.jetty.servlet.ServletHandler$ChainEnd.doFilter(ServletHandler.java:1656) ~[?:?]
	at brave.servlet.TracingFilter.doFilter(TracingFilter.java:89) ~[?:?]
	at org.eclipse.jetty.servlet.FilterHolder.doFilter(FilterHolder.java:193) ~[?:?]
	at org.eclipse.jetty.servlet.ServletHandler$Chain.doFilter(ServletHandler.java:1626) ~[?:?]
	at org.eclipse.jetty.servlet.ServletHandler.doHandle(ServletHandler.java:552) ~[?:?]
	at org.eclipse.jetty.server.handler.ScopedHandler.nextHandle(ScopedHandler.java:233) ~[jetty-server-9.4.54.v20240208.jar:9.4.54.v20240208]
	at org.eclipse.jetty.server.session.SessionHandler.doHandle(SessionHandler.java:1624) ~[jetty-server-9.4.54.v20240208.jar:9.4.54.v20240208]
	at org.eclipse.jetty.server.handler.ScopedHandler.nextHandle(ScopedHandler.java:233) ~[jetty-server-9.4.54.v20240208.jar:9.4.54.v20240208]
	at io.javalin.jetty.JettyServer$start$wsAndHttpHandler$1.doHandle(JettyServer.kt:52) ~[?:?]
	at org.eclipse.jetty.server.handler.ScopedHandler.nextScope(ScopedHandler.java:188) ~[jetty-server-9.4.54.v20240208.jar:9.4.54.v20240208]
	at org.eclipse.jetty.servlet.ServletHandler.doScope(ServletHandler.java:505) ~[?:?]
	at org.eclipse.jetty.server.session.SessionHandler.doScope(SessionHandler.java:1594) ~[jetty-server-9.4.54.v20240208.jar:9.4.54.v20240208]
	at org.eclipse.jetty.server.handler.ScopedHandler.nextScope(ScopedHandler.java:186) ~[jetty-server-9.4.54.v20240208.jar:9.4.54.v20240208]
	at org.eclipse.jetty.server.handler.ContextHandler.doScope(ContextHandler.java:1355) ~[jetty-server-9.4.54.v20240208.jar:9.4.54.v20240208]
	at org.eclipse.jetty.server.handler.ScopedHandler.handle(ScopedHandler.java:141) ~[jetty-server-9.4.54.v20240208.jar:9.4.54.v20240208]
	at org.eclipse.jetty.server.handler.StatisticsHandler.handle(StatisticsHandler.java:181) ~[jetty-server-9.4.54.v20240208.jar:9.4.54.v20240208]
	at org.eclipse.jetty.server.handler.HandlerWrapper.handle(HandlerWrapper.java:127) ~[jetty-server-9.4.54.v20240208.jar:9.4.54.v20240208]
	at org.eclipse.jetty.server.Server.handle(Server.java:516) ~[jetty-server-9.4.54.v20240208.jar:9.4.54.v20240208]
	at org.eclipse.jetty.server.HttpChannel.lambda$handle$1(HttpChannel.java:487) ~[jetty-server-9.4.54.v20240208.jar:9.4.54.v20240208]
	at org.eclipse.jetty.server.HttpChannel.dispatch(HttpChannel.java:732) [jetty-server-9.4.54.v20240208.jar:9.4.54.v20240208]
	at org.eclipse.jetty.server.HttpChannel.handle(HttpChannel.java:479) [jetty-server-9.4.54.v20240208.jar:9.4.54.v20240208]
	at org.eclipse.jetty.server.HttpConnection.onFillable(HttpConnection.java:277) [jetty-server-9.4.54.v20240208.jar:9.4.54.v20240208]
	at org.eclipse.jetty.io.AbstractConnection$ReadCallback.succeeded(AbstractConnection.java:311) [jetty-io-9.4.54.v20240208.jar:9.4.54.v20240208]
	at org.eclipse.jetty.io.FillInterest.fillable(FillInterest.java:105) [jetty-io-9.4.54.v20240208.jar:9.4.54.v20240208]
	at org.eclipse.jetty.io.ChannelEndPoint$1.run(ChannelEndPoint.java:104) [jetty-io-9.4.54.v20240208.jar:9.4.54.v20240208]
	at org.eclipse.jetty.util.thread.strategy.EatWhatYouKill.runTask(EatWhatYouKill.java:338) [jetty-util-9.4.54.v20240208.jar:9.4.54.v20240208]
	at org.eclipse.jetty.util.thread.strategy.EatWhatYouKill.doProduce(EatWhatYouKill.java:315) [jetty-util-9.4.54.v20240208.jar:9.4.54.v20240208]
	at org.eclipse.jetty.util.thread.strategy.EatWhatYouKill.tryProduce(EatWhatYouKill.java:173) [jetty-util-9.4.54.v20240208.jar:9.4.54.v20240208]
	at org.eclipse.jetty.util.thread.strategy.EatWhatYouKill.run(EatWhatYouKill.java:131) [jetty-util-9.4.54.v20240208.jar:9.4.54.v20240208]
	at org.eclipse.jetty.util.thread.ReservedThreadExecutor$ReservedThread.run(ReservedThreadExecutor.java:409) [jetty-util-9.4.54.v20240208.jar:9.4.54.v20240208]
	at org.eclipse.jetty.util.thread.QueuedThreadPool.runJob(QueuedThreadPool.java:883) [jetty-util-9.4.54.v20240208.jar:9.4.54.v20240208]
	at org.eclipse.jetty.util.thread.QueuedThreadPool$Runner.run(QueuedThreadPool.java:1034) [jetty-util-9.4.54.v20240208.jar:9.4.54.v20240208]
	at java.lang.Thread.run(Thread.java:840) [?:?]
Caused by: org.hibernate.exception.JDBCConnectionException: Unable to acquire JDBC Connection
	at org.hibernate.exception.internal.SQLExceptionTypeDelegate.convert(SQLExceptionTypeDelegate.java:48) ~[?:?]
	at org.hibernate.exception.internal.StandardSQLExceptionConverter.convert(StandardSQLExceptionConverter.java:37) ~[?:?]
	at org.hibernate.engine.jdbc.spi.SqlExceptionHelper.convert(SqlExceptionHelper.java:113) ~[?:?]
	at org.hibernate.engine.jdbc.spi.SqlExceptionHelper.convert(SqlExceptionHelper.java:99) ~[?:?]
	at org.hibernate.resource.jdbc.internal.LogicalConnectionManagedImpl.acquireConnectionIfNeeded(LogicalConnectionManagedImpl.java:111) ~[?:?]
	at org.hibernate.resource.jdbc.internal.LogicalConnectionManagedImpl.getPhysicalConnection(LogicalConnectionManagedImpl.java:138) ~[?:?]
	at org.hibernate.resource.jdbc.internal.LogicalConnectionManagedImpl.getConnectionForTransactionManagement(LogicalConnectionManagedImpl.java:276) ~[?:?]
	at org.hibernate.resource.jdbc.internal.LogicalConnectionManagedImpl.begin(LogicalConnectionManagedImpl.java:284) ~[?:?]
	at org.hibernate.resource.transaction.backend.jdbc.internal.JdbcResourceLocalTransactionCoordinatorImpl$TransactionDriverControlImpl.begin(JdbcResourceLocalTransactionCoordinatorImpl.java:246) ~[?:?]
	at org.hibernate.engine.transaction.internal.TransactionImpl.begin(TransactionImpl.java:83) ~[?:?]
	at net.corda.ledger.persistence.utxo.impl.UtxoPersistenceServiceImpl.findTransactionsWithStatusCreatedBetweenTime(UtxoPersistenceServiceImpl.kt:1362) ~[?:?]
	at net.corda.ledger.persistence.utxo.impl.request.handlers.UtxoFindTransactionsWithStatusCreatedBetweenTimeRequestHandler.execute(UtxoFindTransactionsWithStatusCreatedBetweenTimeRequestHandler.kt:24) ~[?:?]
	at net.corda.ledger.persistence.processor.LedgerPersistenceRequestProcessor$process$result$1.invoke(LedgerPersistenceRequestProcessor.kt:70) ~[?:?]
	... 53 more
Caused by: java.sql.SQLTransientConnectionException: HikariPool-21 - Connection is not available, request timed out after 30000ms (total=0, active=0, idle=0, waiting=0)
	at com.zaxxer.hikari.pool.HikariPool.createTimeoutException(HikariPool.java:686) ~[?:?]
	at com.zaxxer.hikari.pool.HikariPool.getConnection(HikariPool.java:179) ~[?:?]
	at com.zaxxer.hikari.pool.HikariPool.getConnection(HikariPool.java:144) ~[?:?]
	at com.zaxxer.hikari.HikariDataSource.getConnection(HikariDataSource.java:99) ~[?:?]
	at net.corda.db.core.DataSourceFactoryImpl$HikariDataSourceWrapper.getConnection(DataSourceFactoryImpl.kt) ~[?:?]
	at org.hibernate.engine.jdbc.connections.internal.DatasourceConnectionProviderImpl.getConnection(DatasourceConnectionProviderImpl.java:122) ~[?:?]
	at org.hibernate.internal.NonContextualJdbcConnectionAccess.obtainConnection(NonContextualJdbcConnectionAccess.java:38) ~[?:?]
	at org.hibernate.resource.jdbc.internal.LogicalConnectionManagedImpl.acquireConnectionIfNeeded(LogicalConnectionManagedImpl.java:108) ~[?:?]
	at org.hibernate.resource.jdbc.internal.LogicalConnectionManagedImpl.getPhysicalConnection(LogicalConnectionManagedImpl.java:138) ~[?:?]
	at org.hibernate.resource.jdbc.internal.LogicalConnectionManagedImpl.getConnectionForTransactionManagement(LogicalConnectionManagedImpl.java:276) ~[?:?]
	at org.hibernate.resource.jdbc.internal.LogicalConnectionManagedImpl.begin(LogicalConnectionManagedImpl.java:284) ~[?:?]
	at org.hibernate.resource.transaction.backend.jdbc.internal.JdbcResourceLocalTransactionCoordinatorImpl$TransactionDriverControlImpl.begin(JdbcResourceLocalTransactionCoordinatorImpl.java:246) ~[?:?]
	at org.hibernate.engine.transaction.internal.TransactionImpl.begin(TransactionImpl.java:83) ~[?:?]
	at net.corda.ledger.persistence.utxo.impl.UtxoPersistenceServiceImpl.findTransactionsWithStatusCreatedBetweenTime(UtxoPersistenceServiceImpl.kt:1362) ~[?:?]
	at net.corda.ledger.persistence.utxo.impl.request.handlers.UtxoFindTransactionsWithStatusCreatedBetweenTimeRequestHandler.execute(UtxoFindTransactionsWithStatusCreatedBetweenTimeRequestHandler.kt:24) ~[?:?]
	at net.corda.ledger.persistence.processor.LedgerPersistenceRequestProcessor$process$result$1.invoke(LedgerPersistenceRequestProcessor.kt:70) ~[?:?]
	... 53 more
Caused by: org.postgresql.util.PSQLException: FATAL: remaining connection slots are reserved for non-replication superuser connections
	at org.postgresql.Driver$ConnectThread.getResult(Driver.java:397) ~[?:?]
	at org.postgresql.Driver.connect(Driver.java:305) ~[?:?]
	at java.sql.DriverManager.getConnection(DriverManager.java:681) ~[java.sql:?]
	at java.sql.DriverManager.getConnection(DriverManager.java:229) ~[java.sql:?]
	at org.postgresql.ds.common.BaseDataSource.getConnection(BaseDataSource.java:104) ~[?:?]
	at org.postgresql.ds.common.BaseDataSource.getConnection(BaseDataSource.java:88) ~[?:?]
	at com.zaxxer.hikari.pool.PoolBase.newConnection(PoolBase.java:360) ~[?:?]
	at com.zaxxer.hikari.pool.PoolBase.newPoolEntry(PoolBase.java:202) ~[?:?]
	at com.zaxxer.hikari.pool.HikariPool.createPoolEntry(HikariPool.java:461) ~[?:?]
	at com.zaxxer.hikari.pool.HikariPool$PoolEntryCreator.call(HikariPool.java:724) ~[?:?]
	at com.zaxxer.hikari.pool.HikariPool$PoolEntryCreator.call(HikariPool.java:703) ~[?:?]
	at java.util.concurrent.FutureTask.run(FutureTask.java:264) ~[?:?]
	at java.util.concurrent.ThreadPoolExecutor.runWorker(ThreadPoolExecutor.java:1136) ~[?:?]
	at java.util.concurrent.ThreadPoolExecutor$Worker.run(ThreadPoolExecutor.java:635) ~[?:?]
	... 1 more
2026-03-26 23:57:43.877 [JettyServerThreadPool-15132] WARN  net.corda.messaging.subscription.SyncRPCSubscriptionImpl {spanId=322715e65818c400, traceId=69c5c5939b0f70e386dcd2b9d51083ac, vnode.id=E3193F94C243} - Transient error processing RPC request for Endpoint(methodType=POST, path='/ledger', isApi=true): Transient server exception while processing request 'f1681403-3de5-414e-85b1-eea1734e7b89-iNzKctuAo9jo5bXguJnU/PqTNmHS3yTV+azsIbZKixo=-1'. Cause: Unable to acquire JDBC Connection
net.corda.messaging.api.exception.CordaHTTPServerTransientException: Transient server exception while processing request 'f1681403-3de5-414e-85b1-eea1734e7b89-iNzKctuAo9jo5bXguJnU/PqTNmHS3yTV+azsIbZKixo=-1'. Cause: Unable to acquire JDBC Connection
	at net.corda.persistence.common.ResponseFactoryImpl.errorResponse(ResponseFactoryImpl.kt:60) ~[?:?]
	at net.corda.ledger.persistence.processor.LedgerPersistenceRequestProcessor$process$result$1.invoke(LedgerPersistenceRequestProcessor.kt:82) ~[?:?]
	at net.corda.ledger.persistence.processor.LedgerPersistenceRequestProcessor$process$result$1.invoke(LedgerPersistenceRequestProcessor.kt:52) ~[?:?]
	at net.corda.utilities.LogUtilsKt.withMDC(LogUtils.kt:73) ~[?:?]
	at net.corda.ledger.persistence.processor.LedgerPersistenceRequestProcessor.process(LedgerPersistenceRequestProcessor.kt:52) ~[?:?]
	at net.corda.ledger.persistence.processor.LedgerPersistenceRequestProcessor.process(LedgerPersistenceRequestProcessor.kt:29) ~[?:?]
	at net.corda.messaging.subscription.SyncRPCSubscriptionImpl.registerEndpoint$lambda$1(SyncRPCSubscriptionImpl.kt:92) ~[?:?]
	at net.corda.web.server.JavalinServer.registerEndpointInternal$lambda$15(JavalinServer.kt:150) ~[?:?]
	at io.javalin.core.security.SecurityUtil.noopAccessManager(SecurityUtil.kt:20) ~[?:?]
	at io.javalin.http.JavalinServlet.addHandler$lambda-0(JavalinServlet.kt:96) ~[?:?]
	at io.javalin.http.JavalinServlet$lifecycle$2$1$1.invoke(JavalinServlet.kt:43) ~[?:?]
	at io.javalin.http.JavalinServlet$lifecycle$2$1$1.invoke(JavalinServlet.kt:43) ~[?:?]
	at io.javalin.http.JavalinServletHandler.executeNextTask(JavalinServletHandler.kt:99) ~[?:?]
	at io.javalin.http.JavalinServletHandler.queueNextTaskOrFinish$lambda-1(JavalinServletHandler.kt:85) ~[?:?]
	at java.util.concurrent.CompletableFuture.uniComposeStage(CompletableFuture.java:1187) ~[?:?]
	at java.util.concurrent.CompletableFuture.thenCompose(CompletableFuture.java:2309) ~[?:?]
	at io.javalin.http.JavalinServletHandler.queueNextTaskOrFinish$javalin(JavalinServletHandler.kt:85) ~[?:?]
	at io.javalin.http.JavalinServlet.service(JavalinServlet.kt:89) ~[?:?]
	at javax.servlet.http.HttpServlet.service(HttpServlet.java:790) ~[javax.servlet-api-3.1.0.jar:3.1.0]
	at io.javalin.jetty.JavalinJettyServlet.service(JavalinJettyServlet.kt:58) ~[?:?]
	at javax.servlet.http.HttpServlet.service(HttpServlet.java:790) ~[javax.servlet-api-3.1.0.jar:3.1.0]
	at org.eclipse.jetty.servlet.ServletHolder.handle(ServletHolder.java:799) ~[?:?]
	at org.eclipse.jetty.servlet.ServletHandler$ChainEnd.doFilter(ServletHandler.java:1656) ~[?:?]
	at brave.servlet.TracingFilter.doFilter(TracingFilter.java:89) ~[?:?]
	at org.eclipse.jetty.servlet.FilterHolder.doFilter(FilterHolder.java:193) ~[?:?]
	at org.eclipse.jetty.servlet.ServletHandler$Chain.doFilter(ServletHandler.java:1626) ~[?:?]
	at org.eclipse.jetty.servlet.ServletHandler.doHandle(ServletHandler.java:552) ~[?:?]
	at org.eclipse.jetty.server.handler.ScopedHandler.nextHandle(ScopedHandler.java:233) ~[jetty-server-9.4.54.v20240208.jar:9.4.54.v20240208]
	at org.eclipse.jetty.server.session.SessionHandler.doHandle(SessionHandler.java:1624) ~[jetty-server-9.4.54.v20240208.jar:9.4.54.v20240208]
	at org.eclipse.jetty.server.handler.ScopedHandler.nextHandle(ScopedHandler.java:233) ~[jetty-server-9.4.54.v20240208.jar:9.4.54.v20240208]
	at io.javalin.jetty.JettyServer$start$wsAndHttpHandler$1.doHandle(JettyServer.kt:52) ~[?:?]
	at org.eclipse.jetty.server.handler.ScopedHandler.nextScope(ScopedHandler.java:188) ~[jetty-server-9.4.54.v20240208.jar:9.4.54.v20240208]
	at org.eclipse.jetty.servlet.ServletHandler.doScope(ServletHandler.java:505) ~[?:?]
	at org.eclipse.jetty.server.session.SessionHandler.doScope(SessionHandler.java:1594) ~[jetty-server-9.4.54.v20240208.jar:9.4.54.v20240208]
	at org.eclipse.jetty.server.handler.ScopedHandler.nextScope(ScopedHandler.java:186) ~[jetty-server-9.4.54.v20240208.jar:9.4.54.v20240208]
	at org.eclipse.jetty.server.handler.ContextHandler.doScope(ContextHandler.java:1355) ~[jetty-server-9.4.54.v20240208.jar:9.4.54.v20240208]
	at org.eclipse.jetty.server.handler.ScopedHandler.handle(ScopedHandler.java:141) ~[jetty-server-9.4.54.v20240208.jar:9.4.54.v20240208]
	at org.eclipse.jetty.server.handler.StatisticsHandler.handle(StatisticsHandler.java:181) ~[jetty-server-9.4.54.v20240208.jar:9.4.54.v20240208]
	at org.eclipse.jetty.server.handler.HandlerWrapper.handle(HandlerWrapper.java:127) ~[jetty-server-9.4.54.v20240208.jar:9.4.54.v20240208]
	at org.eclipse.jetty.server.Server.handle(Server.java:516) ~[jetty-server-9.4.54.v20240208.jar:9.4.54.v20240208]
	at org.eclipse.jetty.server.HttpChannel.lambda$handle$1(HttpChannel.java:487) ~[jetty-server-9.4.54.v20240208.jar:9.4.54.v20240208]
	at org.eclipse.jetty.server.HttpChannel.dispatch(HttpChannel.java:732) [jetty-server-9.4.54.v20240208.jar:9.4.54.v20240208]
	at org.eclipse.jetty.server.HttpChannel.handle(HttpChannel.java:479) [jetty-server-9.4.54.v20240208.jar:9.4.54.v20240208]
	at org.eclipse.jetty.server.HttpConnection.onFillable(HttpConnection.java:277) [jetty-server-9.4.54.v20240208.jar:9.4.54.v20240208]
	at org.eclipse.jetty.io.AbstractConnection$ReadCallback.succeeded(AbstractConnection.java:311) [jetty-io-9.4.54.v20240208.jar:9.4.54.v20240208]
	at org.eclipse.jetty.io.FillInterest.fillable(FillInterest.java:105) [jetty-io-9.4.54.v20240208.jar:9.4.54.v20240208]
	at org.eclipse.jetty.io.ChannelEndPoint$1.run(ChannelEndPoint.java:104) [jetty-io-9.4.54.v20240208.jar:9.4.54.v20240208]
	at org.eclipse.jetty.util.thread.strategy.EatWhatYouKill.runTask(EatWhatYouKill.java:338) [jetty-util-9.4.54.v20240208.jar:9.4.54.v20240208]
	at org.eclipse.jetty.util.thread.strategy.EatWhatYouKill.doProduce(EatWhatYouKill.java:315) [jetty-util-9.4.54.v20240208.jar:9.4.54.v20240208]
	at org.eclipse.jetty.util.thread.strategy.EatWhatYouKill.tryProduce(EatWhatYouKill.java:173) [jetty-util-9.4.54.v20240208.jar:9.4.54.v20240208]
	at org.eclipse.jetty.util.thread.strategy.EatWhatYouKill.run(EatWhatYouKill.java:131) [jetty-util-9.4.54.v20240208.jar:9.4.54.v20240208]
	at org.eclipse.jetty.util.thread.ReservedThreadExecutor$ReservedThread.run(ReservedThreadExecutor.java:409) [jetty-util-9.4.54.v20240208.jar:9.4.54.v20240208]
	at org.eclipse.jetty.util.thread.QueuedThreadPool.runJob(QueuedThreadPool.java:883) [jetty-util-9.4.54.v20240208.jar:9.4.54.v20240208]
	at org.eclipse.jetty.util.thread.QueuedThreadPool$Runner.run(QueuedThreadPool.java:1034) [jetty-util-9.4.54.v20240208.jar:9.4.54.v20240208]
	at java.lang.Thread.run(Thread.java:840) [?:?]
Caused by: org.hibernate.exception.JDBCConnectionException: Unable to acquire JDBC Connection
	at org.hibernate.exception.internal.SQLExceptionTypeDelegate.convert(SQLExceptionTypeDelegate.java:48) ~[?:?]
	at org.hibernate.exception.internal.StandardSQLExceptionConverter.convert(StandardSQLExceptionConverter.java:37) ~[?:?]
	at org.hibernate.engine.jdbc.spi.SqlExceptionHelper.convert(SqlExceptionHelper.java:113) ~[?:?]
	at org.hibernate.engine.jdbc.spi.SqlExceptionHelper.convert(SqlExceptionHelper.java:99) ~[?:?]
	at org.hibernate.resource.jdbc.internal.LogicalConnectionManagedImpl.acquireConnectionIfNeeded(LogicalConnectionManagedImpl.java:111) ~[?:?]
	at org.hibernate.resource.jdbc.internal.LogicalConnectionManagedImpl.getPhysicalConnection(LogicalConnectionManagedImpl.java:138) ~[?:?]
	at org.hibernate.resource.jdbc.internal.LogicalConnectionManagedImpl.getConnectionForTransactionManagement(LogicalConnectionManagedImpl.java:276) ~[?:?]
	at org.hibernate.resource.jdbc.internal.LogicalConnectionManagedImpl.begin(LogicalConnectionManagedImpl.java:284) ~[?:?]
	at org.hibernate.resource.transaction.backend.jdbc.internal.JdbcResourceLocalTransactionCoordinatorImpl$TransactionDriverControlImpl.begin(JdbcResourceLocalTransactionCoordinatorImpl.java:246) ~[?:?]
	at org.hibernate.engine.transaction.internal.TransactionImpl.begin(TransactionImpl.java:83) ~[?:?]
	at net.corda.ledger.persistence.utxo.impl.UtxoPersistenceServiceImpl.findTransactionsWithStatusCreatedBetweenTime(UtxoPersistenceServiceImpl.kt:1362) ~[?:?]
	at net.corda.ledger.persistence.utxo.impl.request.handlers.UtxoFindTransactionsWithStatusCreatedBetweenTimeRequestHandler.execute(UtxoFindTransactionsWithStatusCreatedBetweenTimeRequestHandler.kt:24) ~[?:?]
	at net.corda.ledger.persistence.processor.LedgerPersistenceRequestProcessor$process$result$1.invoke(LedgerPersistenceRequestProcessor.kt:70) ~[?:?]
	... 53 more
Caused by: java.sql.SQLTransientConnectionException: HikariPool-22 - Connection is not available, request timed out after 30002ms (total=0, active=0, idle=0, waiting=0)
	at com.zaxxer.hikari.pool.HikariPool.createTimeoutException(HikariPool.java:686) ~[?:?]
	at com.zaxxer.hikari.pool.HikariPool.getConnection(HikariPool.java:179) ~[?:?]
	at com.zaxxer.hikari.pool.HikariPool.getConnection(HikariPool.java:144) ~[?:?]
	at com.zaxxer.hikari.HikariDataSource.getConnection(HikariDataSource.java:99) ~[?:?]
	at net.corda.db.core.DataSourceFactoryImpl$HikariDataSourceWrapper.getConnection(DataSourceFactoryImpl.kt) ~[?:?]
	at org.hibernate.engine.jdbc.connections.internal.DatasourceConnectionProviderImpl.getConnection(DatasourceConnectionProviderImpl.java:122) ~[?:?]
	at org.hibernate.internal.NonContextualJdbcConnectionAccess.obtainConnection(NonContextualJdbcConnectionAccess.java:38) ~[?:?]
	at org.hibernate.resource.jdbc.internal.LogicalConnectionManagedImpl.acquireConnectionIfNeeded(LogicalConnectionManagedImpl.java:108) ~[?:?]
	at org.hibernate.resource.jdbc.internal.LogicalConnectionManagedImpl.getPhysicalConnection(LogicalConnectionManagedImpl.java:138) ~[?:?]
	at org.hibernate.resource.jdbc.internal.LogicalConnectionManagedImpl.getConnectionForTransactionManagement(LogicalConnectionManagedImpl.java:276) ~[?:?]
	at org.hibernate.resource.jdbc.internal.LogicalConnectionManagedImpl.begin(LogicalConnectionManagedImpl.java:284) ~[?:?]
	at org.hibernate.resource.transaction.backend.jdbc.internal.JdbcResourceLocalTransactionCoordinatorImpl$TransactionDriverControlImpl.begin(JdbcResourceLocalTransactionCoordinatorImpl.java:246) ~[?:?]
	at org.hibernate.engine.transaction.internal.TransactionImpl.begin(TransactionImpl.java:83) ~[?:?]
	at net.corda.ledger.persistence.utxo.impl.UtxoPersistenceServiceImpl.findTransactionsWithStatusCreatedBetweenTime(UtxoPersistenceServiceImpl.kt:1362) ~[?:?]
	at net.corda.ledger.persistence.utxo.impl.request.handlers.UtxoFindTransactionsWithStatusCreatedBetweenTimeRequestHandler.execute(UtxoFindTransactionsWithStatusCreatedBetweenTimeRequestHandler.kt:24) ~[?:?]
	at net.corda.ledger.persistence.processor.LedgerPersistenceRequestProcessor$process$result$1.invoke(LedgerPersistenceRequestProcessor.kt:70) ~[?:?]
	... 53 more
Caused by: org.postgresql.util.PSQLException: FATAL: remaining connection slots are reserved for non-replication superuser connections
	at org.postgresql.Driver$ConnectThread.getResult(Driver.java:397) ~[?:?]
	at org.postgresql.Driver.connect(Driver.java:305) ~[?:?]
	at java.sql.DriverManager.getConnection(DriverManager.java:681) ~[java.sql:?]
	at java.sql.DriverManager.getConnection(DriverManager.java:229) ~[java.sql:?]
	at org.postgresql.ds.common.BaseDataSource.getConnection(BaseDataSource.java:104) ~[?:?]
	at org.postgresql.ds.common.BaseDataSource.getConnection(BaseDataSource.java:88) ~[?:?]
	at com.zaxxer.hikari.pool.PoolBase.newConnection(PoolBase.java:360) ~[?:?]
	at com.zaxxer.hikari.pool.PoolBase.newPoolEntry(PoolBase.java:202) ~[?:?]
	at com.zaxxer.hikari.pool.HikariPool.createPoolEntry(HikariPool.java:461) ~[?:?]
	at com.zaxxer.hikari.pool.HikariPool$PoolEntryCreator.call(HikariPool.java:724) ~[?:?]
	at com.zaxxer.hikari.pool.HikariPool$PoolEntryCreator.call(HikariPool.java:703) ~[?:?]
	at java.util.concurrent.FutureTask.run(FutureTask.java:264) ~[?:?]
	at java.util.concurrent.ThreadPoolExecutor.runWorker(ThreadPoolExecutor.java:1136) ~[?:?]
	at java.util.concurrent.ThreadPoolExecutor$Worker.run(ThreadPoolExecutor.java:635) ~[?:?]
	... 1 more
2026-03-26 23:58:13.527 [kafka-producer-network-thread | producer--SCHEDULER_WRITER] INFO  net.corda.tracing.brave.BraveTracingService$LogReporter {spanId=88b3afb57bf9c586, traceId=69c5c81575ad2df688b3afb57bf9c586} - {"traceId":"69c5c81575ad2df688b3afb57bf9c586","id":"88b3afb57bf9c586","name":"kafka producer - send record to topic scheduled.task.flow.status.processor","timestamp":1774569493526075,"duration":1489,"localEndpoint":{"serviceName":"combined worker","ipv4":"172.18.0.5"},"tags":{"send.offset":"3442","send.partition":"0","send.topic":"scheduled.task.flow.status.processor"}}
2026-03-26 23:58:13.982 [JettyServerThreadPool-983] WARN  org.hibernate.engine.jdbc.spi.SqlExceptionHelper {corda.client.id=ledger-repair-524FEE159D0F-1774568251258, corda.external.event.id=e3a2358c-64ba-46b4-936d-350e714f538e-iNzKctuAo9jo5bXguJnU/PqTNmHS3yTV+azsIbZKixo=-1, spanId=89a1425e9bf44e7f, traceId=69c5c59351b0d06fd3275061f8e428f1, vnode.id=524FEE159D0F} - SQL Error: 0, SQLState: 53300
2026-03-26 23:58:13.982 [JettyServerThreadPool-983] ERROR org.hibernate.engine.jdbc.spi.SqlExceptionHelper {corda.client.id=ledger-repair-524FEE159D0F-1774568251258, corda.external.event.id=e3a2358c-64ba-46b4-936d-350e714f538e-iNzKctuAo9jo5bXguJnU/PqTNmHS3yTV+azsIbZKixo=-1, spanId=89a1425e9bf44e7f, traceId=69c5c59351b0d06fd3275061f8e428f1, vnode.id=524FEE159D0F} - HikariPool-21 - Connection is not available, request timed out after 30000ms (total=0, active=0, idle=0, waiting=0)
2026-03-26 23:58:13.982 [JettyServerThreadPool-983] ERROR org.hibernate.engine.jdbc.spi.SqlExceptionHelper {corda.client.id=ledger-repair-524FEE159D0F-1774568251258, corda.external.event.id=e3a2358c-64ba-46b4-936d-350e714f538e-iNzKctuAo9jo5bXguJnU/PqTNmHS3yTV+azsIbZKixo=-1, spanId=89a1425e9bf44e7f, traceId=69c5c59351b0d06fd3275061f8e428f1, vnode.id=524FEE159D0F} - FATAL: remaining connection slots are reserved for non-replication superuser connections
2026-03-26 23:58:13.994 [JettyServerThreadPool-15712] WARN  org.hibernate.engine.jdbc.spi.SqlExceptionHelper {corda.client.id=ledger-repair-E3193F94C243-1774568251258, corda.external.event.id=f1681403-3de5-414e-85b1-eea1734e7b89-iNzKctuAo9jo5bXguJnU/PqTNmHS3yTV+azsIbZKixo=-1, spanId=ea89aba90115f51c, traceId=69c5c5939b0f70e386dcd2b9d51083ac, vnode.id=E3193F94C243} - SQL Error: 0, SQLState: 53300
2026-03-26 23:58:13.994 [JettyServerThreadPool-15712] ERROR org.hibernate.engine.jdbc.spi.SqlExceptionHelper {corda.client.id=ledger-repair-E3193F94C243-1774568251258, corda.external.event.id=f1681403-3de5-414e-85b1-eea1734e7b89-iNzKctuAo9jo5bXguJnU/PqTNmHS3yTV+azsIbZKixo=-1, spanId=ea89aba90115f51c, traceId=69c5c5939b0f70e386dcd2b9d51083ac, vnode.id=E3193F94C243} - HikariPool-22 - Connection is not available, request timed out after 30000ms (total=0, active=0, idle=0, waiting=0)
2026-03-26 23:58:13.994 [JettyServerThreadPool-15712] ERROR org.hibernate.engine.jdbc.spi.SqlExceptionHelper {corda.client.id=ledger-repair-E3193F94C243-1774568251258, corda.external.event.id=f1681403-3de5-414e-85b1-eea1734e7b89-iNzKctuAo9jo5bXguJnU/PqTNmHS3yTV+azsIbZKixo=-1, spanId=ea89aba90115f51c, traceId=69c5c5939b0f70e386dcd2b9d51083ac, vnode.id=E3193F94C243} - FATAL: remaining connection slots are reserved for non-replication superuser connections
2026-03-26 23:58:13.983 [JettyServerThreadPool-983] ERROR net.corda.ledger.persistence.processor.LedgerPersistenceRequestProcessor {corda.client.id=ledger-repair-524FEE159D0F-1774568251258, corda.external.event.id=e3a2358c-64ba-46b4-936d-350e714f538e-iNzKctuAo9jo5bXguJnU/PqTNmHS3yTV+azsIbZKixo=-1, spanId=89a1425e9bf44e7f, traceId=69c5c59351b0d06fd3275061f8e428f1, vnode.id=524FEE159D0F} - Unable to acquire JDBC Connection
org.hibernate.exception.JDBCConnectionException: Unable to acquire JDBC Connection
	at org.hibernate.exception.internal.SQLExceptionTypeDelegate.convert(SQLExceptionTypeDelegate.java:48) ~[?:?]
	at org.hibernate.exception.internal.StandardSQLExceptionConverter.convert(StandardSQLExceptionConverter.java:37) ~[?:?]
	at org.hibernate.engine.jdbc.spi.SqlExceptionHelper.convert(SqlExceptionHelper.java:113) ~[?:?]
	at org.hibernate.engine.jdbc.spi.SqlExceptionHelper.convert(SqlExceptionHelper.java:99) ~[?:?]
	at org.hibernate.resource.jdbc.internal.LogicalConnectionManagedImpl.acquireConnectionIfNeeded(LogicalConnectionManagedImpl.java:111) ~[?:?]
	at org.hibernate.resource.jdbc.internal.LogicalConnectionManagedImpl.getPhysicalConnection(LogicalConnectionManagedImpl.java:138) ~[?:?]
	at org.hibernate.resource.jdbc.internal.LogicalConnectionManagedImpl.getConnectionForTransactionManagement(LogicalConnectionManagedImpl.java:276) ~[?:?]
	at org.hibernate.resource.jdbc.internal.LogicalConnectionManagedImpl.begin(LogicalConnectionManagedImpl.java:284) ~[?:?]
	at org.hibernate.resource.transaction.backend.jdbc.internal.JdbcResourceLocalTransactionCoordinatorImpl$TransactionDriverControlImpl.begin(JdbcResourceLocalTransactionCoordinatorImpl.java:246) ~[?:?]
	at org.hibernate.engine.transaction.internal.TransactionImpl.begin(TransactionImpl.java:83) ~[?:?]
	at net.corda.ledger.persistence.utxo.impl.UtxoPersistenceServiceImpl.findTransactionsWithStatusCreatedBetweenTime(UtxoPersistenceServiceImpl.kt:1362) ~[?:?]
	at net.corda.ledger.persistence.utxo.impl.request.handlers.UtxoFindTransactionsWithStatusCreatedBetweenTimeRequestHandler.execute(UtxoFindTransactionsWithStatusCreatedBetweenTimeRequestHandler.kt:24) ~[?:?]
	at net.corda.ledger.persistence.processor.LedgerPersistenceRequestProcessor$process$result$1.invoke(LedgerPersistenceRequestProcessor.kt:70) ~[?:?]
	at net.corda.ledger.persistence.processor.LedgerPersistenceRequestProcessor$process$result$1.invoke(LedgerPersistenceRequestProcessor.kt:52) ~[?:?]
	at net.corda.utilities.LogUtilsKt.withMDC(LogUtils.kt:73) ~[?:?]
	at net.corda.ledger.persistence.processor.LedgerPersistenceRequestProcessor.process(LedgerPersistenceRequestProcessor.kt:52) ~[?:?]
	at net.corda.ledger.persistence.processor.LedgerPersistenceRequestProcessor.process(LedgerPersistenceRequestProcessor.kt:29) ~[?:?]
	at net.corda.messaging.subscription.SyncRPCSubscriptionImpl.registerEndpoint$lambda$1(SyncRPCSubscriptionImpl.kt:92) ~[?:?]
	at net.corda.web.server.JavalinServer.registerEndpointInternal$lambda$15(JavalinServer.kt:150) ~[?:?]
	at io.javalin.core.security.SecurityUtil.noopAccessManager(SecurityUtil.kt:20) ~[?:?]
	at io.javalin.http.JavalinServlet.addHandler$lambda-0(JavalinServlet.kt:96) ~[?:?]
	at io.javalin.http.JavalinServlet$lifecycle$2$1$1.invoke(JavalinServlet.kt:43) ~[?:?]
	at io.javalin.http.JavalinServlet$lifecycle$2$1$1.invoke(JavalinServlet.kt:43) ~[?:?]
	at io.javalin.http.JavalinServletHandler.executeNextTask(JavalinServletHandler.kt:99) ~[?:?]
	at io.javalin.http.JavalinServletHandler.queueNextTaskOrFinish$lambda-1(JavalinServletHandler.kt:85) ~[?:?]
	at java.util.concurrent.CompletableFuture.uniComposeStage(CompletableFuture.java:1187) ~[?:?]
	at java.util.concurrent.CompletableFuture.thenCompose(CompletableFuture.java:2309) ~[?:?]
	at io.javalin.http.JavalinServletHandler.queueNextTaskOrFinish$javalin(JavalinServletHandler.kt:85) ~[?:?]
	at io.javalin.http.JavalinServlet.service(JavalinServlet.kt:89) ~[?:?]
	at javax.servlet.http.HttpServlet.service(HttpServlet.java:790) ~[javax.servlet-api-3.1.0.jar:3.1.0]
	at io.javalin.jetty.JavalinJettyServlet.service(JavalinJettyServlet.kt:58) ~[?:?]
	at javax.servlet.http.HttpServlet.service(HttpServlet.java:790) ~[javax.servlet-api-3.1.0.jar:3.1.0]
	at org.eclipse.jetty.servlet.ServletHolder.handle(ServletHolder.java:799) ~[?:?]
	at org.eclipse.jetty.servlet.ServletHandler$ChainEnd.doFilter(ServletHandler.java:1656) ~[?:?]
	at brave.servlet.TracingFilter.doFilter(TracingFilter.java:89) ~[?:?]
	at org.eclipse.jetty.servlet.FilterHolder.doFilter(FilterHolder.java:193) ~[?:?]
	at org.eclipse.jetty.servlet.ServletHandler$Chain.doFilter(ServletHandler.java:1626) ~[?:?]
	at org.eclipse.jetty.servlet.ServletHandler.doHandle(ServletHandler.java:552) ~[?:?]
	at org.eclipse.jetty.server.handler.ScopedHandler.nextHandle(ScopedHandler.java:233) ~[jetty-server-9.4.54.v20240208.jar:9.4.54.v20240208]
	at org.eclipse.jetty.server.session.SessionHandler.doHandle(SessionHandler.java:1624) ~[jetty-server-9.4.54.v20240208.jar:9.4.54.v20240208]
	at org.eclipse.jetty.server.handler.ScopedHandler.nextHandle(ScopedHandler.java:233) ~[jetty-server-9.4.54.v20240208.jar:9.4.54.v20240208]
	at io.javalin.jetty.JettyServer$start$wsAndHttpHandler$1.doHandle(JettyServer.kt:52) ~[?:?]
	at org.eclipse.jetty.server.handler.ScopedHandler.nextScope(ScopedHandler.java:188) ~[jetty-server-9.4.54.v20240208.jar:9.4.54.v20240208]
	at org.eclipse.jetty.servlet.ServletHandler.doScope(ServletHandler.java:505) ~[?:?]
	at org.eclipse.jetty.server.session.SessionHandler.doScope(SessionHandler.java:1594) ~[jetty-server-9.4.54.v20240208.jar:9.4.54.v20240208]
	at org.eclipse.jetty.server.handler.ScopedHandler.nextScope(ScopedHandler.java:186) ~[jetty-server-9.4.54.v20240208.jar:9.4.54.v20240208]
	at org.eclipse.jetty.server.handler.ContextHandler.doScope(ContextHandler.java:1355) ~[jetty-server-9.4.54.v20240208.jar:9.4.54.v20240208]
	at org.eclipse.jetty.server.handler.ScopedHandler.handle(ScopedHandler.java:141) ~[jetty-server-9.4.54.v20240208.jar:9.4.54.v20240208]
	at org.eclipse.jetty.server.handler.StatisticsHandler.handle(StatisticsHandler.java:181) ~[jetty-server-9.4.54.v20240208.jar:9.4.54.v20240208]
	at org.eclipse.jetty.server.handler.HandlerWrapper.handle(HandlerWrapper.java:127) ~[jetty-server-9.4.54.v20240208.jar:9.4.54.v20240208]
	at org.eclipse.jetty.server.Server.handle(Server.java:516) ~[jetty-server-9.4.54.v20240208.jar:9.4.54.v20240208]
	at org.eclipse.jetty.server.HttpChannel.lambda$handle$1(HttpChannel.java:487) ~[jetty-server-9.4.54.v20240208.jar:9.4.54.v20240208]
	at org.eclipse.jetty.server.HttpChannel.dispatch(HttpChannel.java:732) [jetty-server-9.4.54.v20240208.jar:9.4.54.v20240208]
	at org.eclipse.jetty.server.HttpChannel.handle(HttpChannel.java:479) [jetty-server-9.4.54.v20240208.jar:9.4.54.v20240208]
	at org.eclipse.jetty.server.HttpConnection.onFillable(HttpConnection.java:277) [jetty-server-9.4.54.v20240208.jar:9.4.54.v20240208]
	at org.eclipse.jetty.io.AbstractConnection$ReadCallback.succeeded(AbstractConnection.java:311) [jetty-io-9.4.54.v20240208.jar:9.4.54.v20240208]
	at org.eclipse.jetty.io.FillInterest.fillable(FillInterest.java:105) [jetty-io-9.4.54.v20240208.jar:9.4.54.v20240208]
	at org.eclipse.jetty.io.ChannelEndPoint$1.run(ChannelEndPoint.java:104) [jetty-io-9.4.54.v20240208.jar:9.4.54.v20240208]
	at org.eclipse.jetty.util.thread.strategy.EatWhatYouKill.runTask(EatWhatYouKill.java:338) [jetty-util-9.4.54.v20240208.jar:9.4.54.v20240208]
	at org.eclipse.jetty.util.thread.strategy.EatWhatYouKill.doProduce(EatWhatYouKill.java:315) [jetty-util-9.4.54.v20240208.jar:9.4.54.v20240208]
	at org.eclipse.jetty.util.thread.strategy.EatWhatYouKill.tryProduce(EatWhatYouKill.java:173) [jetty-util-9.4.54.v20240208.jar:9.4.54.v20240208]
	at org.eclipse.jetty.util.thread.strategy.EatWhatYouKill.run(EatWhatYouKill.java:131) [jetty-util-9.4.54.v20240208.jar:9.4.54.v20240208]
	at org.eclipse.jetty.util.thread.ReservedThreadExecutor$ReservedThread.run(ReservedThreadExecutor.java:409) [jetty-util-9.4.54.v20240208.jar:9.4.54.v20240208]
	at org.eclipse.jetty.util.thread.QueuedThreadPool.runJob(QueuedThreadPool.java:883) [jetty-util-9.4.54.v20240208.jar:9.4.54.v20240208]
	at org.eclipse.jetty.util.thread.QueuedThreadPool$Runner.run(QueuedThreadPool.java:1034) [jetty-util-9.4.54.v20240208.jar:9.4.54.v20240208]
	at java.lang.Thread.run(Thread.java:840) [?:?]
Caused by: java.sql.SQLTransientConnectionException: HikariPool-21 - Connection is not available, request timed out after 30000ms (total=0, active=0, idle=0, waiting=0)
	at com.zaxxer.hikari.pool.HikariPool.createTimeoutException(HikariPool.java:686) ~[?:?]
	at com.zaxxer.hikari.pool.HikariPool.getConnection(HikariPool.java:179) ~[?:?]
	at com.zaxxer.hikari.pool.HikariPool.getConnection(HikariPool.java:144) ~[?:?]
	at com.zaxxer.hikari.HikariDataSource.getConnection(HikariDataSource.java:99) ~[?:?]
	at net.corda.db.core.DataSourceFactoryImpl$HikariDataSourceWrapper.getConnection(DataSourceFactoryImpl.kt) ~[?:?]
	at org.hibernate.engine.jdbc.connections.internal.DatasourceConnectionProviderImpl.getConnection(DatasourceConnectionProviderImpl.java:122) ~[?:?]
	at org.hibernate.internal.NonContextualJdbcConnectionAccess.obtainConnection(NonContextualJdbcConnectionAccess.java:38) ~[?:?]
	at org.hibernate.resource.jdbc.internal.LogicalConnectionManagedImpl.acquireConnectionIfNeeded(LogicalConnectionManagedImpl.java:108) ~[?:?]
	... 61 more
Caused by: org.postgresql.util.PSQLException: FATAL: remaining connection slots are reserved for non-replication superuser connections
	at org.postgresql.Driver$ConnectThread.getResult(Driver.java:397) ~[?:?]
	at org.postgresql.Driver.connect(Driver.java:305) ~[?:?]
	at java.sql.DriverManager.getConnection(DriverManager.java:681) ~[java.sql:?]
	at java.sql.DriverManager.getConnection(DriverManager.java:229) ~[java.sql:?]
	at org.postgresql.ds.common.BaseDataSource.getConnection(BaseDataSource.java:104) ~[?:?]
	at org.postgresql.ds.common.BaseDataSource.getConnection(BaseDataSource.java:88) ~[?:?]
	at com.zaxxer.hikari.pool.PoolBase.newConnection(PoolBase.java:360) ~[?:?]
	at com.zaxxer.hikari.pool.PoolBase.newPoolEntry(PoolBase.java:202) ~[?:?]
	at com.zaxxer.hikari.pool.HikariPool.createPoolEntry(HikariPool.java:461) ~[?:?]
	at com.zaxxer.hikari.pool.HikariPool$PoolEntryCreator.call(HikariPool.java:724) ~[?:?]
	at com.zaxxer.hikari.pool.HikariPool$PoolEntryCreator.call(HikariPool.java:703) ~[?:?]
	at java.util.concurrent.FutureTask.run(FutureTask.java:264) ~[?:?]
	at java.util.concurrent.ThreadPoolExecutor.runWorker(ThreadPoolExecutor.java:1136) ~[?:?]
	at java.util.concurrent.ThreadPoolExecutor$Worker.run(ThreadPoolExecutor.java:635) ~[?:?]
	... 1 more
2026-03-26 23:58:13.994 [JettyServerThreadPool-15712] ERROR net.corda.ledger.persistence.processor.LedgerPersistenceRequestProcessor {corda.client.id=ledger-repair-E3193F94C243-1774568251258, corda.external.event.id=f1681403-3de5-414e-85b1-eea1734e7b89-iNzKctuAo9jo5bXguJnU/PqTNmHS3yTV+azsIbZKixo=-1, spanId=ea89aba90115f51c, traceId=69c5c5939b0f70e386dcd2b9d51083ac, vnode.id=E3193F94C243} - Unable to acquire JDBC Connection
org.hibernate.exception.JDBCConnectionException: Unable to acquire JDBC Connection
	at org.hibernate.exception.internal.SQLExceptionTypeDelegate.convert(SQLExceptionTypeDelegate.java:48) ~[?:?]
	at org.hibernate.exception.internal.StandardSQLExceptionConverter.convert(StandardSQLExceptionConverter.java:37) ~[?:?]
	at org.hibernate.engine.jdbc.spi.SqlExceptionHelper.convert(SqlExceptionHelper.java:113) ~[?:?]
	at org.hibernate.engine.jdbc.spi.SqlExceptionHelper.convert(SqlExceptionHelper.java:99) ~[?:?]
	at org.hibernate.resource.jdbc.internal.LogicalConnectionManagedImpl.acquireConnectionIfNeeded(LogicalConnectionManagedImpl.java:111) ~[?:?]
	at org.hibernate.resource.jdbc.internal.LogicalConnectionManagedImpl.getPhysicalConnection(LogicalConnectionManagedImpl.java:138) ~[?:?]
	at org.hibernate.resource.jdbc.internal.LogicalConnectionManagedImpl.getConnectionForTransactionManagement(LogicalConnectionManagedImpl.java:276) ~[?:?]
	at org.hibernate.resource.jdbc.internal.LogicalConnectionManagedImpl.begin(LogicalConnectionManagedImpl.java:284) ~[?:?]
	at org.hibernate.resource.transaction.backend.jdbc.internal.JdbcResourceLocalTransactionCoordinatorImpl$TransactionDriverControlImpl.begin(JdbcResourceLocalTransactionCoordinatorImpl.java:246) ~[?:?]
	at org.hibernate.engine.transaction.internal.TransactionImpl.begin(TransactionImpl.java:83) ~[?:?]
	at net.corda.ledger.persistence.utxo.impl.UtxoPersistenceServiceImpl.findTransactionsWithStatusCreatedBetweenTime(UtxoPersistenceServiceImpl.kt:1362) ~[?:?]
	at net.corda.ledger.persistence.utxo.impl.request.handlers.UtxoFindTransactionsWithStatusCreatedBetweenTimeRequestHandler.execute(UtxoFindTransactionsWithStatusCreatedBetweenTimeRequestHandler.kt:24) ~[?:?]
	at net.corda.ledger.persistence.processor.LedgerPersistenceRequestProcessor$process$result$1.invoke(LedgerPersistenceRequestProcessor.kt:70) ~[?:?]
	at net.corda.ledger.persistence.processor.LedgerPersistenceRequestProcessor$process$result$1.invoke(LedgerPersistenceRequestProcessor.kt:52) ~[?:?]
	at net.corda.utilities.LogUtilsKt.withMDC(LogUtils.kt:73) ~[?:?]
	at net.corda.ledger.persistence.processor.LedgerPersistenceRequestProcessor.process(LedgerPersistenceRequestProcessor.kt:52) ~[?:?]
	at net.corda.ledger.persistence.processor.LedgerPersistenceRequestProcessor.process(LedgerPersistenceRequestProcessor.kt:29) ~[?:?]
	at net.corda.messaging.subscription.SyncRPCSubscriptionImpl.registerEndpoint$lambda$1(SyncRPCSubscriptionImpl.kt:92) ~[?:?]
	at net.corda.web.server.JavalinServer.registerEndpointInternal$lambda$15(JavalinServer.kt:150) ~[?:?]
	at io.javalin.core.security.SecurityUtil.noopAccessManager(SecurityUtil.kt:20) ~[?:?]
	at io.javalin.http.JavalinServlet.addHandler$lambda-0(JavalinServlet.kt:96) ~[?:?]
	at io.javalin.http.JavalinServlet$lifecycle$2$1$1.invoke(JavalinServlet.kt:43) ~[?:?]
	at io.javalin.http.JavalinServlet$lifecycle$2$1$1.invoke(JavalinServlet.kt:43) ~[?:?]
	at io.javalin.http.JavalinServletHandler.executeNextTask(JavalinServletHandler.kt:99) ~[?:?]
	at io.javalin.http.JavalinServletHandler.queueNextTaskOrFinish$lambda-1(JavalinServletHandler.kt:85) ~[?:?]
	at java.util.concurrent.CompletableFuture.uniComposeStage(CompletableFuture.java:1187) ~[?:?]
	at java.util.concurrent.CompletableFuture.thenCompose(CompletableFuture.java:2309) ~[?:?]
	at io.javalin.http.JavalinServletHandler.queueNextTaskOrFinish$javalin(JavalinServletHandler.kt:85) ~[?:?]
	at io.javalin.http.JavalinServlet.service(JavalinServlet.kt:89) ~[?:?]
	at javax.servlet.http.HttpServlet.service(HttpServlet.java:790) ~[javax.servlet-api-3.1.0.jar:3.1.0]
	at io.javalin.jetty.JavalinJettyServlet.service(JavalinJettyServlet.kt:58) ~[?:?]
	at javax.servlet.http.HttpServlet.service(HttpServlet.java:790) ~[javax.servlet-api-3.1.0.jar:3.1.0]
	at org.eclipse.jetty.servlet.ServletHolder.handle(ServletHolder.java:799) ~[?:?]
	at org.eclipse.jetty.servlet.ServletHandler$ChainEnd.doFilter(ServletHandler.java:1656) ~[?:?]
	at brave.servlet.TracingFilter.doFilter(TracingFilter.java:89) ~[?:?]
	at org.eclipse.jetty.servlet.FilterHolder.doFilter(FilterHolder.java:193) ~[?:?]
	at org.eclipse.jetty.servlet.ServletHandler$Chain.doFilter(ServletHandler.java:1626) ~[?:?]
	at org.eclipse.jetty.servlet.ServletHandler.doHandle(ServletHandler.java:552) ~[?:?]
	at org.eclipse.jetty.server.handler.ScopedHandler.nextHandle(ScopedHandler.java:233) ~[jetty-server-9.4.54.v20240208.jar:9.4.54.v20240208]
	at org.eclipse.jetty.server.session.SessionHandler.doHandle(SessionHandler.java:1624) ~[jetty-server-9.4.54.v20240208.jar:9.4.54.v20240208]
	at org.eclipse.jetty.server.handler.ScopedHandler.nextHandle(ScopedHandler.java:233) ~[jetty-server-9.4.54.v20240208.jar:9.4.54.v20240208]
	at io.javalin.jetty.JettyServer$start$wsAndHttpHandler$1.doHandle(JettyServer.kt:52) ~[?:?]
	at org.eclipse.jetty.server.handler.ScopedHandler.nextScope(ScopedHandler.java:188) ~[jetty-server-9.4.54.v20240208.jar:9.4.54.v20240208]
	at org.eclipse.jetty.servlet.ServletHandler.doScope(ServletHandler.java:505) ~[?:?]
	at org.eclipse.jetty.server.session.SessionHandler.doScope(SessionHandler.java:1594) ~[jetty-server-9.4.54.v20240208.jar:9.4.54.v20240208]
	at org.eclipse.jetty.server.handler.ScopedHandler.nextScope(ScopedHandler.java:186) ~[jetty-server-9.4.54.v20240208.jar:9.4.54.v20240208]
	at org.eclipse.jetty.server.handler.ContextHandler.doScope(ContextHandler.java:1355) ~[jetty-server-9.4.54.v20240208.jar:9.4.54.v20240208]
	at org.eclipse.jetty.server.handler.ScopedHandler.handle(ScopedHandler.java:141) ~[jetty-server-9.4.54.v20240208.jar:9.4.54.v20240208]
	at org.eclipse.jetty.server.handler.StatisticsHandler.handle(StatisticsHandler.java:181) ~[jetty-server-9.4.54.v20240208.jar:9.4.54.v20240208]
	at org.eclipse.jetty.server.handler.HandlerWrapper.handle(HandlerWrapper.java:127) ~[jetty-server-9.4.54.v20240208.jar:9.4.54.v20240208]
	at org.eclipse.jetty.server.Server.handle(Server.java:516) ~[jetty-server-9.4.54.v20240208.jar:9.4.54.v20240208]
	at org.eclipse.jetty.server.HttpChannel.lambda$handle$1(HttpChannel.java:487) ~[jetty-server-9.4.54.v20240208.jar:9.4.54.v20240208]
	at org.eclipse.jetty.server.HttpChannel.dispatch(HttpChannel.java:732) [jetty-server-9.4.54.v20240208.jar:9.4.54.v20240208]
	at org.eclipse.jetty.server.HttpChannel.handle(HttpChannel.java:479) [jetty-server-9.4.54.v20240208.jar:9.4.54.v20240208]
	at org.eclipse.jetty.server.HttpConnection.onFillable(HttpConnection.java:277) [jetty-server-9.4.54.v20240208.jar:9.4.54.v20240208]
	at org.eclipse.jetty.io.AbstractConnection$ReadCallback.succeeded(AbstractConnection.java:311) [jetty-io-9.4.54.v20240208.jar:9.4.54.v20240208]
	at org.eclipse.jetty.io.FillInterest.fillable(FillInterest.java:105) [jetty-io-9.4.54.v20240208.jar:9.4.54.v20240208]
	at org.eclipse.jetty.io.ChannelEndPoint$1.run(ChannelEndPoint.java:104) [jetty-io-9.4.54.v20240208.jar:9.4.54.v20240208]
	at org.eclipse.jetty.util.thread.strategy.EatWhatYouKill.runTask(EatWhatYouKill.java:338) [jetty-util-9.4.54.v20240208.jar:9.4.54.v20240208]
	at org.eclipse.jetty.util.thread.strategy.EatWhatYouKill.doProduce(EatWhatYouKill.java:315) [jetty-util-9.4.54.v20240208.jar:9.4.54.v20240208]
	at org.eclipse.jetty.util.thread.strategy.EatWhatYouKill.tryProduce(EatWhatYouKill.java:173) [jetty-util-9.4.54.v20240208.jar:9.4.54.v20240208]
	at org.eclipse.jetty.util.thread.strategy.EatWhatYouKill.run(EatWhatYouKill.java:131) [jetty-util-9.4.54.v20240208.jar:9.4.54.v20240208]
	at org.eclipse.jetty.util.thread.ReservedThreadExecutor$ReservedThread.run(ReservedThreadExecutor.java:409) [jetty-util-9.4.54.v20240208.jar:9.4.54.v20240208]
	at org.eclipse.jetty.util.thread.QueuedThreadPool.runJob(QueuedThreadPool.java:883) [jetty-util-9.4.54.v20240208.jar:9.4.54.v20240208]
	at org.eclipse.jetty.util.thread.QueuedThreadPool$Runner.run(QueuedThreadPool.java:1034) [jetty-util-9.4.54.v20240208.jar:9.4.54.v20240208]
	at java.lang.Thread.run(Thread.java:840) [?:?]
Caused by: java.sql.SQLTransientConnectionException: HikariPool-22 - Connection is not available, request timed out after 30000ms (total=0, active=0, idle=0, waiting=0)
	at com.zaxxer.hikari.pool.HikariPool.createTimeoutException(HikariPool.java:686) ~[?:?]
	at com.zaxxer.hikari.pool.HikariPool.getConnection(HikariPool.java:179) ~[?:?]
	at com.zaxxer.hikari.pool.HikariPool.getConnection(HikariPool.java:144) ~[?:?]
	at com.zaxxer.hikari.HikariDataSource.getConnection(HikariDataSource.java:99) ~[?:?]
	at net.corda.db.core.DataSourceFactoryImpl$HikariDataSourceWrapper.getConnection(DataSourceFactoryImpl.kt) ~[?:?]
	at org.hibernate.engine.jdbc.connections.internal.DatasourceConnectionProviderImpl.getConnection(DatasourceConnectionProviderImpl.java:122) ~[?:?]
	at org.hibernate.internal.NonContextualJdbcConnectionAccess.obtainConnection(NonContextualJdbcConnectionAccess.java:38) ~[?:?]
	at org.hibernate.resource.jdbc.internal.LogicalConnectionManagedImpl.acquireConnectionIfNeeded(LogicalConnectionManagedImpl.java:108) ~[?:?]
	... 61 more
Caused by: org.postgresql.util.PSQLException: FATAL: remaining connection slots are reserved for non-replication superuser connections
	at org.postgresql.Driver$ConnectThread.getResult(Driver.java:397) ~[?:?]
	at org.postgresql.Driver.connect(Driver.java:305) ~[?:?]
	at java.sql.DriverManager.getConnection(DriverManager.java:681) ~[java.sql:?]
	at java.sql.DriverManager.getConnection(DriverManager.java:229) ~[java.sql:?]
	at org.postgresql.ds.common.BaseDataSource.getConnection(BaseDataSource.java:104) ~[?:?]
	at org.postgresql.ds.common.BaseDataSource.getConnection(BaseDataSource.java:88) ~[?:?]
	at com.zaxxer.hikari.pool.PoolBase.newConnection(PoolBase.java:360) ~[?:?]
	at com.zaxxer.hikari.pool.PoolBase.newPoolEntry(PoolBase.java:202) ~[?:?]
	at com.zaxxer.hikari.pool.HikariPool.createPoolEntry(HikariPool.java:461) ~[?:?]
	at com.zaxxer.hikari.pool.HikariPool$PoolEntryCreator.call(HikariPool.java:724) ~[?:?]
	at com.zaxxer.hikari.pool.HikariPool$PoolEntryCreator.call(HikariPool.java:703) ~[?:?]
	at java.util.concurrent.FutureTask.run(FutureTask.java:264) ~[?:?]
	at java.util.concurrent.ThreadPoolExecutor.runWorker(ThreadPoolExecutor.java:1136) ~[?:?]
	at java.util.concurrent.ThreadPoolExecutor$Worker.run(ThreadPoolExecutor.java:635) ~[?:?]
	... 1 more
2026-03-26 23:58:14.003 [JettyServerThreadPool-983] WARN  net.corda.persistence.common.PersistenceExceptionCategorizerImpl {corda.client.id=ledger-repair-524FEE159D0F-1774568251258, corda.external.event.id=e3a2358c-64ba-46b4-936d-350e714f538e-iNzKctuAo9jo5bXguJnU/PqTNmHS3yTV+azsIbZKixo=-1, spanId=89a1425e9bf44e7f, traceId=69c5c59351b0d06fd3275061f8e428f1, vnode.id=524FEE159D0F} - Categorized exception as TRANSIENT: org.hibernate.exception.JDBCConnectionException: Unable to acquire JDBC Connection
org.hibernate.exception.JDBCConnectionException: Unable to acquire JDBC Connection
	at org.hibernate.exception.internal.SQLExceptionTypeDelegate.convert(SQLExceptionTypeDelegate.java:48) ~[?:?]
	at org.hibernate.exception.internal.StandardSQLExceptionConverter.convert(StandardSQLExceptionConverter.java:37) ~[?:?]
	at org.hibernate.engine.jdbc.spi.SqlExceptionHelper.convert(SqlExceptionHelper.java:113) ~[?:?]
	at org.hibernate.engine.jdbc.spi.SqlExceptionHelper.convert(SqlExceptionHelper.java:99) ~[?:?]
	at org.hibernate.resource.jdbc.internal.LogicalConnectionManagedImpl.acquireConnectionIfNeeded(LogicalConnectionManagedImpl.java:111) ~[?:?]
	at org.hibernate.resource.jdbc.internal.LogicalConnectionManagedImpl.getPhysicalConnection(LogicalConnectionManagedImpl.java:138) ~[?:?]
	at org.hibernate.resource.jdbc.internal.LogicalConnectionManagedImpl.getConnectionForTransactionManagement(LogicalConnectionManagedImpl.java:276) ~[?:?]
	at org.hibernate.resource.jdbc.internal.LogicalConnectionManagedImpl.begin(LogicalConnectionManagedImpl.java:284) ~[?:?]
	at org.hibernate.resource.transaction.backend.jdbc.internal.JdbcResourceLocalTransactionCoordinatorImpl$TransactionDriverControlImpl.begin(JdbcResourceLocalTransactionCoordinatorImpl.java:246) ~[?:?]
	at org.hibernate.engine.transaction.internal.TransactionImpl.begin(TransactionImpl.java:83) ~[?:?]
	at net.corda.ledger.persistence.utxo.impl.UtxoPersistenceServiceImpl.findTransactionsWithStatusCreatedBetweenTime(UtxoPersistenceServiceImpl.kt:1362) ~[?:?]
	at net.corda.ledger.persistence.utxo.impl.request.handlers.UtxoFindTransactionsWithStatusCreatedBetweenTimeRequestHandler.execute(UtxoFindTransactionsWithStatusCreatedBetweenTimeRequestHandler.kt:24) ~[?:?]
	at net.corda.ledger.persistence.processor.LedgerPersistenceRequestProcessor$process$result$1.invoke(LedgerPersistenceRequestProcessor.kt:70) ~[?:?]
	at net.corda.ledger.persistence.processor.LedgerPersistenceRequestProcessor$process$result$1.invoke(LedgerPersistenceRequestProcessor.kt:52) ~[?:?]
	at net.corda.utilities.LogUtilsKt.withMDC(LogUtils.kt:73) ~[?:?]
	at net.corda.ledger.persistence.processor.LedgerPersistenceRequestProcessor.process(LedgerPersistenceRequestProcessor.kt:52) ~[?:?]
	at net.corda.ledger.persistence.processor.LedgerPersistenceRequestProcessor.process(LedgerPersistenceRequestProcessor.kt:29) ~[?:?]
	at net.corda.messaging.subscription.SyncRPCSubscriptionImpl.registerEndpoint$lambda$1(SyncRPCSubscriptionImpl.kt:92) ~[?:?]
	at net.corda.web.server.JavalinServer.registerEndpointInternal$lambda$15(JavalinServer.kt:150) ~[?:?]
	at io.javalin.core.security.SecurityUtil.noopAccessManager(SecurityUtil.kt:20) ~[?:?]
	at io.javalin.http.JavalinServlet.addHandler$lambda-0(JavalinServlet.kt:96) ~[?:?]
	at io.javalin.http.JavalinServlet$lifecycle$2$1$1.invoke(JavalinServlet.kt:43) ~[?:?]
	at io.javalin.http.JavalinServlet$lifecycle$2$1$1.invoke(JavalinServlet.kt:43) ~[?:?]
	at io.javalin.http.JavalinServletHandler.executeNextTask(JavalinServletHandler.kt:99) ~[?:?]
	at io.javalin.http.JavalinServletHandler.queueNextTaskOrFinish$lambda-1(JavalinServletHandler.kt:85) ~[?:?]
	at java.util.concurrent.CompletableFuture.uniComposeStage(CompletableFuture.java:1187) ~[?:?]
	at java.util.concurrent.CompletableFuture.thenCompose(CompletableFuture.java:2309) ~[?:?]
	at io.javalin.http.JavalinServletHandler.queueNextTaskOrFinish$javalin(JavalinServletHandler.kt:85) ~[?:?]
	at io.javalin.http.JavalinServlet.service(JavalinServlet.kt:89) ~[?:?]
	at javax.servlet.http.HttpServlet.service(HttpServlet.java:790) ~[javax.servlet-api-3.1.0.jar:3.1.0]
	at io.javalin.jetty.JavalinJettyServlet.service(JavalinJettyServlet.kt:58) ~[?:?]
	at javax.servlet.http.HttpServlet.service(HttpServlet.java:790) ~[javax.servlet-api-3.1.0.jar:3.1.0]
	at org.eclipse.jetty.servlet.ServletHolder.handle(ServletHolder.java:799) ~[?:?]
	at org.eclipse.jetty.servlet.ServletHandler$ChainEnd.doFilter(ServletHandler.java:1656) ~[?:?]
	at brave.servlet.TracingFilter.doFilter(TracingFilter.java:89) ~[?:?]
	at org.eclipse.jetty.servlet.FilterHolder.doFilter(FilterHolder.java:193) ~[?:?]
	at org.eclipse.jetty.servlet.ServletHandler$Chain.doFilter(ServletHandler.java:1626) ~[?:?]
	at org.eclipse.jetty.servlet.ServletHandler.doHandle(ServletHandler.java:552) ~[?:?]
	at org.eclipse.jetty.server.handler.ScopedHandler.nextHandle(ScopedHandler.java:233) ~[jetty-server-9.4.54.v20240208.jar:9.4.54.v20240208]
	at org.eclipse.jetty.server.session.SessionHandler.doHandle(SessionHandler.java:1624) ~[jetty-server-9.4.54.v20240208.jar:9.4.54.v20240208]
	at org.eclipse.jetty.server.handler.ScopedHandler.nextHandle(ScopedHandler.java:233) ~[jetty-server-9.4.54.v20240208.jar:9.4.54.v20240208]
	at io.javalin.jetty.JettyServer$start$wsAndHttpHandler$1.doHandle(JettyServer.kt:52) ~[?:?]
	at org.eclipse.jetty.server.handler.ScopedHandler.nextScope(ScopedHandler.java:188) ~[jetty-server-9.4.54.v20240208.jar:9.4.54.v20240208]
	at org.eclipse.jetty.servlet.ServletHandler.doScope(ServletHandler.java:505) ~[?:?]
	at org.eclipse.jetty.server.session.SessionHandler.doScope(SessionHandler.java:1594) ~[jetty-server-9.4.54.v20240208.jar:9.4.54.v20240208]
	at org.eclipse.jetty.server.handler.ScopedHandler.nextScope(ScopedHandler.java:186) ~[jetty-server-9.4.54.v20240208.jar:9.4.54.v20240208]
	at org.eclipse.jetty.server.handler.ContextHandler.doScope(ContextHandler.java:1355) ~[jetty-server-9.4.54.v20240208.jar:9.4.54.v20240208]
	at org.eclipse.jetty.server.handler.ScopedHandler.handle(ScopedHandler.java:141) ~[jetty-server-9.4.54.v20240208.jar:9.4.54.v20240208]
	at org.eclipse.jetty.server.handler.StatisticsHandler.handle(StatisticsHandler.java:181) ~[jetty-server-9.4.54.v20240208.jar:9.4.54.v20240208]
	at org.eclipse.jetty.server.handler.HandlerWrapper.handle(HandlerWrapper.java:127) ~[jetty-server-9.4.54.v20240208.jar:9.4.54.v20240208]
	at org.eclipse.jetty.server.Server.handle(Server.java:516) ~[jetty-server-9.4.54.v20240208.jar:9.4.54.v20240208]
	at org.eclipse.jetty.server.HttpChannel.lambda$handle$1(HttpChannel.java:487) ~[jetty-server-9.4.54.v20240208.jar:9.4.54.v20240208]
	at org.eclipse.jetty.server.HttpChannel.dispatch(HttpChannel.java:732) [jetty-server-9.4.54.v20240208.jar:9.4.54.v20240208]
	at org.eclipse.jetty.server.HttpChannel.handle(HttpChannel.java:479) [jetty-server-9.4.54.v20240208.jar:9.4.54.v20240208]
	at org.eclipse.jetty.server.HttpConnection.onFillable(HttpConnection.java:277) [jetty-server-9.4.54.v20240208.jar:9.4.54.v20240208]
	at org.eclipse.jetty.io.AbstractConnection$ReadCallback.succeeded(AbstractConnection.java:311) [jetty-io-9.4.54.v20240208.jar:9.4.54.v20240208]
	at org.eclipse.jetty.io.FillInterest.fillable(FillInterest.java:105) [jetty-io-9.4.54.v20240208.jar:9.4.54.v20240208]
	at org.eclipse.jetty.io.ChannelEndPoint$1.run(ChannelEndPoint.java:104) [jetty-io-9.4.54.v20240208.jar:9.4.54.v20240208]
	at org.eclipse.jetty.util.thread.strategy.EatWhatYouKill.runTask(EatWhatYouKill.java:338) [jetty-util-9.4.54.v20240208.jar:9.4.54.v20240208]
	at org.eclipse.jetty.util.thread.strategy.EatWhatYouKill.doProduce(EatWhatYouKill.java:315) [jetty-util-9.4.54.v20240208.jar:9.4.54.v20240208]
	at org.eclipse.jetty.util.thread.strategy.EatWhatYouKill.tryProduce(EatWhatYouKill.java:173) [jetty-util-9.4.54.v20240208.jar:9.4.54.v20240208]
	at org.eclipse.jetty.util.thread.strategy.EatWhatYouKill.run(EatWhatYouKill.java:131) [jetty-util-9.4.54.v20240208.jar:9.4.54.v20240208]
	at org.eclipse.jetty.util.thread.ReservedThreadExecutor$ReservedThread.run(ReservedThreadExecutor.java:409) [jetty-util-9.4.54.v20240208.jar:9.4.54.v20240208]
	at org.eclipse.jetty.util.thread.QueuedThreadPool.runJob(QueuedThreadPool.java:883) [jetty-util-9.4.54.v20240208.jar:9.4.54.v20240208]
	at org.eclipse.jetty.util.thread.QueuedThreadPool$Runner.run(QueuedThreadPool.java:1034) [jetty-util-9.4.54.v20240208.jar:9.4.54.v20240208]
	at java.lang.Thread.run(Thread.java:840) [?:?]
Caused by: java.sql.SQLTransientConnectionException: HikariPool-21 - Connection is not available, request timed out after 30000ms (total=0, active=0, idle=0, waiting=0)
	at com.zaxxer.hikari.pool.HikariPool.createTimeoutException(HikariPool.java:686) ~[?:?]
	at com.zaxxer.hikari.pool.HikariPool.getConnection(HikariPool.java:179) ~[?:?]
	at com.zaxxer.hikari.pool.HikariPool.getConnection(HikariPool.java:144) ~[?:?]
	at com.zaxxer.hikari.HikariDataSource.getConnection(HikariDataSource.java:99) ~[?:?]
	at net.corda.db.core.DataSourceFactoryImpl$HikariDataSourceWrapper.getConnection(DataSourceFactoryImpl.kt) ~[?:?]
	at org.hibernate.engine.jdbc.connections.internal.DatasourceConnectionProviderImpl.getConnection(DatasourceConnectionProviderImpl.java:122) ~[?:?]
	at org.hibernate.internal.NonContextualJdbcConnectionAccess.obtainConnection(NonContextualJdbcConnectionAccess.java:38) ~[?:?]
	at org.hibernate.resource.jdbc.internal.LogicalConnectionManagedImpl.acquireConnectionIfNeeded(LogicalConnectionManagedImpl.java:108) ~[?:?]
	... 61 more
Caused by: org.postgresql.util.PSQLException: FATAL: remaining connection slots are reserved for non-replication superuser connections
	at org.postgresql.Driver$ConnectThread.getResult(Driver.java:397) ~[?:?]
	at org.postgresql.Driver.connect(Driver.java:305) ~[?:?]
	at java.sql.DriverManager.getConnection(DriverManager.java:681) ~[java.sql:?]
	at java.sql.DriverManager.getConnection(DriverManager.java:229) ~[java.sql:?]
	at org.postgresql.ds.common.BaseDataSource.getConnection(BaseDataSource.java:104) ~[?:?]
	at org.postgresql.ds.common.BaseDataSource.getConnection(BaseDataSource.java:88) ~[?:?]
	at com.zaxxer.hikari.pool.PoolBase.newConnection(PoolBase.java:360) ~[?:?]
	at com.zaxxer.hikari.pool.PoolBase.newPoolEntry(PoolBase.java:202) ~[?:?]
	at com.zaxxer.hikari.pool.HikariPool.createPoolEntry(HikariPool.java:461) ~[?:?]
	at com.zaxxer.hikari.pool.HikariPool$PoolEntryCreator.call(HikariPool.java:724) ~[?:?]
	at com.zaxxer.hikari.pool.HikariPool$PoolEntryCreator.call(HikariPool.java:703) ~[?:?]
	at java.util.concurrent.FutureTask.run(FutureTask.java:264) ~[?:?]
	at java.util.concurrent.ThreadPoolExecutor.runWorker(ThreadPoolExecutor.java:1136) ~[?:?]
	at java.util.concurrent.ThreadPoolExecutor$Worker.run(ThreadPoolExecutor.java:635) ~[?:?]
	... 1 more
2026-03-26 23:58:14.014 [JettyServerThreadPool-15712] WARN  net.corda.persistence.common.PersistenceExceptionCategorizerImpl {corda.client.id=ledger-repair-E3193F94C243-1774568251258, corda.external.event.id=f1681403-3de5-414e-85b1-eea1734e7b89-iNzKctuAo9jo5bXguJnU/PqTNmHS3yTV+azsIbZKixo=-1, spanId=ea89aba90115f51c, traceId=69c5c5939b0f70e386dcd2b9d51083ac, vnode.id=E3193F94C243} - Categorized exception as TRANSIENT: org.hibernate.exception.JDBCConnectionException: Unable to acquire JDBC Connection
org.hibernate.exception.JDBCConnectionException: Unable to acquire JDBC Connection
	at org.hibernate.exception.internal.SQLExceptionTypeDelegate.convert(SQLExceptionTypeDelegate.java:48) ~[?:?]
	at org.hibernate.exception.internal.StandardSQLExceptionConverter.convert(StandardSQLExceptionConverter.java:37) ~[?:?]
	at org.hibernate.engine.jdbc.spi.SqlExceptionHelper.convert(SqlExceptionHelper.java:113) ~[?:?]
	at org.hibernate.engine.jdbc.spi.SqlExceptionHelper.convert(SqlExceptionHelper.java:99) ~[?:?]
	at org.hibernate.resource.jdbc.internal.LogicalConnectionManagedImpl.acquireConnectionIfNeeded(LogicalConnectionManagedImpl.java:111) ~[?:?]
	at org.hibernate.resource.jdbc.internal.LogicalConnectionManagedImpl.getPhysicalConnection(LogicalConnectionManagedImpl.java:138) ~[?:?]
	at org.hibernate.resource.jdbc.internal.LogicalConnectionManagedImpl.getConnectionForTransactionManagement(LogicalConnectionManagedImpl.java:276) ~[?:?]
	at org.hibernate.resource.jdbc.internal.LogicalConnectionManagedImpl.begin(LogicalConnectionManagedImpl.java:284) ~[?:?]
	at org.hibernate.resource.transaction.backend.jdbc.internal.JdbcResourceLocalTransactionCoordinatorImpl$TransactionDriverControlImpl.begin(JdbcResourceLocalTransactionCoordinatorImpl.java:246) ~[?:?]
	at org.hibernate.engine.transaction.internal.TransactionImpl.begin(TransactionImpl.java:83) ~[?:?]
	at net.corda.ledger.persistence.utxo.impl.UtxoPersistenceServiceImpl.findTransactionsWithStatusCreatedBetweenTime(UtxoPersistenceServiceImpl.kt:1362) ~[?:?]
	at net.corda.ledger.persistence.utxo.impl.request.handlers.UtxoFindTransactionsWithStatusCreatedBetweenTimeRequestHandler.execute(UtxoFindTransactionsWithStatusCreatedBetweenTimeRequestHandler.kt:24) ~[?:?]
	at net.corda.ledger.persistence.processor.LedgerPersistenceRequestProcessor$process$result$1.invoke(LedgerPersistenceRequestProcessor.kt:70) ~[?:?]
	at net.corda.ledger.persistence.processor.LedgerPersistenceRequestProcessor$process$result$1.invoke(LedgerPersistenceRequestProcessor.kt:52) ~[?:?]
	at net.corda.utilities.LogUtilsKt.withMDC(LogUtils.kt:73) ~[?:?]
	at net.corda.ledger.persistence.processor.LedgerPersistenceRequestProcessor.process(LedgerPersistenceRequestProcessor.kt:52) ~[?:?]
	at net.corda.ledger.persistence.processor.LedgerPersistenceRequestProcessor.process(LedgerPersistenceRequestProcessor.kt:29) ~[?:?]
	at net.corda.messaging.subscription.SyncRPCSubscriptionImpl.registerEndpoint$lambda$1(SyncRPCSubscriptionImpl.kt:92) ~[?:?]
	at net.corda.web.server.JavalinServer.registerEndpointInternal$lambda$15(JavalinServer.kt:150) ~[?:?]
	at io.javalin.core.security.SecurityUtil.noopAccessManager(SecurityUtil.kt:20) ~[?:?]
	at io.javalin.http.JavalinServlet.addHandler$lambda-0(JavalinServlet.kt:96) ~[?:?]
	at io.javalin.http.JavalinServlet$lifecycle$2$1$1.invoke(JavalinServlet.kt:43) ~[?:?]
	at io.javalin.http.JavalinServlet$lifecycle$2$1$1.invoke(JavalinServlet.kt:43) ~[?:?]
	at io.javalin.http.JavalinServletHandler.executeNextTask(JavalinServletHandler.kt:99) ~[?:?]
	at io.javalin.http.JavalinServletHandler.queueNextTaskOrFinish$lambda-1(JavalinServletHandler.kt:85) ~[?:?]
	at java.util.concurrent.CompletableFuture.uniComposeStage(CompletableFuture.java:1187) ~[?:?]
	at java.util.concurrent.CompletableFuture.thenCompose(CompletableFuture.java:2309) ~[?:?]
	at io.javalin.http.JavalinServletHandler.queueNextTaskOrFinish$javalin(JavalinServletHandler.kt:85) ~[?:?]
	at io.javalin.http.JavalinServlet.service(JavalinServlet.kt:89) ~[?:?]
	at javax.servlet.http.HttpServlet.service(HttpServlet.java:790) ~[javax.servlet-api-3.1.0.jar:3.1.0]
	at io.javalin.jetty.JavalinJettyServlet.service(JavalinJettyServlet.kt:58) ~[?:?]
	at javax.servlet.http.HttpServlet.service(HttpServlet.java:790) ~[javax.servlet-api-3.1.0.jar:3.1.0]
	at org.eclipse.jetty.servlet.ServletHolder.handle(ServletHolder.java:799) ~[?:?]
	at org.eclipse.jetty.servlet.ServletHandler$ChainEnd.doFilter(ServletHandler.java:1656) ~[?:?]
	at brave.servlet.TracingFilter.doFilter(TracingFilter.java:89) ~[?:?]
	at org.eclipse.jetty.servlet.FilterHolder.doFilter(FilterHolder.java:193) ~[?:?]
	at org.eclipse.jetty.servlet.ServletHandler$Chain.doFilter(ServletHandler.java:1626) ~[?:?]
	at org.eclipse.jetty.servlet.ServletHandler.doHandle(ServletHandler.java:552) ~[?:?]
	at org.eclipse.jetty.server.handler.ScopedHandler.nextHandle(ScopedHandler.java:233) ~[jetty-server-9.4.54.v20240208.jar:9.4.54.v20240208]
	at org.eclipse.jetty.server.session.SessionHandler.doHandle(SessionHandler.java:1624) ~[jetty-server-9.4.54.v20240208.jar:9.4.54.v20240208]
	at org.eclipse.jetty.server.handler.ScopedHandler.nextHandle(ScopedHandler.java:233) ~[jetty-server-9.4.54.v20240208.jar:9.4.54.v20240208]
	at io.javalin.jetty.JettyServer$start$wsAndHttpHandler$1.doHandle(JettyServer.kt:52) ~[?:?]
	at org.eclipse.jetty.server.handler.ScopedHandler.nextScope(ScopedHandler.java:188) ~[jetty-server-9.4.54.v20240208.jar:9.4.54.v20240208]
	at org.eclipse.jetty.servlet.ServletHandler.doScope(ServletHandler.java:505) ~[?:?]
	at org.eclipse.jetty.server.session.SessionHandler.doScope(SessionHandler.java:1594) ~[jetty-server-9.4.54.v20240208.jar:9.4.54.v20240208]
	at org.eclipse.jetty.server.handler.ScopedHandler.nextScope(ScopedHandler.java:186) ~[jetty-server-9.4.54.v20240208.jar:9.4.54.v20240208]
	at org.eclipse.jetty.server.handler.ContextHandler.doScope(ContextHandler.java:1355) ~[jetty-server-9.4.54.v20240208.jar:9.4.54.v20240208]
	at org.eclipse.jetty.server.handler.ScopedHandler.handle(ScopedHandler.java:141) ~[jetty-server-9.4.54.v20240208.jar:9.4.54.v20240208]
	at org.eclipse.jetty.server.handler.StatisticsHandler.handle(StatisticsHandler.java:181) ~[jetty-server-9.4.54.v20240208.jar:9.4.54.v20240208]
	at org.eclipse.jetty.server.handler.HandlerWrapper.handle(HandlerWrapper.java:127) ~[jetty-server-9.4.54.v20240208.jar:9.4.54.v20240208]
	at org.eclipse.jetty.server.Server.handle(Server.java:516) ~[jetty-server-9.4.54.v20240208.jar:9.4.54.v20240208]
	at org.eclipse.jetty.server.HttpChannel.lambda$handle$1(HttpChannel.java:487) ~[jetty-server-9.4.54.v20240208.jar:9.4.54.v20240208]
	at org.eclipse.jetty.server.HttpChannel.dispatch(HttpChannel.java:732) [jetty-server-9.4.54.v20240208.jar:9.4.54.v20240208]
	at org.eclipse.jetty.server.HttpChannel.handle(HttpChannel.java:479) [jetty-server-9.4.54.v20240208.jar:9.4.54.v20240208]
	at org.eclipse.jetty.server.HttpConnection.onFillable(HttpConnection.java:277) [jetty-server-9.4.54.v20240208.jar:9.4.54.v20240208]
	at org.eclipse.jetty.io.AbstractConnection$ReadCallback.succeeded(AbstractConnection.java:311) [jetty-io-9.4.54.v20240208.jar:9.4.54.v20240208]
	at org.eclipse.jetty.io.FillInterest.fillable(FillInterest.java:105) [jetty-io-9.4.54.v20240208.jar:9.4.54.v20240208]
	at org.eclipse.jetty.io.ChannelEndPoint$1.run(ChannelEndPoint.java:104) [jetty-io-9.4.54.v20240208.jar:9.4.54.v20240208]
	at org.eclipse.jetty.util.thread.strategy.EatWhatYouKill.runTask(EatWhatYouKill.java:338) [jetty-util-9.4.54.v20240208.jar:9.4.54.v20240208]
	at org.eclipse.jetty.util.thread.strategy.EatWhatYouKill.doProduce(EatWhatYouKill.java:315) [jetty-util-9.4.54.v20240208.jar:9.4.54.v20240208]
	at org.eclipse.jetty.util.thread.strategy.EatWhatYouKill.tryProduce(EatWhatYouKill.java:173) [jetty-util-9.4.54.v20240208.jar:9.4.54.v20240208]
	at org.eclipse.jetty.util.thread.strategy.EatWhatYouKill.run(EatWhatYouKill.java:131) [jetty-util-9.4.54.v20240208.jar:9.4.54.v20240208]
	at org.eclipse.jetty.util.thread.ReservedThreadExecutor$ReservedThread.run(ReservedThreadExecutor.java:409) [jetty-util-9.4.54.v20240208.jar:9.4.54.v20240208]
	at org.eclipse.jetty.util.thread.QueuedThreadPool.runJob(QueuedThreadPool.java:883) [jetty-util-9.4.54.v20240208.jar:9.4.54.v20240208]
	at org.eclipse.jetty.util.thread.QueuedThreadPool$Runner.run(QueuedThreadPool.java:1034) [jetty-util-9.4.54.v20240208.jar:9.4.54.v20240208]
	at java.lang.Thread.run(Thread.java:840) [?:?]
Caused by: java.sql.SQLTransientConnectionException: HikariPool-22 - Connection is not available, request timed out after 30000ms (total=0, active=0, idle=0, waiting=0)
	at com.zaxxer.hikari.pool.HikariPool.createTimeoutException(HikariPool.java:686) ~[?:?]
	at com.zaxxer.hikari.pool.HikariPool.getConnection(HikariPool.java:179) ~[?:?]
	at com.zaxxer.hikari.pool.HikariPool.getConnection(HikariPool.java:144) ~[?:?]
	at com.zaxxer.hikari.HikariDataSource.getConnection(HikariDataSource.java:99) ~[?:?]
	at net.corda.db.core.DataSourceFactoryImpl$HikariDataSourceWrapper.getConnection(DataSourceFactoryImpl.kt) ~[?:?]
	at org.hibernate.engine.jdbc.connections.internal.DatasourceConnectionProviderImpl.getConnection(DatasourceConnectionProviderImpl.java:122) ~[?:?]
	at org.hibernate.internal.NonContextualJdbcConnectionAccess.obtainConnection(NonContextualJdbcConnectionAccess.java:38) ~[?:?]
	at org.hibernate.resource.jdbc.internal.LogicalConnectionManagedImpl.acquireConnectionIfNeeded(LogicalConnectionManagedImpl.java:108) ~[?:?]
	... 61 more
Caused by: org.postgresql.util.PSQLException: FATAL: remaining connection slots are reserved for non-replication superuser connections
	at org.postgresql.Driver$ConnectThread.getResult(Driver.java:397) ~[?:?]
	at org.postgresql.Driver.connect(Driver.java:305) ~[?:?]
	at java.sql.DriverManager.getConnection(DriverManager.java:681) ~[java.sql:?]
	at java.sql.DriverManager.getConnection(DriverManager.java:229) ~[java.sql:?]
	at org.postgresql.ds.common.BaseDataSource.getConnection(BaseDataSource.java:104) ~[?:?]
	at org.postgresql.ds.common.BaseDataSource.getConnection(BaseDataSource.java:88) ~[?:?]
	at com.zaxxer.hikari.pool.PoolBase.newConnection(PoolBase.java:360) ~[?:?]
	at com.zaxxer.hikari.pool.PoolBase.newPoolEntry(PoolBase.java:202) ~[?:?]
	at com.zaxxer.hikari.pool.HikariPool.createPoolEntry(HikariPool.java:461) ~[?:?]
	at com.zaxxer.hikari.pool.HikariPool$PoolEntryCreator.call(HikariPool.java:724) ~[?:?]
	at com.zaxxer.hikari.pool.HikariPool$PoolEntryCreator.call(HikariPool.java:703) ~[?:?]
	at java.util.concurrent.FutureTask.run(FutureTask.java:264) ~[?:?]
	at java.util.concurrent.ThreadPoolExecutor.runWorker(ThreadPoolExecutor.java:1136) ~[?:?]
	at java.util.concurrent.ThreadPoolExecutor$Worker.run(ThreadPoolExecutor.java:635) ~[?:?]
	... 1 more
2026-03-26 23:58:14.021 [JettyServerThreadPool-983] WARN  net.corda.messaging.subscription.SyncRPCSubscriptionImpl {spanId=89a1425e9bf44e7f, traceId=69c5c59351b0d06fd3275061f8e428f1, vnode.id=524FEE159D0F} - Transient error processing RPC request for Endpoint(methodType=POST, path='/ledger', isApi=true): Transient server exception while processing request 'e3a2358c-64ba-46b4-936d-350e714f538e-iNzKctuAo9jo5bXguJnU/PqTNmHS3yTV+azsIbZKixo=-1'. Cause: Unable to acquire JDBC Connection
net.corda.messaging.api.exception.CordaHTTPServerTransientException: Transient server exception while processing request 'e3a2358c-64ba-46b4-936d-350e714f538e-iNzKctuAo9jo5bXguJnU/PqTNmHS3yTV+azsIbZKixo=-1'. Cause: Unable to acquire JDBC Connection
	at net.corda.persistence.common.ResponseFactoryImpl.errorResponse(ResponseFactoryImpl.kt:60) ~[?:?]
	at net.corda.ledger.persistence.processor.LedgerPersistenceRequestProcessor$process$result$1.invoke(LedgerPersistenceRequestProcessor.kt:82) ~[?:?]
	at net.corda.ledger.persistence.processor.LedgerPersistenceRequestProcessor$process$result$1.invoke(LedgerPersistenceRequestProcessor.kt:52) ~[?:?]
	at net.corda.utilities.LogUtilsKt.withMDC(LogUtils.kt:73) ~[?:?]
	at net.corda.ledger.persistence.processor.LedgerPersistenceRequestProcessor.process(LedgerPersistenceRequestProcessor.kt:52) ~[?:?]
	at net.corda.ledger.persistence.processor.LedgerPersistenceRequestProcessor.process(LedgerPersistenceRequestProcessor.kt:29) ~[?:?]
	at net.corda.messaging.subscription.SyncRPCSubscriptionImpl.registerEndpoint$lambda$1(SyncRPCSubscriptionImpl.kt:92) ~[?:?]
	at net.corda.web.server.JavalinServer.registerEndpointInternal$lambda$15(JavalinServer.kt:150) ~[?:?]
	at io.javalin.core.security.SecurityUtil.noopAccessManager(SecurityUtil.kt:20) ~[?:?]
	at io.javalin.http.JavalinServlet.addHandler$lambda-0(JavalinServlet.kt:96) ~[?:?]
	at io.javalin.http.JavalinServlet$lifecycle$2$1$1.invoke(JavalinServlet.kt:43) ~[?:?]
	at io.javalin.http.JavalinServlet$lifecycle$2$1$1.invoke(JavalinServlet.kt:43) ~[?:?]
	at io.javalin.http.JavalinServletHandler.executeNextTask(JavalinServletHandler.kt:99) ~[?:?]
	at io.javalin.http.JavalinServletHandler.queueNextTaskOrFinish$lambda-1(JavalinServletHandler.kt:85) ~[?:?]
	at java.util.concurrent.CompletableFuture.uniComposeStage(CompletableFuture.java:1187) ~[?:?]
	at java.util.concurrent.CompletableFuture.thenCompose(CompletableFuture.java:2309) ~[?:?]
	at io.javalin.http.JavalinServletHandler.queueNextTaskOrFinish$javalin(JavalinServletHandler.kt:85) ~[?:?]
	at io.javalin.http.JavalinServlet.service(JavalinServlet.kt:89) ~[?:?]
	at javax.servlet.http.HttpServlet.service(HttpServlet.java:790) ~[javax.servlet-api-3.1.0.jar:3.1.0]
	at io.javalin.jetty.JavalinJettyServlet.service(JavalinJettyServlet.kt:58) ~[?:?]
	at javax.servlet.http.HttpServlet.service(HttpServlet.java:790) ~[javax.servlet-api-3.1.0.jar:3.1.0]
	at org.eclipse.jetty.servlet.ServletHolder.handle(ServletHolder.java:799) ~[?:?]
	at org.eclipse.jetty.servlet.ServletHandler$ChainEnd.doFilter(ServletHandler.java:1656) ~[?:?]
	at brave.servlet.TracingFilter.doFilter(TracingFilter.java:89) ~[?:?]
	at org.eclipse.jetty.servlet.FilterHolder.doFilter(FilterHolder.java:193) ~[?:?]
	at org.eclipse.jetty.servlet.ServletHandler$Chain.doFilter(ServletHandler.java:1626) ~[?:?]
	at org.eclipse.jetty.servlet.ServletHandler.doHandle(ServletHandler.java:552) ~[?:?]
	at org.eclipse.jetty.server.handler.ScopedHandler.nextHandle(ScopedHandler.java:233) ~[jetty-server-9.4.54.v20240208.jar:9.4.54.v20240208]
	at org.eclipse.jetty.server.session.SessionHandler.doHandle(SessionHandler.java:1624) ~[jetty-server-9.4.54.v20240208.jar:9.4.54.v20240208]
	at org.eclipse.jetty.server.handler.ScopedHandler.nextHandle(ScopedHandler.java:233) ~[jetty-server-9.4.54.v20240208.jar:9.4.54.v20240208]
	at io.javalin.jetty.JettyServer$start$wsAndHttpHandler$1.doHandle(JettyServer.kt:52) ~[?:?]
	at org.eclipse.jetty.server.handler.ScopedHandler.nextScope(ScopedHandler.java:188) ~[jetty-server-9.4.54.v20240208.jar:9.4.54.v20240208]
	at org.eclipse.jetty.servlet.ServletHandler.doScope(ServletHandler.java:505) ~[?:?]
	at org.eclipse.jetty.server.session.SessionHandler.doScope(SessionHandler.java:1594) ~[jetty-server-9.4.54.v20240208.jar:9.4.54.v20240208]
	at org.eclipse.jetty.server.handler.ScopedHandler.nextScope(ScopedHandler.java:186) ~[jetty-server-9.4.54.v20240208.jar:9.4.54.v20240208]
	at org.eclipse.jetty.server.handler.ContextHandler.doScope(ContextHandler.java:1355) ~[jetty-server-9.4.54.v20240208.jar:9.4.54.v20240208]
	at org.eclipse.jetty.server.handler.ScopedHandler.handle(ScopedHandler.java:141) ~[jetty-server-9.4.54.v20240208.jar:9.4.54.v20240208]
	at org.eclipse.jetty.server.handler.StatisticsHandler.handle(StatisticsHandler.java:181) ~[jetty-server-9.4.54.v20240208.jar:9.4.54.v20240208]
	at org.eclipse.jetty.server.handler.HandlerWrapper.handle(HandlerWrapper.java:127) ~[jetty-server-9.4.54.v20240208.jar:9.4.54.v20240208]
	at org.eclipse.jetty.server.Server.handle(Server.java:516) ~[jetty-server-9.4.54.v20240208.jar:9.4.54.v20240208]
	at org.eclipse.jetty.server.HttpChannel.lambda$handle$1(HttpChannel.java:487) ~[jetty-server-9.4.54.v20240208.jar:9.4.54.v20240208]
	at org.eclipse.jetty.server.HttpChannel.dispatch(HttpChannel.java:732) [jetty-server-9.4.54.v20240208.jar:9.4.54.v20240208]
	at org.eclipse.jetty.server.HttpChannel.handle(HttpChannel.java:479) [jetty-server-9.4.54.v20240208.jar:9.4.54.v20240208]
	at org.eclipse.jetty.server.HttpConnection.onFillable(HttpConnection.java:277) [jetty-server-9.4.54.v20240208.jar:9.4.54.v20240208]
	at org.eclipse.jetty.io.AbstractConnection$ReadCallback.succeeded(AbstractConnection.java:311) [jetty-io-9.4.54.v20240208.jar:9.4.54.v20240208]
	at org.eclipse.jetty.io.FillInterest.fillable(FillInterest.java:105) [jetty-io-9.4.54.v20240208.jar:9.4.54.v20240208]
	at org.eclipse.jetty.io.ChannelEndPoint$1.run(ChannelEndPoint.java:104) [jetty-io-9.4.54.v20240208.jar:9.4.54.v20240208]
	at org.eclipse.jetty.util.thread.strategy.EatWhatYouKill.runTask(EatWhatYouKill.java:338) [jetty-util-9.4.54.v20240208.jar:9.4.54.v20240208]
	at org.eclipse.jetty.util.thread.strategy.EatWhatYouKill.doProduce(EatWhatYouKill.java:315) [jetty-util-9.4.54.v20240208.jar:9.4.54.v20240208]
	at org.eclipse.jetty.util.thread.strategy.EatWhatYouKill.tryProduce(EatWhatYouKill.java:173) [jetty-util-9.4.54.v20240208.jar:9.4.54.v20240208]
	at org.eclipse.jetty.util.thread.strategy.EatWhatYouKill.run(EatWhatYouKill.java:131) [jetty-util-9.4.54.v20240208.jar:9.4.54.v20240208]
	at org.eclipse.jetty.util.thread.ReservedThreadExecutor$ReservedThread.run(ReservedThreadExecutor.java:409) [jetty-util-9.4.54.v20240208.jar:9.4.54.v20240208]
	at org.eclipse.jetty.util.thread.QueuedThreadPool.runJob(QueuedThreadPool.java:883) [jetty-util-9.4.54.v20240208.jar:9.4.54.v20240208]
	at org.eclipse.jetty.util.thread.QueuedThreadPool$Runner.run(QueuedThreadPool.java:1034) [jetty-util-9.4.54.v20240208.jar:9.4.54.v20240208]
	at java.lang.Thread.run(Thread.java:840) [?:?]
Caused by: org.hibernate.exception.JDBCConnectionException: Unable to acquire JDBC Connection
	at org.hibernate.exception.internal.SQLExceptionTypeDelegate.convert(SQLExceptionTypeDelegate.java:48) ~[?:?]
	at org.hibernate.exception.internal.StandardSQLExceptionConverter.convert(StandardSQLExceptionConverter.java:37) ~[?:?]
	at org.hibernate.engine.jdbc.spi.SqlExceptionHelper.convert(SqlExceptionHelper.java:113) ~[?:?]
	at org.hibernate.engine.jdbc.spi.SqlExceptionHelper.convert(SqlExceptionHelper.java:99) ~[?:?]
	at org.hibernate.resource.jdbc.internal.LogicalConnectionManagedImpl.acquireConnectionIfNeeded(LogicalConnectionManagedImpl.java:111) ~[?:?]
	at org.hibernate.resource.jdbc.internal.LogicalConnectionManagedImpl.getPhysicalConnection(LogicalConnectionManagedImpl.java:138) ~[?:?]
	at org.hibernate.resource.jdbc.internal.LogicalConnectionManagedImpl.getConnectionForTransactionManagement(LogicalConnectionManagedImpl.java:276) ~[?:?]
	at org.hibernate.resource.jdbc.internal.LogicalConnectionManagedImpl.begin(LogicalConnectionManagedImpl.java:284) ~[?:?]
	at org.hibernate.resource.transaction.backend.jdbc.internal.JdbcResourceLocalTransactionCoordinatorImpl$TransactionDriverControlImpl.begin(JdbcResourceLocalTransactionCoordinatorImpl.java:246) ~[?:?]
	at org.hibernate.engine.transaction.internal.TransactionImpl.begin(TransactionImpl.java:83) ~[?:?]
	at net.corda.ledger.persistence.utxo.impl.UtxoPersistenceServiceImpl.findTransactionsWithStatusCreatedBetweenTime(UtxoPersistenceServiceImpl.kt:1362) ~[?:?]
	at net.corda.ledger.persistence.utxo.impl.request.handlers.UtxoFindTransactionsWithStatusCreatedBetweenTimeRequestHandler.execute(UtxoFindTransactionsWithStatusCreatedBetweenTimeRequestHandler.kt:24) ~[?:?]
	at net.corda.ledger.persistence.processor.LedgerPersistenceRequestProcessor$process$result$1.invoke(LedgerPersistenceRequestProcessor.kt:70) ~[?:?]
	... 53 more
Caused by: java.sql.SQLTransientConnectionException: HikariPool-21 - Connection is not available, request timed out after 30000ms (total=0, active=0, idle=0, waiting=0)
	at com.zaxxer.hikari.pool.HikariPool.createTimeoutException(HikariPool.java:686) ~[?:?]
	at com.zaxxer.hikari.pool.HikariPool.getConnection(HikariPool.java:179) ~[?:?]
	at com.zaxxer.hikari.pool.HikariPool.getConnection(HikariPool.java:144) ~[?:?]
	at com.zaxxer.hikari.HikariDataSource.getConnection(HikariDataSource.java:99) ~[?:?]
	at net.corda.db.core.DataSourceFactoryImpl$HikariDataSourceWrapper.getConnection(DataSourceFactoryImpl.kt) ~[?:?]
	at org.hibernate.engine.jdbc.connections.internal.DatasourceConnectionProviderImpl.getConnection(DatasourceConnectionProviderImpl.java:122) ~[?:?]
	at org.hibernate.internal.NonContextualJdbcConnectionAccess.obtainConnection(NonContextualJdbcConnectionAccess.java:38) ~[?:?]
	at org.hibernate.resource.jdbc.internal.LogicalConnectionManagedImpl.acquireConnectionIfNeeded(LogicalConnectionManagedImpl.java:108) ~[?:?]
	at org.hibernate.resource.jdbc.internal.LogicalConnectionManagedImpl.getPhysicalConnection(LogicalConnectionManagedImpl.java:138) ~[?:?]
	at org.hibernate.resource.jdbc.internal.LogicalConnectionManagedImpl.getConnectionForTransactionManagement(LogicalConnectionManagedImpl.java:276) ~[?:?]
	at org.hibernate.resource.jdbc.internal.LogicalConnectionManagedImpl.begin(LogicalConnectionManagedImpl.java:284) ~[?:?]
	at org.hibernate.resource.transaction.backend.jdbc.internal.JdbcResourceLocalTransactionCoordinatorImpl$TransactionDriverControlImpl.begin(JdbcResourceLocalTransactionCoordinatorImpl.java:246) ~[?:?]
	at org.hibernate.engine.transaction.internal.TransactionImpl.begin(TransactionImpl.java:83) ~[?:?]
	at net.corda.ledger.persistence.utxo.impl.UtxoPersistenceServiceImpl.findTransactionsWithStatusCreatedBetweenTime(UtxoPersistenceServiceImpl.kt:1362) ~[?:?]
	at net.corda.ledger.persistence.utxo.impl.request.handlers.UtxoFindTransactionsWithStatusCreatedBetweenTimeRequestHandler.execute(UtxoFindTransactionsWithStatusCreatedBetweenTimeRequestHandler.kt:24) ~[?:?]
	at net.corda.ledger.persistence.processor.LedgerPersistenceRequestProcessor$process$result$1.invoke(LedgerPersistenceRequestProcessor.kt:70) ~[?:?]
	... 53 more
Caused by: org.postgresql.util.PSQLException: FATAL: remaining connection slots are reserved for non-replication superuser connections
	at org.postgresql.Driver$ConnectThread.getResult(Driver.java:397) ~[?:?]
	at org.postgresql.Driver.connect(Driver.java:305) ~[?:?]
	at java.sql.DriverManager.getConnection(DriverManager.java:681) ~[java.sql:?]
	at java.sql.DriverManager.getConnection(DriverManager.java:229) ~[java.sql:?]
	at org.postgresql.ds.common.BaseDataSource.getConnection(BaseDataSource.java:104) ~[?:?]
	at org.postgresql.ds.common.BaseDataSource.getConnection(BaseDataSource.java:88) ~[?:?]
	at com.zaxxer.hikari.pool.PoolBase.newConnection(PoolBase.java:360) ~[?:?]
	at com.zaxxer.hikari.pool.PoolBase.newPoolEntry(PoolBase.java:202) ~[?:?]
	at com.zaxxer.hikari.pool.HikariPool.createPoolEntry(HikariPool.java:461) ~[?:?]
	at com.zaxxer.hikari.pool.HikariPool$PoolEntryCreator.call(HikariPool.java:724) ~[?:?]
	at com.zaxxer.hikari.pool.HikariPool$PoolEntryCreator.call(HikariPool.java:703) ~[?:?]
	at java.util.concurrent.FutureTask.run(FutureTask.java:264) ~[?:?]
	at java.util.concurrent.ThreadPoolExecutor.runWorker(ThreadPoolExecutor.java:1136) ~[?:?]
	at java.util.concurrent.ThreadPoolExecutor$Worker.run(ThreadPoolExecutor.java:635) ~[?:?]
	... 1 more
2026-03-26 23:58:14.030 [JettyServerThreadPool-15712] WARN  net.corda.messaging.subscription.SyncRPCSubscriptionImpl {spanId=ea89aba90115f51c, traceId=69c5c5939b0f70e386dcd2b9d51083ac, vnode.id=E3193F94C243} - Transient error processing RPC request for Endpoint(methodType=POST, path='/ledger', isApi=true): Transient server exception while processing request 'f1681403-3de5-414e-85b1-eea1734e7b89-iNzKctuAo9jo5bXguJnU/PqTNmHS3yTV+azsIbZKixo=-1'. Cause: Unable to acquire JDBC Connection
net.corda.messaging.api.exception.CordaHTTPServerTransientException: Transient server exception while processing request 'f1681403-3de5-414e-85b1-eea1734e7b89-iNzKctuAo9jo5bXguJnU/PqTNmHS3yTV+azsIbZKixo=-1'. Cause: Unable to acquire JDBC Connection
	at net.corda.persistence.common.ResponseFactoryImpl.errorResponse(ResponseFactoryImpl.kt:60) ~[?:?]
	at net.corda.ledger.persistence.processor.LedgerPersistenceRequestProcessor$process$result$1.invoke(LedgerPersistenceRequestProcessor.kt:82) ~[?:?]
	at net.corda.ledger.persistence.processor.LedgerPersistenceRequestProcessor$process$result$1.invoke(LedgerPersistenceRequestProcessor.kt:52) ~[?:?]
	at net.corda.utilities.LogUtilsKt.withMDC(LogUtils.kt:73) ~[?:?]
	at net.corda.ledger.persistence.processor.LedgerPersistenceRequestProcessor.process(LedgerPersistenceRequestProcessor.kt:52) ~[?:?]
	at net.corda.ledger.persistence.processor.LedgerPersistenceRequestProcessor.process(LedgerPersistenceRequestProcessor.kt:29) ~[?:?]
	at net.corda.messaging.subscription.SyncRPCSubscriptionImpl.registerEndpoint$lambda$1(SyncRPCSubscriptionImpl.kt:92) ~[?:?]
	at net.corda.web.server.JavalinServer.registerEndpointInternal$lambda$15(JavalinServer.kt:150) ~[?:?]
	at io.javalin.core.security.SecurityUtil.noopAccessManager(SecurityUtil.kt:20) ~[?:?]
	at io.javalin.http.JavalinServlet.addHandler$lambda-0(JavalinServlet.kt:96) ~[?:?]
	at io.javalin.http.JavalinServlet$lifecycle$2$1$1.invoke(JavalinServlet.kt:43) ~[?:?]
	at io.javalin.http.JavalinServlet$lifecycle$2$1$1.invoke(JavalinServlet.kt:43) ~[?:?]
	at io.javalin.http.JavalinServletHandler.executeNextTask(JavalinServletHandler.kt:99) ~[?:?]
	at io.javalin.http.JavalinServletHandler.queueNextTaskOrFinish$lambda-1(JavalinServletHandler.kt:85) ~[?:?]
	at java.util.concurrent.CompletableFuture.uniComposeStage(CompletableFuture.java:1187) ~[?:?]
	at java.util.concurrent.CompletableFuture.thenCompose(CompletableFuture.java:2309) ~[?:?]
	at io.javalin.http.JavalinServletHandler.queueNextTaskOrFinish$javalin(JavalinServletHandler.kt:85) ~[?:?]
	at io.javalin.http.JavalinServlet.service(JavalinServlet.kt:89) ~[?:?]
	at javax.servlet.http.HttpServlet.service(HttpServlet.java:790) ~[javax.servlet-api-3.1.0.jar:3.1.0]
	at io.javalin.jetty.JavalinJettyServlet.service(JavalinJettyServlet.kt:58) ~[?:?]
	at javax.servlet.http.HttpServlet.service(HttpServlet.java:790) ~[javax.servlet-api-3.1.0.jar:3.1.0]
	at org.eclipse.jetty.servlet.ServletHolder.handle(ServletHolder.java:799) ~[?:?]
	at org.eclipse.jetty.servlet.ServletHandler$ChainEnd.doFilter(ServletHandler.java:1656) ~[?:?]
	at brave.servlet.TracingFilter.doFilter(TracingFilter.java:89) ~[?:?]
	at org.eclipse.jetty.servlet.FilterHolder.doFilter(FilterHolder.java:193) ~[?:?]
	at org.eclipse.jetty.servlet.ServletHandler$Chain.doFilter(ServletHandler.java:1626) ~[?:?]
	at org.eclipse.jetty.servlet.ServletHandler.doHandle(ServletHandler.java:552) ~[?:?]
	at org.eclipse.jetty.server.handler.ScopedHandler.nextHandle(ScopedHandler.java:233) ~[jetty-server-9.4.54.v20240208.jar:9.4.54.v20240208]
	at org.eclipse.jetty.server.session.SessionHandler.doHandle(SessionHandler.java:1624) ~[jetty-server-9.4.54.v20240208.jar:9.4.54.v20240208]
	at org.eclipse.jetty.server.handler.ScopedHandler.nextHandle(ScopedHandler.java:233) ~[jetty-server-9.4.54.v20240208.jar:9.4.54.v20240208]
	at io.javalin.jetty.JettyServer$start$wsAndHttpHandler$1.doHandle(JettyServer.kt:52) ~[?:?]
	at org.eclipse.jetty.server.handler.ScopedHandler.nextScope(ScopedHandler.java:188) ~[jetty-server-9.4.54.v20240208.jar:9.4.54.v20240208]
	at org.eclipse.jetty.servlet.ServletHandler.doScope(ServletHandler.java:505) ~[?:?]
	at org.eclipse.jetty.server.session.SessionHandler.doScope(SessionHandler.java:1594) ~[jetty-server-9.4.54.v20240208.jar:9.4.54.v20240208]
	at org.eclipse.jetty.server.handler.ScopedHandler.nextScope(ScopedHandler.java:186) ~[jetty-server-9.4.54.v20240208.jar:9.4.54.v20240208]
	at org.eclipse.jetty.server.handler.ContextHandler.doScope(ContextHandler.java:1355) ~[jetty-server-9.4.54.v20240208.jar:9.4.54.v20240208]
	at org.eclipse.jetty.server.handler.ScopedHandler.handle(ScopedHandler.java:141) ~[jetty-server-9.4.54.v20240208.jar:9.4.54.v20240208]
	at org.eclipse.jetty.server.handler.StatisticsHandler.handle(StatisticsHandler.java:181) ~[jetty-server-9.4.54.v20240208.jar:9.4.54.v20240208]
	at org.eclipse.jetty.server.handler.HandlerWrapper.handle(HandlerWrapper.java:127) ~[jetty-server-9.4.54.v20240208.jar:9.4.54.v20240208]
	at org.eclipse.jetty.server.Server.handle(Server.java:516) ~[jetty-server-9.4.54.v20240208.jar:9.4.54.v20240208]
	at org.eclipse.jetty.server.HttpChannel.lambda$handle$1(HttpChannel.java:487) ~[jetty-server-9.4.54.v20240208.jar:9.4.54.v20240208]
	at org.eclipse.jetty.server.HttpChannel.dispatch(HttpChannel.java:732) [jetty-server-9.4.54.v20240208.jar:9.4.54.v20240208]
	at org.eclipse.jetty.server.HttpChannel.handle(HttpChannel.java:479) [jetty-server-9.4.54.v20240208.jar:9.4.54.v20240208]
	at org.eclipse.jetty.server.HttpConnection.onFillable(HttpConnection.java:277) [jetty-server-9.4.54.v20240208.jar:9.4.54.v20240208]
	at org.eclipse.jetty.io.AbstractConnection$ReadCallback.succeeded(AbstractConnection.java:311) [jetty-io-9.4.54.v20240208.jar:9.4.54.v20240208]
	at org.eclipse.jetty.io.FillInterest.fillable(FillInterest.java:105) [jetty-io-9.4.54.v20240208.jar:9.4.54.v20240208]
	at org.eclipse.jetty.io.ChannelEndPoint$1.run(ChannelEndPoint.java:104) [jetty-io-9.4.54.v20240208.jar:9.4.54.v20240208]
	at org.eclipse.jetty.util.thread.strategy.EatWhatYouKill.runTask(EatWhatYouKill.java:338) [jetty-util-9.4.54.v20240208.jar:9.4.54.v20240208]
	at org.eclipse.jetty.util.thread.strategy.EatWhatYouKill.doProduce(EatWhatYouKill.java:315) [jetty-util-9.4.54.v20240208.jar:9.4.54.v20240208]
	at org.eclipse.jetty.util.thread.strategy.EatWhatYouKill.tryProduce(EatWhatYouKill.java:173) [jetty-util-9.4.54.v20240208.jar:9.4.54.v20240208]
	at org.eclipse.jetty.util.thread.strategy.EatWhatYouKill.run(EatWhatYouKill.java:131) [jetty-util-9.4.54.v20240208.jar:9.4.54.v20240208]
	at org.eclipse.jetty.util.thread.ReservedThreadExecutor$ReservedThread.run(ReservedThreadExecutor.java:409) [jetty-util-9.4.54.v20240208.jar:9.4.54.v20240208]
	at org.eclipse.jetty.util.thread.QueuedThreadPool.runJob(QueuedThreadPool.java:883) [jetty-util-9.4.54.v20240208.jar:9.4.54.v20240208]
	at org.eclipse.jetty.util.thread.QueuedThreadPool$Runner.run(QueuedThreadPool.java:1034) [jetty-util-9.4.54.v20240208.jar:9.4.54.v20240208]
	at java.lang.Thread.run(Thread.java:840) [?:?]
Caused by: org.hibernate.exception.JDBCConnectionException: Unable to acquire JDBC Connection
	at org.hibernate.exception.internal.SQLExceptionTypeDelegate.convert(SQLExceptionTypeDelegate.java:48) ~[?:?]
	at org.hibernate.exception.internal.StandardSQLExceptionConverter.convert(StandardSQLExceptionConverter.java:37) ~[?:?]
	at org.hibernate.engine.jdbc.spi.SqlExceptionHelper.convert(SqlExceptionHelper.java:113) ~[?:?]
	at org.hibernate.engine.jdbc.spi.SqlExceptionHelper.convert(SqlExceptionHelper.java:99) ~[?:?]
	at org.hibernate.resource.jdbc.internal.LogicalConnectionManagedImpl.acquireConnectionIfNeeded(LogicalConnectionManagedImpl.java:111) ~[?:?]
	at org.hibernate.resource.jdbc.internal.LogicalConnectionManagedImpl.getPhysicalConnection(LogicalConnectionManagedImpl.java:138) ~[?:?]
	at org.hibernate.resource.jdbc.internal.LogicalConnectionManagedImpl.getConnectionForTransactionManagement(LogicalConnectionManagedImpl.java:276) ~[?:?]
	at org.hibernate.resource.jdbc.internal.LogicalConnectionManagedImpl.begin(LogicalConnectionManagedImpl.java:284) ~[?:?]
	at org.hibernate.resource.transaction.backend.jdbc.internal.JdbcResourceLocalTransactionCoordinatorImpl$TransactionDriverControlImpl.begin(JdbcResourceLocalTransactionCoordinatorImpl.java:246) ~[?:?]
	at org.hibernate.engine.transaction.internal.TransactionImpl.begin(TransactionImpl.java:83) ~[?:?]
	at net.corda.ledger.persistence.utxo.impl.UtxoPersistenceServiceImpl.findTransactionsWithStatusCreatedBetweenTime(UtxoPersistenceServiceImpl.kt:1362) ~[?:?]
	at net.corda.ledger.persistence.utxo.impl.request.handlers.UtxoFindTransactionsWithStatusCreatedBetweenTimeRequestHandler.execute(UtxoFindTransactionsWithStatusCreatedBetweenTimeRequestHandler.kt:24) ~[?:?]
	at net.corda.ledger.persistence.processor.LedgerPersistenceRequestProcessor$process$result$1.invoke(LedgerPersistenceRequestProcessor.kt:70) ~[?:?]
	... 53 more
Caused by: java.sql.SQLTransientConnectionException: HikariPool-22 - Connection is not available, request timed out after 30000ms (total=0, active=0, idle=0, waiting=0)
	at com.zaxxer.hikari.pool.HikariPool.createTimeoutException(HikariPool.java:686) ~[?:?]
	at com.zaxxer.hikari.pool.HikariPool.getConnection(HikariPool.java:179) ~[?:?]
	at com.zaxxer.hikari.pool.HikariPool.getConnection(HikariPool.java:144) ~[?:?]
	at com.zaxxer.hikari.HikariDataSource.getConnection(HikariDataSource.java:99) ~[?:?]
	at net.corda.db.core.DataSourceFactoryImpl$HikariDataSourceWrapper.getConnection(DataSourceFactoryImpl.kt) ~[?:?]
	at org.hibernate.engine.jdbc.connections.internal.DatasourceConnectionProviderImpl.getConnection(DatasourceConnectionProviderImpl.java:122) ~[?:?]
	at org.hibernate.internal.NonContextualJdbcConnectionAccess.obtainConnection(NonContextualJdbcConnectionAccess.java:38) ~[?:?]
	at org.hibernate.resource.jdbc.internal.LogicalConnectionManagedImpl.acquireConnectionIfNeeded(LogicalConnectionManagedImpl.java:108) ~[?:?]
	at org.hibernate.resource.jdbc.internal.LogicalConnectionManagedImpl.getPhysicalConnection(LogicalConnectionManagedImpl.java:138) ~[?:?]
	at org.hibernate.resource.jdbc.internal.LogicalConnectionManagedImpl.getConnectionForTransactionManagement(LogicalConnectionManagedImpl.java:276) ~[?:?]
	at org.hibernate.resource.jdbc.internal.LogicalConnectionManagedImpl.begin(LogicalConnectionManagedImpl.java:284) ~[?:?]
	at org.hibernate.resource.transaction.backend.jdbc.internal.JdbcResourceLocalTransactionCoordinatorImpl$TransactionDriverControlImpl.begin(JdbcResourceLocalTransactionCoordinatorImpl.java:246) ~[?:?]
	at org.hibernate.engine.transaction.internal.TransactionImpl.begin(TransactionImpl.java:83) ~[?:?]
	at net.corda.ledger.persistence.utxo.impl.UtxoPersistenceServiceImpl.findTransactionsWithStatusCreatedBetweenTime(UtxoPersistenceServiceImpl.kt:1362) ~[?:?]
	at net.corda.ledger.persistence.utxo.impl.request.handlers.UtxoFindTransactionsWithStatusCreatedBetweenTimeRequestHandler.execute(UtxoFindTransactionsWithStatusCreatedBetweenTimeRequestHandler.kt:24) ~[?:?]
	at net.corda.ledger.persistence.processor.LedgerPersistenceRequestProcessor$process$result$1.invoke(LedgerPersistenceRequestProcessor.kt:70) ~[?:?]
	... 53 more
Caused by: org.postgresql.util.PSQLException: FATAL: remaining connection slots are reserved for non-replication superuser connections
	at org.postgresql.Driver$ConnectThread.getResult(Driver.java:397) ~[?:?]
	at org.postgresql.Driver.connect(Driver.java:305) ~[?:?]
	at java.sql.DriverManager.getConnection(DriverManager.java:681) ~[java.sql:?]
	at java.sql.DriverManager.getConnection(DriverManager.java:229) ~[java.sql:?]
	at org.postgresql.ds.common.BaseDataSource.getConnection(BaseDataSource.java:104) ~[?:?]
	at org.postgresql.ds.common.BaseDataSource.getConnection(BaseDataSource.java:88) ~[?:?]
	at com.zaxxer.hikari.pool.PoolBase.newConnection(PoolBase.java:360) ~[?:?]
	at com.zaxxer.hikari.pool.PoolBase.newPoolEntry(PoolBase.java:202) ~[?:?]
	at com.zaxxer.hikari.pool.HikariPool.createPoolEntry(HikariPool.java:461) ~[?:?]
	at com.zaxxer.hikari.pool.HikariPool$PoolEntryCreator.call(HikariPool.java:724) ~[?:?]
	at com.zaxxer.hikari.pool.HikariPool$PoolEntryCreator.call(HikariPool.java:703) ~[?:?]
	at java.util.concurrent.FutureTask.run(FutureTask.java:264) ~[?:?]
	at java.util.concurrent.ThreadPoolExecutor.runWorker(ThreadPoolExecutor.java:1136) ~[?:?]
	at java.util.concurrent.ThreadPoolExecutor$Worker.run(ThreadPoolExecutor.java:635) ~[?:?]
	... 1 more
2026-03-26 23:58:27.532 [lifecycle-coordinator-4726] WARN  org.hibernate.engine.jdbc.spi.SqlExceptionHelper {} - SQL Error: 0, SQLState: 53300
2026-03-26 23:58:27.532 [lifecycle-coordinator-4726] ERROR org.hibernate.engine.jdbc.spi.SqlExceptionHelper {} - FATAL: remaining connection slots are reserved for non-replication superuser connections
2026-03-26 23:58:27.532 [lifecycle-coordinator-4726] WARN  net.corda.processors.db.internal.reconcile.db.DbReconcilerReader<net.corda.data.p2p.mtls.MgmAllowedCertificateSubject, net.corda.data.p2p.mtls.MgmAllowedCertificateSubject> {} - Error while retrieving DB records for reconciliation for vNode 524FEE159D0F context
org.hibernate.exception.GenericJDBCException: Unable to acquire JDBC Connection
	at org.hibernate.exception.internal.StandardSQLExceptionConverter.convert(StandardSQLExceptionConverter.java:42) ~[?:?]
	at org.hibernate.engine.jdbc.spi.SqlExceptionHelper.convert(SqlExceptionHelper.java:113) ~[?:?]
	at org.hibernate.engine.jdbc.spi.SqlExceptionHelper.convert(SqlExceptionHelper.java:99) ~[?:?]
	at org.hibernate.resource.jdbc.internal.LogicalConnectionManagedImpl.acquireConnectionIfNeeded(LogicalConnectionManagedImpl.java:111) ~[?:?]
	at org.hibernate.resource.jdbc.internal.LogicalConnectionManagedImpl.getPhysicalConnection(LogicalConnectionManagedImpl.java:138) ~[?:?]
	at org.hibernate.resource.jdbc.internal.LogicalConnectionManagedImpl.getConnectionForTransactionManagement(LogicalConnectionManagedImpl.java:276) ~[?:?]
	at org.hibernate.resource.jdbc.internal.LogicalConnectionManagedImpl.begin(LogicalConnectionManagedImpl.java:284) ~[?:?]
	at org.hibernate.resource.transaction.backend.jdbc.internal.JdbcResourceLocalTransactionCoordinatorImpl$TransactionDriverControlImpl.begin(JdbcResourceLocalTransactionCoordinatorImpl.java:246) ~[?:?]
	at org.hibernate.engine.transaction.internal.TransactionImpl.begin(TransactionImpl.java:83) ~[?:?]
	at net.corda.processors.db.internal.reconcile.db.DbReconcilerReader$getAllVersionedRecords$streamOfStreams$1.invoke(DbReconcilerReader.kt:79) ~[?:?]
	at net.corda.processors.db.internal.reconcile.db.DbReconcilerReader$getAllVersionedRecords$streamOfStreams$1.invoke(DbReconcilerReader.kt:76) ~[?:?]
	at net.corda.processors.db.internal.reconcile.db.DbReconcilerReader.getAllVersionedRecords$lambda$0(DbReconcilerReader.kt:76) ~[?:?]
	at java.util.stream.ReferencePipeline$3$1.accept(ReferencePipeline.java:197) ~[?:?]
	at java.util.stream.ReferencePipeline$3$1.accept(ReferencePipeline.java:197) ~[?:?]
	at java.util.ArrayList$ArrayListSpliterator.forEachRemaining(ArrayList.java:1625) ~[?:?]
	at java.util.stream.AbstractPipeline.copyInto(AbstractPipeline.java:509) ~[?:?]
	at java.util.stream.AbstractPipeline.wrapAndCopyInto(AbstractPipeline.java:499) ~[?:?]
	at java.util.stream.ForEachOps$ForEachOp.evaluateSequential(ForEachOps.java:150) ~[?:?]
	at java.util.stream.ForEachOps$ForEachOp$OfRef.evaluateSequential(ForEachOps.java:173) ~[?:?]
	at java.util.stream.AbstractPipeline.evaluate(AbstractPipeline.java:234) ~[?:?]
	at java.util.stream.ReferencePipeline.forEach(ReferencePipeline.java:596) ~[?:?]
	at net.corda.reconciliation.impl.ReconcilerEventHandler.reconcile$reconciliation_impl(ReconcilerEventHandler.kt:160) ~[?:?]
	at net.corda.reconciliation.impl.ReconcilerEventHandler.reconcileAndScheduleNext(ReconcilerEventHandler.kt:84) ~[?:?]
	at net.corda.reconciliation.impl.ReconcilerEventHandler.processEvent(ReconcilerEventHandler.kt:48) ~[?:?]
	at net.corda.lifecycle.impl.LifecycleProcessor.runUserEventHandler(LifecycleProcessor.kt:241) ~[?:?]
	at net.corda.lifecycle.impl.LifecycleProcessor.processEvent(LifecycleProcessor.kt:93) ~[?:?]
	at net.corda.lifecycle.impl.LifecycleProcessor.processEvents(LifecycleProcessor.kt:64) ~[?:?]
	at net.corda.lifecycle.impl.LifecycleCoordinatorImpl.processEvents(LifecycleCoordinatorImpl.kt:98) ~[?:?]
	at java.util.concurrent.ThreadPoolExecutor.runWorker(ThreadPoolExecutor.java:1136) [?:?]
	at java.util.concurrent.ThreadPoolExecutor$Worker.run(ThreadPoolExecutor.java:635) [?:?]
	at java.lang.Thread.run(Thread.java:840) [?:?]
Caused by: org.postgresql.util.PSQLException: FATAL: remaining connection slots are reserved for non-replication superuser connections
	at org.postgresql.core.v3.QueryExecutorImpl.receiveErrorResponse(QueryExecutorImpl.java:2725) ~[?:?]
	at org.postgresql.core.v3.QueryExecutorImpl.readStartupMessages(QueryExecutorImpl.java:2837) ~[?:?]
	at org.postgresql.core.v3.QueryExecutorImpl.<init>(QueryExecutorImpl.java:175) ~[?:?]
	at org.postgresql.core.v3.ConnectionFactoryImpl.openConnectionImpl(ConnectionFactoryImpl.java:317) ~[?:?]
	at org.postgresql.core.ConnectionFactory.openConnection(ConnectionFactory.java:54) ~[?:?]
	at org.postgresql.jdbc.PgConnection.<init>(PgConnection.java:273) ~[?:?]
	at org.postgresql.Driver.makeConnection(Driver.java:446) ~[?:?]
	at org.postgresql.Driver.connect(Driver.java:298) ~[?:?]
	at java.sql.DriverManager.getConnection(DriverManager.java:681) ~[java.sql:?]
	at java.sql.DriverManager.getConnection(DriverManager.java:229) ~[java.sql:?]
	at org.postgresql.ds.common.BaseDataSource.getConnection(BaseDataSource.java:104) ~[?:?]
	at org.postgresql.ds.common.BaseDataSource.getConnection(BaseDataSource.java:88) ~[?:?]
	at net.corda.db.core.DataSourceFactoryImpl$DataSourceWrapper.getConnection(DataSourceFactoryImpl.kt:71) ~[?:?]
	at org.hibernate.engine.jdbc.connections.internal.DatasourceConnectionProviderImpl.getConnection(DatasourceConnectionProviderImpl.java:122) ~[?:?]
	at org.hibernate.internal.NonContextualJdbcConnectionAccess.obtainConnection(NonContextualJdbcConnectionAccess.java:38) ~[?:?]
	at org.hibernate.resource.jdbc.internal.LogicalConnectionManagedImpl.acquireConnectionIfNeeded(LogicalConnectionManagedImpl.java:108) ~[?:?]
	... 27 more
2026-03-26 23:58:27.545 [lifecycle-coordinator-4726] WARN  org.hibernate.engine.jdbc.spi.SqlExceptionHelper {} - SQL Error: 0, SQLState: 53300
2026-03-26 23:58:27.545 [lifecycle-coordinator-4726] ERROR org.hibernate.engine.jdbc.spi.SqlExceptionHelper {} - FATAL: remaining connection slots are reserved for non-replication superuser connections
2026-03-26 23:58:27.545 [lifecycle-coordinator-4726] WARN  net.corda.processors.db.internal.reconcile.db.DbReconcilerReader<net.corda.data.p2p.mtls.MgmAllowedCertificateSubject, net.corda.data.p2p.mtls.MgmAllowedCertificateSubject> {} - Error while retrieving DB records for reconciliation for vNode 4B8CEF212833 context
org.hibernate.exception.GenericJDBCException: Unable to acquire JDBC Connection
	at org.hibernate.exception.internal.StandardSQLExceptionConverter.convert(StandardSQLExceptionConverter.java:42) ~[?:?]
	at org.hibernate.engine.jdbc.spi.SqlExceptionHelper.convert(SqlExceptionHelper.java:113) ~[?:?]
	at org.hibernate.engine.jdbc.spi.SqlExceptionHelper.convert(SqlExceptionHelper.java:99) ~[?:?]
	at org.hibernate.resource.jdbc.internal.LogicalConnectionManagedImpl.acquireConnectionIfNeeded(LogicalConnectionManagedImpl.java:111) ~[?:?]
	at org.hibernate.resource.jdbc.internal.LogicalConnectionManagedImpl.getPhysicalConnection(LogicalConnectionManagedImpl.java:138) ~[?:?]
	at org.hibernate.resource.jdbc.internal.LogicalConnectionManagedImpl.getConnectionForTransactionManagement(LogicalConnectionManagedImpl.java:276) ~[?:?]
	at org.hibernate.resource.jdbc.internal.LogicalConnectionManagedImpl.begin(LogicalConnectionManagedImpl.java:284) ~[?:?]
	at org.hibernate.resource.transaction.backend.jdbc.internal.JdbcResourceLocalTransactionCoordinatorImpl$TransactionDriverControlImpl.begin(JdbcResourceLocalTransactionCoordinatorImpl.java:246) ~[?:?]
	at org.hibernate.engine.transaction.internal.TransactionImpl.begin(TransactionImpl.java:83) ~[?:?]
	at net.corda.processors.db.internal.reconcile.db.DbReconcilerReader$getAllVersionedRecords$streamOfStreams$1.invoke(DbReconcilerReader.kt:79) ~[?:?]
	at net.corda.processors.db.internal.reconcile.db.DbReconcilerReader$getAllVersionedRecords$streamOfStreams$1.invoke(DbReconcilerReader.kt:76) ~[?:?]
	at net.corda.processors.db.internal.reconcile.db.DbReconcilerReader.getAllVersionedRecords$lambda$0(DbReconcilerReader.kt:76) ~[?:?]
	at java.util.stream.ReferencePipeline$3$1.accept(ReferencePipeline.java:197) ~[?:?]
	at java.util.stream.ReferencePipeline$3$1.accept(ReferencePipeline.java:197) ~[?:?]
	at java.util.ArrayList$ArrayListSpliterator.forEachRemaining(ArrayList.java:1625) ~[?:?]
	at java.util.stream.AbstractPipeline.copyInto(AbstractPipeline.java:509) ~[?:?]
	at java.util.stream.AbstractPipeline.wrapAndCopyInto(AbstractPipeline.java:499) ~[?:?]
	at java.util.stream.ForEachOps$ForEachOp.evaluateSequential(ForEachOps.java:150) ~[?:?]
	at java.util.stream.ForEachOps$ForEachOp$OfRef.evaluateSequential(ForEachOps.java:173) ~[?:?]
	at java.util.stream.AbstractPipeline.evaluate(AbstractPipeline.java:234) ~[?:?]
	at java.util.stream.ReferencePipeline.forEach(ReferencePipeline.java:596) ~[?:?]
	at net.corda.reconciliation.impl.ReconcilerEventHandler.reconcile$reconciliation_impl(ReconcilerEventHandler.kt:160) ~[?:?]
	at net.corda.reconciliation.impl.ReconcilerEventHandler.reconcileAndScheduleNext(ReconcilerEventHandler.kt:84) ~[?:?]
	at net.corda.reconciliation.impl.ReconcilerEventHandler.processEvent(ReconcilerEventHandler.kt:48) ~[?:?]
	at net.corda.lifecycle.impl.LifecycleProcessor.runUserEventHandler(LifecycleProcessor.kt:241) ~[?:?]
	at net.corda.lifecycle.impl.LifecycleProcessor.processEvent(LifecycleProcessor.kt:93) ~[?:?]
	at net.corda.lifecycle.impl.LifecycleProcessor.processEvents(LifecycleProcessor.kt:64) ~[?:?]
	at net.corda.lifecycle.impl.LifecycleCoordinatorImpl.processEvents(LifecycleCoordinatorImpl.kt:98) ~[?:?]
	at java.util.concurrent.ThreadPoolExecutor.runWorker(ThreadPoolExecutor.java:1136) [?:?]
	at java.util.concurrent.ThreadPoolExecutor$Worker.run(ThreadPoolExecutor.java:635) [?:?]
	at java.lang.Thread.run(Thread.java:840) [?:?]
Caused by: org.postgresql.util.PSQLException: FATAL: remaining connection slots are reserved for non-replication superuser connections
	at org.postgresql.core.v3.QueryExecutorImpl.receiveErrorResponse(QueryExecutorImpl.java:2725) ~[?:?]
	at org.postgresql.core.v3.QueryExecutorImpl.readStartupMessages(QueryExecutorImpl.java:2837) ~[?:?]
	at org.postgresql.core.v3.QueryExecutorImpl.<init>(QueryExecutorImpl.java:175) ~[?:?]
	at org.postgresql.core.v3.ConnectionFactoryImpl.openConnectionImpl(ConnectionFactoryImpl.java:317) ~[?:?]
	at org.postgresql.core.ConnectionFactory.openConnection(ConnectionFactory.java:54) ~[?:?]
	at org.postgresql.jdbc.PgConnection.<init>(PgConnection.java:273) ~[?:?]
	at org.postgresql.Driver.makeConnection(Driver.java:446) ~[?:?]
	at org.postgresql.Driver.connect(Driver.java:298) ~[?:?]
	at java.sql.DriverManager.getConnection(DriverManager.java:681) ~[java.sql:?]
	at java.sql.DriverManager.getConnection(DriverManager.java:229) ~[java.sql:?]
	at org.postgresql.ds.common.BaseDataSource.getConnection(BaseDataSource.java:104) ~[?:?]
	at org.postgresql.ds.common.BaseDataSource.getConnection(BaseDataSource.java:88) ~[?:?]
	at net.corda.db.core.DataSourceFactoryImpl$DataSourceWrapper.getConnection(DataSourceFactoryImpl.kt:71) ~[?:?]
	at org.hibernate.engine.jdbc.connections.internal.DatasourceConnectionProviderImpl.getConnection(DatasourceConnectionProviderImpl.java:122) ~[?:?]
	at org.hibernate.internal.NonContextualJdbcConnectionAccess.obtainConnection(NonContextualJdbcConnectionAccess.java:38) ~[?:?]
	at org.hibernate.resource.jdbc.internal.LogicalConnectionManagedImpl.acquireConnectionIfNeeded(LogicalConnectionManagedImpl.java:108) ~[?:?]
	... 27 more
2026-03-26 23:58:27.558 [lifecycle-coordinator-4726] WARN  org.hibernate.engine.jdbc.spi.SqlExceptionHelper {} - SQL Error: 0, SQLState: 53300
2026-03-26 23:58:27.558 [lifecycle-coordinator-4726] ERROR org.hibernate.engine.jdbc.spi.SqlExceptionHelper {} - FATAL: remaining connection slots are reserved for non-replication superuser connections
2026-03-26 23:58:27.558 [lifecycle-coordinator-4726] WARN  net.corda.processors.db.internal.reconcile.db.DbReconcilerReader<net.corda.data.p2p.mtls.MgmAllowedCertificateSubject, net.corda.data.p2p.mtls.MgmAllowedCertificateSubject> {} - Error while retrieving DB records for reconciliation for vNode 7BB3E95CF268 context
org.hibernate.exception.GenericJDBCException: Unable to acquire JDBC Connection
	at org.hibernate.exception.internal.StandardSQLExceptionConverter.convert(StandardSQLExceptionConverter.java:42) ~[?:?]
	at org.hibernate.engine.jdbc.spi.SqlExceptionHelper.convert(SqlExceptionHelper.java:113) ~[?:?]
	at org.hibernate.engine.jdbc.spi.SqlExceptionHelper.convert(SqlExceptionHelper.java:99) ~[?:?]
	at org.hibernate.resource.jdbc.internal.LogicalConnectionManagedImpl.acquireConnectionIfNeeded(LogicalConnectionManagedImpl.java:111) ~[?:?]
	at org.hibernate.resource.jdbc.internal.LogicalConnectionManagedImpl.getPhysicalConnection(LogicalConnectionManagedImpl.java:138) ~[?:?]
	at org.hibernate.resource.jdbc.internal.LogicalConnectionManagedImpl.getConnectionForTransactionManagement(LogicalConnectionManagedImpl.java:276) ~[?:?]
	at org.hibernate.resource.jdbc.internal.LogicalConnectionManagedImpl.begin(LogicalConnectionManagedImpl.java:284) ~[?:?]
	at org.hibernate.resource.transaction.backend.jdbc.internal.JdbcResourceLocalTransactionCoordinatorImpl$TransactionDriverControlImpl.begin(JdbcResourceLocalTransactionCoordinatorImpl.java:246) ~[?:?]
	at org.hibernate.engine.transaction.internal.TransactionImpl.begin(TransactionImpl.java:83) ~[?:?]
	at net.corda.processors.db.internal.reconcile.db.DbReconcilerReader$getAllVersionedRecords$streamOfStreams$1.invoke(DbReconcilerReader.kt:79) ~[?:?]
	at net.corda.processors.db.internal.reconcile.db.DbReconcilerReader$getAllVersionedRecords$streamOfStreams$1.invoke(DbReconcilerReader.kt:76) ~[?:?]
	at net.corda.processors.db.internal.reconcile.db.DbReconcilerReader.getAllVersionedRecords$lambda$0(DbReconcilerReader.kt:76) ~[?:?]
	at java.util.stream.ReferencePipeline$3$1.accept(ReferencePipeline.java:197) ~[?:?]
	at java.util.stream.ReferencePipeline$3$1.accept(ReferencePipeline.java:197) ~[?:?]
	at java.util.ArrayList$ArrayListSpliterator.forEachRemaining(ArrayList.java:1625) ~[?:?]
	at java.util.stream.AbstractPipeline.copyInto(AbstractPipeline.java:509) ~[?:?]
	at java.util.stream.AbstractPipeline.wrapAndCopyInto(AbstractPipeline.java:499) ~[?:?]
	at java.util.stream.ForEachOps$ForEachOp.evaluateSequential(ForEachOps.java:150) ~[?:?]
	at java.util.stream.ForEachOps$ForEachOp$OfRef.evaluateSequential(ForEachOps.java:173) ~[?:?]
	at java.util.stream.AbstractPipeline.evaluate(AbstractPipeline.java:234) ~[?:?]
	at java.util.stream.ReferencePipeline.forEach(ReferencePipeline.java:596) ~[?:?]
	at net.corda.reconciliation.impl.ReconcilerEventHandler.reconcile$reconciliation_impl(ReconcilerEventHandler.kt:160) ~[?:?]
	at net.corda.reconciliation.impl.ReconcilerEventHandler.reconcileAndScheduleNext(ReconcilerEventHandler.kt:84) ~[?:?]
	at net.corda.reconciliation.impl.ReconcilerEventHandler.processEvent(ReconcilerEventHandler.kt:48) ~[?:?]
	at net.corda.lifecycle.impl.LifecycleProcessor.runUserEventHandler(LifecycleProcessor.kt:241) ~[?:?]
	at net.corda.lifecycle.impl.LifecycleProcessor.processEvent(LifecycleProcessor.kt:93) ~[?:?]
	at net.corda.lifecycle.impl.LifecycleProcessor.processEvents(LifecycleProcessor.kt:64) ~[?:?]
	at net.corda.lifecycle.impl.LifecycleCoordinatorImpl.processEvents(LifecycleCoordinatorImpl.kt:98) ~[?:?]
	at java.util.concurrent.ThreadPoolExecutor.runWorker(ThreadPoolExecutor.java:1136) [?:?]
	at java.util.concurrent.ThreadPoolExecutor$Worker.run(ThreadPoolExecutor.java:635) [?:?]
	at java.lang.Thread.run(Thread.java:840) [?:?]
Caused by: org.postgresql.util.PSQLException: FATAL: remaining connection slots are reserved for non-replication superuser connections
	at org.postgresql.core.v3.QueryExecutorImpl.receiveErrorResponse(QueryExecutorImpl.java:2725) ~[?:?]
	at org.postgresql.core.v3.QueryExecutorImpl.readStartupMessages(QueryExecutorImpl.java:2837) ~[?:?]
	at org.postgresql.core.v3.QueryExecutorImpl.<init>(QueryExecutorImpl.java:175) ~[?:?]
	at org.postgresql.core.v3.ConnectionFactoryImpl.openConnectionImpl(ConnectionFactoryImpl.java:317) ~[?:?]
	at org.postgresql.core.ConnectionFactory.openConnection(ConnectionFactory.java:54) ~[?:?]
	at org.postgresql.jdbc.PgConnection.<init>(PgConnection.java:273) ~[?:?]
	at org.postgresql.Driver.makeConnection(Driver.java:446) ~[?:?]
	at org.postgresql.Driver.connect(Driver.java:298) ~[?:?]
	at java.sql.DriverManager.getConnection(DriverManager.java:681) ~[java.sql:?]
	at java.sql.DriverManager.getConnection(DriverManager.java:229) ~[java.sql:?]
	at org.postgresql.ds.common.BaseDataSource.getConnection(BaseDataSource.java:104) ~[?:?]
	at org.postgresql.ds.common.BaseDataSource.getConnection(BaseDataSource.java:88) ~[?:?]
	at net.corda.db.core.DataSourceFactoryImpl$DataSourceWrapper.getConnection(DataSourceFactoryImpl.kt:71) ~[?:?]
	at org.hibernate.engine.jdbc.connections.internal.DatasourceConnectionProviderImpl.getConnection(DatasourceConnectionProviderImpl.java:122) ~[?:?]
	at org.hibernate.internal.NonContextualJdbcConnectionAccess.obtainConnection(NonContextualJdbcConnectionAccess.java:38) ~[?:?]
	at org.hibernate.resource.jdbc.internal.LogicalConnectionManagedImpl.acquireConnectionIfNeeded(LogicalConnectionManagedImpl.java:108) ~[?:?]
	... 27 more
2026-03-26 23:58:27.567 [lifecycle-coordinator-4726] WARN  org.hibernate.engine.jdbc.spi.SqlExceptionHelper {} - SQL Error: 0, SQLState: 53300
2026-03-26 23:58:27.567 [lifecycle-coordinator-4726] ERROR org.hibernate.engine.jdbc.spi.SqlExceptionHelper {} - FATAL: remaining connection slots are reserved for non-replication superuser connections
2026-03-26 23:58:27.567 [lifecycle-coordinator-4726] WARN  net.corda.processors.db.internal.reconcile.db.DbReconcilerReader<net.corda.data.p2p.mtls.MgmAllowedCertificateSubject, net.corda.data.p2p.mtls.MgmAllowedCertificateSubject> {} - Error while retrieving DB records for reconciliation for vNode E3193F94C243 context
org.hibernate.exception.GenericJDBCException: Unable to acquire JDBC Connection
	at org.hibernate.exception.internal.StandardSQLExceptionConverter.convert(StandardSQLExceptionConverter.java:42) ~[?:?]
	at org.hibernate.engine.jdbc.spi.SqlExceptionHelper.convert(SqlExceptionHelper.java:113) ~[?:?]
	at org.hibernate.engine.jdbc.spi.SqlExceptionHelper.convert(SqlExceptionHelper.java:99) ~[?:?]
	at org.hibernate.resource.jdbc.internal.LogicalConnectionManagedImpl.acquireConnectionIfNeeded(LogicalConnectionManagedImpl.java:111) ~[?:?]
	at org.hibernate.resource.jdbc.internal.LogicalConnectionManagedImpl.getPhysicalConnection(LogicalConnectionManagedImpl.java:138) ~[?:?]
	at org.hibernate.resource.jdbc.internal.LogicalConnectionManagedImpl.getConnectionForTransactionManagement(LogicalConnectionManagedImpl.java:276) ~[?:?]
	at org.hibernate.resource.jdbc.internal.LogicalConnectionManagedImpl.begin(LogicalConnectionManagedImpl.java:284) ~[?:?]
	at org.hibernate.resource.transaction.backend.jdbc.internal.JdbcResourceLocalTransactionCoordinatorImpl$TransactionDriverControlImpl.begin(JdbcResourceLocalTransactionCoordinatorImpl.java:246) ~[?:?]
	at org.hibernate.engine.transaction.internal.TransactionImpl.begin(TransactionImpl.java:83) ~[?:?]
	at net.corda.processors.db.internal.reconcile.db.DbReconcilerReader$getAllVersionedRecords$streamOfStreams$1.invoke(DbReconcilerReader.kt:79) ~[?:?]
	at net.corda.processors.db.internal.reconcile.db.DbReconcilerReader$getAllVersionedRecords$streamOfStreams$1.invoke(DbReconcilerReader.kt:76) ~[?:?]
	at net.corda.processors.db.internal.reconcile.db.DbReconcilerReader.getAllVersionedRecords$lambda$0(DbReconcilerReader.kt:76) ~[?:?]
	at java.util.stream.ReferencePipeline$3$1.accept(ReferencePipeline.java:197) ~[?:?]
	at java.util.stream.ReferencePipeline$3$1.accept(ReferencePipeline.java:197) ~[?:?]
	at java.util.ArrayList$ArrayListSpliterator.forEachRemaining(ArrayList.java:1625) ~[?:?]
	at java.util.stream.AbstractPipeline.copyInto(AbstractPipeline.java:509) ~[?:?]
	at java.util.stream.AbstractPipeline.wrapAndCopyInto(AbstractPipeline.java:499) ~[?:?]
	at java.util.stream.ForEachOps$ForEachOp.evaluateSequential(ForEachOps.java:150) ~[?:?]
	at java.util.stream.ForEachOps$ForEachOp$OfRef.evaluateSequential(ForEachOps.java:173) ~[?:?]
	at java.util.stream.AbstractPipeline.evaluate(AbstractPipeline.java:234) ~[?:?]
	at java.util.stream.ReferencePipeline.forEach(ReferencePipeline.java:596) ~[?:?]
	at net.corda.reconciliation.impl.ReconcilerEventHandler.reconcile$reconciliation_impl(ReconcilerEventHandler.kt:160) ~[?:?]
	at net.corda.reconciliation.impl.ReconcilerEventHandler.reconcileAndScheduleNext(ReconcilerEventHandler.kt:84) ~[?:?]
	at net.corda.reconciliation.impl.ReconcilerEventHandler.processEvent(ReconcilerEventHandler.kt:48) ~[?:?]
	at net.corda.lifecycle.impl.LifecycleProcessor.runUserEventHandler(LifecycleProcessor.kt:241) ~[?:?]
	at net.corda.lifecycle.impl.LifecycleProcessor.processEvent(LifecycleProcessor.kt:93) ~[?:?]
	at net.corda.lifecycle.impl.LifecycleProcessor.processEvents(LifecycleProcessor.kt:64) ~[?:?]
	at net.corda.lifecycle.impl.LifecycleCoordinatorImpl.processEvents(LifecycleCoordinatorImpl.kt:98) ~[?:?]
	at java.util.concurrent.ThreadPoolExecutor.runWorker(ThreadPoolExecutor.java:1136) [?:?]
	at java.util.concurrent.ThreadPoolExecutor$Worker.run(ThreadPoolExecutor.java:635) [?:?]
	at java.lang.Thread.run(Thread.java:840) [?:?]
Caused by: org.postgresql.util.PSQLException: FATAL: remaining connection slots are reserved for non-replication superuser connections
	at org.postgresql.core.v3.QueryExecutorImpl.receiveErrorResponse(QueryExecutorImpl.java:2725) ~[?:?]
	at org.postgresql.core.v3.QueryExecutorImpl.readStartupMessages(QueryExecutorImpl.java:2837) ~[?:?]
	at org.postgresql.core.v3.QueryExecutorImpl.<init>(QueryExecutorImpl.java:175) ~[?:?]
	at org.postgresql.core.v3.ConnectionFactoryImpl.openConnectionImpl(ConnectionFactoryImpl.java:317) ~[?:?]
	at org.postgresql.core.ConnectionFactory.openConnection(ConnectionFactory.java:54) ~[?:?]
	at org.postgresql.jdbc.PgConnection.<init>(PgConnection.java:273) ~[?:?]
	at org.postgresql.Driver.makeConnection(Driver.java:446) ~[?:?]
	at org.postgresql.Driver.connect(Driver.java:298) ~[?:?]
	at java.sql.DriverManager.getConnection(DriverManager.java:681) ~[java.sql:?]
	at java.sql.DriverManager.getConnection(DriverManager.java:229) ~[java.sql:?]
	at org.postgresql.ds.common.BaseDataSource.getConnection(BaseDataSource.java:104) ~[?:?]
	at org.postgresql.ds.common.BaseDataSource.getConnection(BaseDataSource.java:88) ~[?:?]
	at net.corda.db.core.DataSourceFactoryImpl$DataSourceWrapper.getConnection(DataSourceFactoryImpl.kt:71) ~[?:?]
	at org.hibernate.engine.jdbc.connections.internal.DatasourceConnectionProviderImpl.getConnection(DatasourceConnectionProviderImpl.java:122) ~[?:?]
	at org.hibernate.internal.NonContextualJdbcConnectionAccess.obtainConnection(NonContextualJdbcConnectionAccess.java:38) ~[?:?]
	at org.hibernate.resource.jdbc.internal.LogicalConnectionManagedImpl.acquireConnectionIfNeeded(LogicalConnectionManagedImpl.java:108) ~[?:?]
	... 27 more
2026-03-26 23:58:27.768 [lifecycle-coordinator-4724] WARN  org.hibernate.engine.jdbc.spi.SqlExceptionHelper {} - SQL Error: 0, SQLState: 53300
2026-03-26 23:58:27.768 [lifecycle-coordinator-4724] ERROR org.hibernate.engine.jdbc.spi.SqlExceptionHelper {} - FATAL: remaining connection slots are reserved for non-replication superuser connections
2026-03-26 23:58:27.768 [lifecycle-coordinator-4724] WARN  net.corda.processors.db.internal.reconcile.db.DbReconcilerReader<java.lang.String, net.corda.data.membership.PersistentMemberInfo> {} - Error while retrieving DB records for reconciliation for vNode 524FEE159D0F context
org.hibernate.exception.GenericJDBCException: Unable to acquire JDBC Connection
	at org.hibernate.exception.internal.StandardSQLExceptionConverter.convert(StandardSQLExceptionConverter.java:42) ~[?:?]
	at org.hibernate.engine.jdbc.spi.SqlExceptionHelper.convert(SqlExceptionHelper.java:113) ~[?:?]
	at org.hibernate.engine.jdbc.spi.SqlExceptionHelper.convert(SqlExceptionHelper.java:99) ~[?:?]
	at org.hibernate.resource.jdbc.internal.LogicalConnectionManagedImpl.acquireConnectionIfNeeded(LogicalConnectionManagedImpl.java:111) ~[?:?]
	at org.hibernate.resource.jdbc.internal.LogicalConnectionManagedImpl.getPhysicalConnection(LogicalConnectionManagedImpl.java:138) ~[?:?]
	at org.hibernate.resource.jdbc.internal.LogicalConnectionManagedImpl.getConnectionForTransactionManagement(LogicalConnectionManagedImpl.java:276) ~[?:?]
	at org.hibernate.resource.jdbc.internal.LogicalConnectionManagedImpl.begin(LogicalConnectionManagedImpl.java:284) ~[?:?]
	at org.hibernate.resource.transaction.backend.jdbc.internal.JdbcResourceLocalTransactionCoordinatorImpl$TransactionDriverControlImpl.begin(JdbcResourceLocalTransactionCoordinatorImpl.java:246) ~[?:?]
	at org.hibernate.engine.transaction.internal.TransactionImpl.begin(TransactionImpl.java:83) ~[?:?]
	at net.corda.processors.db.internal.reconcile.db.DbReconcilerReader$getAllVersionedRecords$streamOfStreams$1.invoke(DbReconcilerReader.kt:79) ~[?:?]
	at net.corda.processors.db.internal.reconcile.db.DbReconcilerReader$getAllVersionedRecords$streamOfStreams$1.invoke(DbReconcilerReader.kt:76) ~[?:?]
	at net.corda.processors.db.internal.reconcile.db.DbReconcilerReader.getAllVersionedRecords$lambda$0(DbReconcilerReader.kt:76) ~[?:?]
	at java.util.stream.ReferencePipeline$3$1.accept(ReferencePipeline.java:197) ~[?:?]
	at java.util.stream.ReferencePipeline$3$1.accept(ReferencePipeline.java:197) ~[?:?]
	at java.util.ArrayList$ArrayListSpliterator.forEachRemaining(ArrayList.java:1625) ~[?:?]
	at java.util.stream.AbstractPipeline.copyInto(AbstractPipeline.java:509) ~[?:?]
	at java.util.stream.AbstractPipeline.wrapAndCopyInto(AbstractPipeline.java:499) ~[?:?]
	at java.util.stream.ForEachOps$ForEachOp.evaluateSequential(ForEachOps.java:150) ~[?:?]
	at java.util.stream.ForEachOps$ForEachOp$OfRef.evaluateSequential(ForEachOps.java:173) ~[?:?]
	at java.util.stream.AbstractPipeline.evaluate(AbstractPipeline.java:234) ~[?:?]
	at java.util.stream.ReferencePipeline.forEach(ReferencePipeline.java:596) ~[?:?]
	at net.corda.reconciliation.impl.ReconcilerEventHandler.reconcile$reconciliation_impl(ReconcilerEventHandler.kt:160) ~[?:?]
	at net.corda.reconciliation.impl.ReconcilerEventHandler.reconcileAndScheduleNext(ReconcilerEventHandler.kt:84) ~[?:?]
	at net.corda.reconciliation.impl.ReconcilerEventHandler.processEvent(ReconcilerEventHandler.kt:48) ~[?:?]
	at net.corda.lifecycle.impl.LifecycleProcessor.runUserEventHandler(LifecycleProcessor.kt:241) ~[?:?]
	at net.corda.lifecycle.impl.LifecycleProcessor.processEvent(LifecycleProcessor.kt:93) ~[?:?]
	at net.corda.lifecycle.impl.LifecycleProcessor.processEvents(LifecycleProcessor.kt:64) ~[?:?]
	at net.corda.lifecycle.impl.LifecycleCoordinatorImpl.processEvents(LifecycleCoordinatorImpl.kt:98) ~[?:?]
	at java.util.concurrent.ThreadPoolExecutor.runWorker(ThreadPoolExecutor.java:1136) [?:?]
	at java.util.concurrent.ThreadPoolExecutor$Worker.run(ThreadPoolExecutor.java:635) [?:?]
	at java.lang.Thread.run(Thread.java:840) [?:?]
Caused by: org.postgresql.util.PSQLException: FATAL: remaining connection slots are reserved for non-replication superuser connections
	at org.postgresql.core.v3.QueryExecutorImpl.receiveErrorResponse(QueryExecutorImpl.java:2725) ~[?:?]
	at org.postgresql.core.v3.QueryExecutorImpl.readStartupMessages(QueryExecutorImpl.java:2837) ~[?:?]
	at org.postgresql.core.v3.QueryExecutorImpl.<init>(QueryExecutorImpl.java:175) ~[?:?]
	at org.postgresql.core.v3.ConnectionFactoryImpl.openConnectionImpl(ConnectionFactoryImpl.java:317) ~[?:?]
	at org.postgresql.core.ConnectionFactory.openConnection(ConnectionFactory.java:54) ~[?:?]
	at org.postgresql.jdbc.PgConnection.<init>(PgConnection.java:273) ~[?:?]
	at org.postgresql.Driver.makeConnection(Driver.java:446) ~[?:?]
	at org.postgresql.Driver.connect(Driver.java:298) ~[?:?]
	at java.sql.DriverManager.getConnection(DriverManager.java:681) ~[java.sql:?]
	at java.sql.DriverManager.getConnection(DriverManager.java:229) ~[java.sql:?]
	at org.postgresql.ds.common.BaseDataSource.getConnection(BaseDataSource.java:104) ~[?:?]
	at org.postgresql.ds.common.BaseDataSource.getConnection(BaseDataSource.java:88) ~[?:?]
	at net.corda.db.core.DataSourceFactoryImpl$DataSourceWrapper.getConnection(DataSourceFactoryImpl.kt:71) ~[?:?]
	at org.hibernate.engine.jdbc.connections.internal.DatasourceConnectionProviderImpl.getConnection(DatasourceConnectionProviderImpl.java:122) ~[?:?]
	at org.hibernate.internal.NonContextualJdbcConnectionAccess.obtainConnection(NonContextualJdbcConnectionAccess.java:38) ~[?:?]
	at org.hibernate.resource.jdbc.internal.LogicalConnectionManagedImpl.acquireConnectionIfNeeded(LogicalConnectionManagedImpl.java:108) ~[?:?]
	... 27 more
2026-03-26 23:58:27.783 [lifecycle-coordinator-4724] WARN  org.hibernate.engine.jdbc.spi.SqlExceptionHelper {} - SQL Error: 0, SQLState: 53300
2026-03-26 23:58:27.783 [lifecycle-coordinator-4724] ERROR org.hibernate.engine.jdbc.spi.SqlExceptionHelper {} - FATAL: remaining connection slots are reserved for non-replication superuser connections
2026-03-26 23:58:27.783 [lifecycle-coordinator-4724] WARN  net.corda.processors.db.internal.reconcile.db.DbReconcilerReader<java.lang.String, net.corda.data.membership.PersistentMemberInfo> {} - Error while retrieving DB records for reconciliation for vNode 4B8CEF212833 context
org.hibernate.exception.GenericJDBCException: Unable to acquire JDBC Connection
	at org.hibernate.exception.internal.StandardSQLExceptionConverter.convert(StandardSQLExceptionConverter.java:42) ~[?:?]
	at org.hibernate.engine.jdbc.spi.SqlExceptionHelper.convert(SqlExceptionHelper.java:113) ~[?:?]
	at org.hibernate.engine.jdbc.spi.SqlExceptionHelper.convert(SqlExceptionHelper.java:99) ~[?:?]
	at org.hibernate.resource.jdbc.internal.LogicalConnectionManagedImpl.acquireConnectionIfNeeded(LogicalConnectionManagedImpl.java:111) ~[?:?]
	at org.hibernate.resource.jdbc.internal.LogicalConnectionManagedImpl.getPhysicalConnection(LogicalConnectionManagedImpl.java:138) ~[?:?]
	at org.hibernate.resource.jdbc.internal.LogicalConnectionManagedImpl.getConnectionForTransactionManagement(LogicalConnectionManagedImpl.java:276) ~[?:?]
	at org.hibernate.resource.jdbc.internal.LogicalConnectionManagedImpl.begin(LogicalConnectionManagedImpl.java:284) ~[?:?]
	at org.hibernate.resource.transaction.backend.jdbc.internal.JdbcResourceLocalTransactionCoordinatorImpl$TransactionDriverControlImpl.begin(JdbcResourceLocalTransactionCoordinatorImpl.java:246) ~[?:?]
	at org.hibernate.engine.transaction.internal.TransactionImpl.begin(TransactionImpl.java:83) ~[?:?]
	at net.corda.processors.db.internal.reconcile.db.DbReconcilerReader$getAllVersionedRecords$streamOfStreams$1.invoke(DbReconcilerReader.kt:79) ~[?:?]
	at net.corda.processors.db.internal.reconcile.db.DbReconcilerReader$getAllVersionedRecords$streamOfStreams$1.invoke(DbReconcilerReader.kt:76) ~[?:?]
	at net.corda.processors.db.internal.reconcile.db.DbReconcilerReader.getAllVersionedRecords$lambda$0(DbReconcilerReader.kt:76) ~[?:?]
	at java.util.stream.ReferencePipeline$3$1.accept(ReferencePipeline.java:197) ~[?:?]
	at java.util.stream.ReferencePipeline$3$1.accept(ReferencePipeline.java:197) ~[?:?]
	at java.util.ArrayList$ArrayListSpliterator.forEachRemaining(ArrayList.java:1625) ~[?:?]
	at java.util.stream.AbstractPipeline.copyInto(AbstractPipeline.java:509) ~[?:?]
	at java.util.stream.AbstractPipeline.wrapAndCopyInto(AbstractPipeline.java:499) ~[?:?]
	at java.util.stream.ForEachOps$ForEachOp.evaluateSequential(ForEachOps.java:150) ~[?:?]
	at java.util.stream.ForEachOps$ForEachOp$OfRef.evaluateSequential(ForEachOps.java:173) ~[?:?]
	at java.util.stream.AbstractPipeline.evaluate(AbstractPipeline.java:234) ~[?:?]
	at java.util.stream.ReferencePipeline.forEach(ReferencePipeline.java:596) ~[?:?]
	at net.corda.reconciliation.impl.ReconcilerEventHandler.reconcile$reconciliation_impl(ReconcilerEventHandler.kt:160) ~[?:?]
	at net.corda.reconciliation.impl.ReconcilerEventHandler.reconcileAndScheduleNext(ReconcilerEventHandler.kt:84) ~[?:?]
	at net.corda.reconciliation.impl.ReconcilerEventHandler.processEvent(ReconcilerEventHandler.kt:48) ~[?:?]
	at net.corda.lifecycle.impl.LifecycleProcessor.runUserEventHandler(LifecycleProcessor.kt:241) ~[?:?]
	at net.corda.lifecycle.impl.LifecycleProcessor.processEvent(LifecycleProcessor.kt:93) ~[?:?]
	at net.corda.lifecycle.impl.LifecycleProcessor.processEvents(LifecycleProcessor.kt:64) ~[?:?]
	at net.corda.lifecycle.impl.LifecycleCoordinatorImpl.processEvents(LifecycleCoordinatorImpl.kt:98) ~[?:?]
	at java.util.concurrent.ThreadPoolExecutor.runWorker(ThreadPoolExecutor.java:1136) [?:?]
	at java.util.concurrent.ThreadPoolExecutor$Worker.run(ThreadPoolExecutor.java:635) [?:?]
	at java.lang.Thread.run(Thread.java:840) [?:?]
Caused by: org.postgresql.util.PSQLException: FATAL: remaining connection slots are reserved for non-replication superuser connections
	at org.postgresql.core.v3.QueryExecutorImpl.receiveErrorResponse(QueryExecutorImpl.java:2725) ~[?:?]
	at org.postgresql.core.v3.QueryExecutorImpl.readStartupMessages(QueryExecutorImpl.java:2837) ~[?:?]
	at org.postgresql.core.v3.QueryExecutorImpl.<init>(QueryExecutorImpl.java:175) ~[?:?]
	at org.postgresql.core.v3.ConnectionFactoryImpl.openConnectionImpl(ConnectionFactoryImpl.java:317) ~[?:?]
	at org.postgresql.core.ConnectionFactory.openConnection(ConnectionFactory.java:54) ~[?:?]
	at org.postgresql.jdbc.PgConnection.<init>(PgConnection.java:273) ~[?:?]
	at org.postgresql.Driver.makeConnection(Driver.java:446) ~[?:?]
	at org.postgresql.Driver.connect(Driver.java:298) ~[?:?]
	at java.sql.DriverManager.getConnection(DriverManager.java:681) ~[java.sql:?]
	at java.sql.DriverManager.getConnection(DriverManager.java:229) ~[java.sql:?]
	at org.postgresql.ds.common.BaseDataSource.getConnection(BaseDataSource.java:104) ~[?:?]
	at org.postgresql.ds.common.BaseDataSource.getConnection(BaseDataSource.java:88) ~[?:?]
	at net.corda.db.core.DataSourceFactoryImpl$DataSourceWrapper.getConnection(DataSourceFactoryImpl.kt:71) ~[?:?]
	at org.hibernate.engine.jdbc.connections.internal.DatasourceConnectionProviderImpl.getConnection(DatasourceConnectionProviderImpl.java:122) ~[?:?]
	at org.hibernate.internal.NonContextualJdbcConnectionAccess.obtainConnection(NonContextualJdbcConnectionAccess.java:38) ~[?:?]
	at org.hibernate.resource.jdbc.internal.LogicalConnectionManagedImpl.acquireConnectionIfNeeded(LogicalConnectionManagedImpl.java:108) ~[?:?]
	... 27 more
2026-03-26 23:58:27.793 [lifecycle-coordinator-4724] WARN  org.hibernate.engine.jdbc.spi.SqlExceptionHelper {} - SQL Error: 0, SQLState: 53300
2026-03-26 23:58:27.793 [lifecycle-coordinator-4724] ERROR org.hibernate.engine.jdbc.spi.SqlExceptionHelper {} - FATAL: remaining connection slots are reserved for non-replication superuser connections
2026-03-26 23:58:27.793 [lifecycle-coordinator-4724] WARN  net.corda.processors.db.internal.reconcile.db.DbReconcilerReader<java.lang.String, net.corda.data.membership.PersistentMemberInfo> {} - Error while retrieving DB records for reconciliation for vNode 7BB3E95CF268 context
org.hibernate.exception.GenericJDBCException: Unable to acquire JDBC Connection
	at org.hibernate.exception.internal.StandardSQLExceptionConverter.convert(StandardSQLExceptionConverter.java:42) ~[?:?]
	at org.hibernate.engine.jdbc.spi.SqlExceptionHelper.convert(SqlExceptionHelper.java:113) ~[?:?]
	at org.hibernate.engine.jdbc.spi.SqlExceptionHelper.convert(SqlExceptionHelper.java:99) ~[?:?]
	at org.hibernate.resource.jdbc.internal.LogicalConnectionManagedImpl.acquireConnectionIfNeeded(LogicalConnectionManagedImpl.java:111) ~[?:?]
	at org.hibernate.resource.jdbc.internal.LogicalConnectionManagedImpl.getPhysicalConnection(LogicalConnectionManagedImpl.java:138) ~[?:?]
	at org.hibernate.resource.jdbc.internal.LogicalConnectionManagedImpl.getConnectionForTransactionManagement(LogicalConnectionManagedImpl.java:276) ~[?:?]
	at org.hibernate.resource.jdbc.internal.LogicalConnectionManagedImpl.begin(LogicalConnectionManagedImpl.java:284) ~[?:?]
	at org.hibernate.resource.transaction.backend.jdbc.internal.JdbcResourceLocalTransactionCoordinatorImpl$TransactionDriverControlImpl.begin(JdbcResourceLocalTransactionCoordinatorImpl.java:246) ~[?:?]
	at org.hibernate.engine.transaction.internal.TransactionImpl.begin(TransactionImpl.java:83) ~[?:?]
	at net.corda.processors.db.internal.reconcile.db.DbReconcilerReader$getAllVersionedRecords$streamOfStreams$1.invoke(DbReconcilerReader.kt:79) ~[?:?]
	at net.corda.processors.db.internal.reconcile.db.DbReconcilerReader$getAllVersionedRecords$streamOfStreams$1.invoke(DbReconcilerReader.kt:76) ~[?:?]
	at net.corda.processors.db.internal.reconcile.db.DbReconcilerReader.getAllVersionedRecords$lambda$0(DbReconcilerReader.kt:76) ~[?:?]
	at java.util.stream.ReferencePipeline$3$1.accept(ReferencePipeline.java:197) ~[?:?]
	at java.util.stream.ReferencePipeline$3$1.accept(ReferencePipeline.java:197) ~[?:?]
	at java.util.ArrayList$ArrayListSpliterator.forEachRemaining(ArrayList.java:1625) ~[?:?]
	at java.util.stream.AbstractPipeline.copyInto(AbstractPipeline.java:509) ~[?:?]
	at java.util.stream.AbstractPipeline.wrapAndCopyInto(AbstractPipeline.java:499) ~[?:?]
	at java.util.stream.ForEachOps$ForEachOp.evaluateSequential(ForEachOps.java:150) ~[?:?]
	at java.util.stream.ForEachOps$ForEachOp$OfRef.evaluateSequential(ForEachOps.java:173) ~[?:?]
	at java.util.stream.AbstractPipeline.evaluate(AbstractPipeline.java:234) ~[?:?]
	at java.util.stream.ReferencePipeline.forEach(ReferencePipeline.java:596) ~[?:?]
	at net.corda.reconciliation.impl.ReconcilerEventHandler.reconcile$reconciliation_impl(ReconcilerEventHandler.kt:160) ~[?:?]
	at net.corda.reconciliation.impl.ReconcilerEventHandler.reconcileAndScheduleNext(ReconcilerEventHandler.kt:84) ~[?:?]
	at net.corda.reconciliation.impl.ReconcilerEventHandler.processEvent(ReconcilerEventHandler.kt:48) ~[?:?]
	at net.corda.lifecycle.impl.LifecycleProcessor.runUserEventHandler(LifecycleProcessor.kt:241) ~[?:?]
	at net.corda.lifecycle.impl.LifecycleProcessor.processEvent(LifecycleProcessor.kt:93) ~[?:?]
	at net.corda.lifecycle.impl.LifecycleProcessor.processEvents(LifecycleProcessor.kt:64) ~[?:?]
	at net.corda.lifecycle.impl.LifecycleCoordinatorImpl.processEvents(LifecycleCoordinatorImpl.kt:98) ~[?:?]
	at java.util.concurrent.ThreadPoolExecutor.runWorker(ThreadPoolExecutor.java:1136) [?:?]
	at java.util.concurrent.ThreadPoolExecutor$Worker.run(ThreadPoolExecutor.java:635) [?:?]
	at java.lang.Thread.run(Thread.java:840) [?:?]
Caused by: org.postgresql.util.PSQLException: FATAL: remaining connection slots are reserved for non-replication superuser connections
	at org.postgresql.core.v3.QueryExecutorImpl.receiveErrorResponse(QueryExecutorImpl.java:2725) ~[?:?]
	at org.postgresql.core.v3.QueryExecutorImpl.readStartupMessages(QueryExecutorImpl.java:2837) ~[?:?]
	at org.postgresql.core.v3.QueryExecutorImpl.<init>(QueryExecutorImpl.java:175) ~[?:?]
	at org.postgresql.core.v3.ConnectionFactoryImpl.openConnectionImpl(ConnectionFactoryImpl.java:317) ~[?:?]
	at org.postgresql.core.ConnectionFactory.openConnection(ConnectionFactory.java:54) ~[?:?]
	at org.postgresql.jdbc.PgConnection.<init>(PgConnection.java:273) ~[?:?]
	at org.postgresql.Driver.makeConnection(Driver.java:446) ~[?:?]
	at org.postgresql.Driver.connect(Driver.java:298) ~[?:?]
	at java.sql.DriverManager.getConnection(DriverManager.java:681) ~[java.sql:?]
	at java.sql.DriverManager.getConnection(DriverManager.java:229) ~[java.sql:?]
	at org.postgresql.ds.common.BaseDataSource.getConnection(BaseDataSource.java:104) ~[?:?]
	at org.postgresql.ds.common.BaseDataSource.getConnection(BaseDataSource.java:88) ~[?:?]
	at net.corda.db.core.DataSourceFactoryImpl$DataSourceWrapper.getConnection(DataSourceFactoryImpl.kt:71) ~[?:?]
	at org.hibernate.engine.jdbc.connections.internal.DatasourceConnectionProviderImpl.getConnection(DatasourceConnectionProviderImpl.java:122) ~[?:?]
	at org.hibernate.internal.NonContextualJdbcConnectionAccess.obtainConnection(NonContextualJdbcConnectionAccess.java:38) ~[?:?]
	at org.hibernate.resource.jdbc.internal.LogicalConnectionManagedImpl.acquireConnectionIfNeeded(LogicalConnectionManagedImpl.java:108) ~[?:?]
	... 27 more
2026-03-26 23:58:27.802 [lifecycle-coordinator-4724] WARN  org.hibernate.engine.jdbc.spi.SqlExceptionHelper {} - SQL Error: 0, SQLState: 53300
2026-03-26 23:58:27.802 [lifecycle-coordinator-4724] ERROR org.hibernate.engine.jdbc.spi.SqlExceptionHelper {} - FATAL: remaining connection slots are reserved for non-replication superuser connections
2026-03-26 23:58:27.802 [lifecycle-coordinator-4724] WARN  net.corda.processors.db.internal.reconcile.db.DbReconcilerReader<java.lang.String, net.corda.data.membership.PersistentMemberInfo> {} - Error while retrieving DB records for reconciliation for vNode E3193F94C243 context
org.hibernate.exception.GenericJDBCException: Unable to acquire JDBC Connection
	at org.hibernate.exception.internal.StandardSQLExceptionConverter.convert(StandardSQLExceptionConverter.java:42) ~[?:?]
	at org.hibernate.engine.jdbc.spi.SqlExceptionHelper.convert(SqlExceptionHelper.java:113) ~[?:?]
	at org.hibernate.engine.jdbc.spi.SqlExceptionHelper.convert(SqlExceptionHelper.java:99) ~[?:?]
	at org.hibernate.resource.jdbc.internal.LogicalConnectionManagedImpl.acquireConnectionIfNeeded(LogicalConnectionManagedImpl.java:111) ~[?:?]
	at org.hibernate.resource.jdbc.internal.LogicalConnectionManagedImpl.getPhysicalConnection(LogicalConnectionManagedImpl.java:138) ~[?:?]
	at org.hibernate.resource.jdbc.internal.LogicalConnectionManagedImpl.getConnectionForTransactionManagement(LogicalConnectionManagedImpl.java:276) ~[?:?]
	at org.hibernate.resource.jdbc.internal.LogicalConnectionManagedImpl.begin(LogicalConnectionManagedImpl.java:284) ~[?:?]
	at org.hibernate.resource.transaction.backend.jdbc.internal.JdbcResourceLocalTransactionCoordinatorImpl$TransactionDriverControlImpl.begin(JdbcResourceLocalTransactionCoordinatorImpl.java:246) ~[?:?]
	at org.hibernate.engine.transaction.internal.TransactionImpl.begin(TransactionImpl.java:83) ~[?:?]
	at net.corda.processors.db.internal.reconcile.db.DbReconcilerReader$getAllVersionedRecords$streamOfStreams$1.invoke(DbReconcilerReader.kt:79) ~[?:?]
	at net.corda.processors.db.internal.reconcile.db.DbReconcilerReader$getAllVersionedRecords$streamOfStreams$1.invoke(DbReconcilerReader.kt:76) ~[?:?]
	at net.corda.processors.db.internal.reconcile.db.DbReconcilerReader.getAllVersionedRecords$lambda$0(DbReconcilerReader.kt:76) ~[?:?]
	at java.util.stream.ReferencePipeline$3$1.accept(ReferencePipeline.java:197) ~[?:?]
	at java.util.stream.ReferencePipeline$3$1.accept(ReferencePipeline.java:197) ~[?:?]
	at java.util.ArrayList$ArrayListSpliterator.forEachRemaining(ArrayList.java:1625) ~[?:?]
	at java.util.stream.AbstractPipeline.copyInto(AbstractPipeline.java:509) ~[?:?]
	at java.util.stream.AbstractPipeline.wrapAndCopyInto(AbstractPipeline.java:499) ~[?:?]
	at java.util.stream.ForEachOps$ForEachOp.evaluateSequential(ForEachOps.java:150) ~[?:?]
	at java.util.stream.ForEachOps$ForEachOp$OfRef.evaluateSequential(ForEachOps.java:173) ~[?:?]
	at java.util.stream.AbstractPipeline.evaluate(AbstractPipeline.java:234) ~[?:?]
	at java.util.stream.ReferencePipeline.forEach(ReferencePipeline.java:596) ~[?:?]
	at net.corda.reconciliation.impl.ReconcilerEventHandler.reconcile$reconciliation_impl(ReconcilerEventHandler.kt:160) ~[?:?]
	at net.corda.reconciliation.impl.ReconcilerEventHandler.reconcileAndScheduleNext(ReconcilerEventHandler.kt:84) ~[?:?]
	at net.corda.reconciliation.impl.ReconcilerEventHandler.processEvent(ReconcilerEventHandler.kt:48) ~[?:?]
	at net.corda.lifecycle.impl.LifecycleProcessor.runUserEventHandler(LifecycleProcessor.kt:241) ~[?:?]
	at net.corda.lifecycle.impl.LifecycleProcessor.processEvent(LifecycleProcessor.kt:93) ~[?:?]
	at net.corda.lifecycle.impl.LifecycleProcessor.processEvents(LifecycleProcessor.kt:64) ~[?:?]
	at net.corda.lifecycle.impl.LifecycleCoordinatorImpl.processEvents(LifecycleCoordinatorImpl.kt:98) ~[?:?]
	at java.util.concurrent.ThreadPoolExecutor.runWorker(ThreadPoolExecutor.java:1136) [?:?]
	at java.util.concurrent.ThreadPoolExecutor$Worker.run(ThreadPoolExecutor.java:635) [?:?]
	at java.lang.Thread.run(Thread.java:840) [?:?]
Caused by: org.postgresql.util.PSQLException: FATAL: remaining connection slots are reserved for non-replication superuser connections
	at org.postgresql.core.v3.QueryExecutorImpl.receiveErrorResponse(QueryExecutorImpl.java:2725) ~[?:?]
	at org.postgresql.core.v3.QueryExecutorImpl.readStartupMessages(QueryExecutorImpl.java:2837) ~[?:?]
	at org.postgresql.core.v3.QueryExecutorImpl.<init>(QueryExecutorImpl.java:175) ~[?:?]
	at org.postgresql.core.v3.ConnectionFactoryImpl.openConnectionImpl(ConnectionFactoryImpl.java:317) ~[?:?]
	at org.postgresql.core.ConnectionFactory.openConnection(ConnectionFactory.java:54) ~[?:?]
	at org.postgresql.jdbc.PgConnection.<init>(PgConnection.java:273) ~[?:?]
	at org.postgresql.Driver.makeConnection(Driver.java:446) ~[?:?]
	at org.postgresql.Driver.connect(Driver.java:298) ~[?:?]
	at java.sql.DriverManager.getConnection(DriverManager.java:681) ~[java.sql:?]
	at java.sql.DriverManager.getConnection(DriverManager.java:229) ~[java.sql:?]
	at org.postgresql.ds.common.BaseDataSource.getConnection(BaseDataSource.java:104) ~[?:?]
	at org.postgresql.ds.common.BaseDataSource.getConnection(BaseDataSource.java:88) ~[?:?]
	at net.corda.db.core.DataSourceFactoryImpl$DataSourceWrapper.getConnection(DataSourceFactoryImpl.kt:71) ~[?:?]
	at org.hibernate.engine.jdbc.connections.internal.DatasourceConnectionProviderImpl.getConnection(DatasourceConnectionProviderImpl.java:122) ~[?:?]
	at org.hibernate.internal.NonContextualJdbcConnectionAccess.obtainConnection(NonContextualJdbcConnectionAccess.java:38) ~[?:?]
	at org.hibernate.resource.jdbc.internal.LogicalConnectionManagedImpl.acquireConnectionIfNeeded(LogicalConnectionManagedImpl.java:108) ~[?:?]
	... 27 more
2026-03-26 23:58:29.766 [lifecycle-coordinator-4726] WARN  org.hibernate.engine.jdbc.spi.SqlExceptionHelper {} - SQL Error: 0, SQLState: 53300
2026-03-26 23:58:29.766 [lifecycle-coordinator-4726] ERROR org.hibernate.engine.jdbc.spi.SqlExceptionHelper {} - FATAL: remaining connection slots are reserved for non-replication superuser connections
2026-03-26 23:58:29.766 [lifecycle-coordinator-4726] WARN  net.corda.processors.db.internal.reconcile.db.DbReconcilerReader<net.corda.virtualnode.HoldingIdentity, net.corda.membership.lib.InternalGroupParameters> {} - Error while retrieving DB records for reconciliation for vNode 524FEE159D0F context
org.hibernate.exception.GenericJDBCException: Unable to acquire JDBC Connection
	at org.hibernate.exception.internal.StandardSQLExceptionConverter.convert(StandardSQLExceptionConverter.java:42) ~[?:?]
	at org.hibernate.engine.jdbc.spi.SqlExceptionHelper.convert(SqlExceptionHelper.java:113) ~[?:?]
	at org.hibernate.engine.jdbc.spi.SqlExceptionHelper.convert(SqlExceptionHelper.java:99) ~[?:?]
	at org.hibernate.resource.jdbc.internal.LogicalConnectionManagedImpl.acquireConnectionIfNeeded(LogicalConnectionManagedImpl.java:111) ~[?:?]
	at org.hibernate.resource.jdbc.internal.LogicalConnectionManagedImpl.getPhysicalConnection(LogicalConnectionManagedImpl.java:138) ~[?:?]
	at org.hibernate.resource.jdbc.internal.LogicalConnectionManagedImpl.getConnectionForTransactionManagement(LogicalConnectionManagedImpl.java:276) ~[?:?]
	at org.hibernate.resource.jdbc.internal.LogicalConnectionManagedImpl.begin(LogicalConnectionManagedImpl.java:284) ~[?:?]
	at org.hibernate.resource.transaction.backend.jdbc.internal.JdbcResourceLocalTransactionCoordinatorImpl$TransactionDriverControlImpl.begin(JdbcResourceLocalTransactionCoordinatorImpl.java:246) ~[?:?]
	at org.hibernate.engine.transaction.internal.TransactionImpl.begin(TransactionImpl.java:83) ~[?:?]
	at net.corda.processors.db.internal.reconcile.db.DbReconcilerReader$getAllVersionedRecords$streamOfStreams$1.invoke(DbReconcilerReader.kt:79) ~[?:?]
	at net.corda.processors.db.internal.reconcile.db.DbReconcilerReader$getAllVersionedRecords$streamOfStreams$1.invoke(DbReconcilerReader.kt:76) ~[?:?]
	at net.corda.processors.db.internal.reconcile.db.DbReconcilerReader.getAllVersionedRecords$lambda$0(DbReconcilerReader.kt:76) ~[?:?]
	at java.util.stream.ReferencePipeline$3$1.accept(ReferencePipeline.java:197) ~[?:?]
	at java.util.stream.ReferencePipeline$3$1.accept(ReferencePipeline.java:197) ~[?:?]
	at java.util.ArrayList$ArrayListSpliterator.forEachRemaining(ArrayList.java:1625) ~[?:?]
	at java.util.stream.AbstractPipeline.copyInto(AbstractPipeline.java:509) ~[?:?]
	at java.util.stream.AbstractPipeline.wrapAndCopyInto(AbstractPipeline.java:499) ~[?:?]
	at java.util.stream.ForEachOps$ForEachOp.evaluateSequential(ForEachOps.java:150) ~[?:?]
	at java.util.stream.ForEachOps$ForEachOp$OfRef.evaluateSequential(ForEachOps.java:173) ~[?:?]
	at java.util.stream.AbstractPipeline.evaluate(AbstractPipeline.java:234) ~[?:?]
	at java.util.stream.ReferencePipeline.forEach(ReferencePipeline.java:596) ~[?:?]
	at net.corda.reconciliation.impl.ReconcilerEventHandler.reconcile$reconciliation_impl(ReconcilerEventHandler.kt:160) ~[?:?]
	at net.corda.reconciliation.impl.ReconcilerEventHandler.reconcileAndScheduleNext(ReconcilerEventHandler.kt:84) ~[?:?]
	at net.corda.reconciliation.impl.ReconcilerEventHandler.processEvent(ReconcilerEventHandler.kt:48) ~[?:?]
	at net.corda.lifecycle.impl.LifecycleProcessor.runUserEventHandler(LifecycleProcessor.kt:241) ~[?:?]
	at net.corda.lifecycle.impl.LifecycleProcessor.processEvent(LifecycleProcessor.kt:93) ~[?:?]
	at net.corda.lifecycle.impl.LifecycleProcessor.processEvents(LifecycleProcessor.kt:64) ~[?:?]
	at net.corda.lifecycle.impl.LifecycleCoordinatorImpl.processEvents(LifecycleCoordinatorImpl.kt:98) ~[?:?]
	at java.util.concurrent.ThreadPoolExecutor.runWorker(ThreadPoolExecutor.java:1136) [?:?]
	at java.util.concurrent.ThreadPoolExecutor$Worker.run(ThreadPoolExecutor.java:635) [?:?]
	at java.lang.Thread.run(Thread.java:840) [?:?]
Caused by: org.postgresql.util.PSQLException: FATAL: remaining connection slots are reserved for non-replication superuser connections
	at org.postgresql.core.v3.QueryExecutorImpl.receiveErrorResponse(QueryExecutorImpl.java:2725) ~[?:?]
	at org.postgresql.core.v3.QueryExecutorImpl.readStartupMessages(QueryExecutorImpl.java:2837) ~[?:?]
	at org.postgresql.core.v3.QueryExecutorImpl.<init>(QueryExecutorImpl.java:175) ~[?:?]
	at org.postgresql.core.v3.ConnectionFactoryImpl.openConnectionImpl(ConnectionFactoryImpl.java:317) ~[?:?]
	at org.postgresql.core.ConnectionFactory.openConnection(ConnectionFactory.java:54) ~[?:?]
	at org.postgresql.jdbc.PgConnection.<init>(PgConnection.java:273) ~[?:?]
	at org.postgresql.Driver.makeConnection(Driver.java:446) ~[?:?]
	at org.postgresql.Driver.connect(Driver.java:298) ~[?:?]
	at java.sql.DriverManager.getConnection(DriverManager.java:681) ~[java.sql:?]
	at java.sql.DriverManager.getConnection(DriverManager.java:229) ~[java.sql:?]
	at org.postgresql.ds.common.BaseDataSource.getConnection(BaseDataSource.java:104) ~[?:?]
	at org.postgresql.ds.common.BaseDataSource.getConnection(BaseDataSource.java:88) ~[?:?]
	at net.corda.db.core.DataSourceFactoryImpl$DataSourceWrapper.getConnection(DataSourceFactoryImpl.kt:71) ~[?:?]
	at org.hibernate.engine.jdbc.connections.internal.DatasourceConnectionProviderImpl.getConnection(DatasourceConnectionProviderImpl.java:122) ~[?:?]
	at org.hibernate.internal.NonContextualJdbcConnectionAccess.obtainConnection(NonContextualJdbcConnectionAccess.java:38) ~[?:?]
	at org.hibernate.resource.jdbc.internal.LogicalConnectionManagedImpl.acquireConnectionIfNeeded(LogicalConnectionManagedImpl.java:108) ~[?:?]
	... 27 more
2026-03-26 23:58:29.777 [lifecycle-coordinator-4726] WARN  org.hibernate.engine.jdbc.spi.SqlExceptionHelper {} - SQL Error: 0, SQLState: 53300
2026-03-26 23:58:29.777 [lifecycle-coordinator-4726] ERROR org.hibernate.engine.jdbc.spi.SqlExceptionHelper {} - FATAL: remaining connection slots are reserved for non-replication superuser connections
2026-03-26 23:58:29.777 [lifecycle-coordinator-4726] WARN  net.corda.processors.db.internal.reconcile.db.DbReconcilerReader<net.corda.virtualnode.HoldingIdentity, net.corda.membership.lib.InternalGroupParameters> {} - Error while retrieving DB records for reconciliation for vNode 4B8CEF212833 context
org.hibernate.exception.GenericJDBCException: Unable to acquire JDBC Connection
	at org.hibernate.exception.internal.StandardSQLExceptionConverter.convert(StandardSQLExceptionConverter.java:42) ~[?:?]
	at org.hibernate.engine.jdbc.spi.SqlExceptionHelper.convert(SqlExceptionHelper.java:113) ~[?:?]
	at org.hibernate.engine.jdbc.spi.SqlExceptionHelper.convert(SqlExceptionHelper.java:99) ~[?:?]
	at org.hibernate.resource.jdbc.internal.LogicalConnectionManagedImpl.acquireConnectionIfNeeded(LogicalConnectionManagedImpl.java:111) ~[?:?]
	at org.hibernate.resource.jdbc.internal.LogicalConnectionManagedImpl.getPhysicalConnection(LogicalConnectionManagedImpl.java:138) ~[?:?]
	at org.hibernate.resource.jdbc.internal.LogicalConnectionManagedImpl.getConnectionForTransactionManagement(LogicalConnectionManagedImpl.java:276) ~[?:?]
	at org.hibernate.resource.jdbc.internal.LogicalConnectionManagedImpl.begin(LogicalConnectionManagedImpl.java:284) ~[?:?]
	at org.hibernate.resource.transaction.backend.jdbc.internal.JdbcResourceLocalTransactionCoordinatorImpl$TransactionDriverControlImpl.begin(JdbcResourceLocalTransactionCoordinatorImpl.java:246) ~[?:?]
	at org.hibernate.engine.transaction.internal.TransactionImpl.begin(TransactionImpl.java:83) ~[?:?]
	at net.corda.processors.db.internal.reconcile.db.DbReconcilerReader$getAllVersionedRecords$streamOfStreams$1.invoke(DbReconcilerReader.kt:79) ~[?:?]
	at net.corda.processors.db.internal.reconcile.db.DbReconcilerReader$getAllVersionedRecords$streamOfStreams$1.invoke(DbReconcilerReader.kt:76) ~[?:?]
	at net.corda.processors.db.internal.reconcile.db.DbReconcilerReader.getAllVersionedRecords$lambda$0(DbReconcilerReader.kt:76) ~[?:?]
	at java.util.stream.ReferencePipeline$3$1.accept(ReferencePipeline.java:197) ~[?:?]
	at java.util.stream.ReferencePipeline$3$1.accept(ReferencePipeline.java:197) ~[?:?]
	at java.util.ArrayList$ArrayListSpliterator.forEachRemaining(ArrayList.java:1625) ~[?:?]
	at java.util.stream.AbstractPipeline.copyInto(AbstractPipeline.java:509) ~[?:?]
	at java.util.stream.AbstractPipeline.wrapAndCopyInto(AbstractPipeline.java:499) ~[?:?]
	at java.util.stream.ForEachOps$ForEachOp.evaluateSequential(ForEachOps.java:150) ~[?:?]
	at java.util.stream.ForEachOps$ForEachOp$OfRef.evaluateSequential(ForEachOps.java:173) ~[?:?]
	at java.util.stream.AbstractPipeline.evaluate(AbstractPipeline.java:234) ~[?:?]
	at java.util.stream.ReferencePipeline.forEach(ReferencePipeline.java:596) ~[?:?]
	at net.corda.reconciliation.impl.ReconcilerEventHandler.reconcile$reconciliation_impl(ReconcilerEventHandler.kt:160) ~[?:?]
	at net.corda.reconciliation.impl.ReconcilerEventHandler.reconcileAndScheduleNext(ReconcilerEventHandler.kt:84) ~[?:?]
	at net.corda.reconciliation.impl.ReconcilerEventHandler.processEvent(ReconcilerEventHandler.kt:48) ~[?:?]
	at net.corda.lifecycle.impl.LifecycleProcessor.runUserEventHandler(LifecycleProcessor.kt:241) ~[?:?]
	at net.corda.lifecycle.impl.LifecycleProcessor.processEvent(LifecycleProcessor.kt:93) ~[?:?]
	at net.corda.lifecycle.impl.LifecycleProcessor.processEvents(LifecycleProcessor.kt:64) ~[?:?]
	at net.corda.lifecycle.impl.LifecycleCoordinatorImpl.processEvents(LifecycleCoordinatorImpl.kt:98) ~[?:?]
	at java.util.concurrent.ThreadPoolExecutor.runWorker(ThreadPoolExecutor.java:1136) [?:?]
	at java.util.concurrent.ThreadPoolExecutor$Worker.run(ThreadPoolExecutor.java:635) [?:?]
	at java.lang.Thread.run(Thread.java:840) [?:?]
Caused by: org.postgresql.util.PSQLException: FATAL: remaining connection slots are reserved for non-replication superuser connections
	at org.postgresql.core.v3.QueryExecutorImpl.receiveErrorResponse(QueryExecutorImpl.java:2725) ~[?:?]
	at org.postgresql.core.v3.QueryExecutorImpl.readStartupMessages(QueryExecutorImpl.java:2837) ~[?:?]
	at org.postgresql.core.v3.QueryExecutorImpl.<init>(QueryExecutorImpl.java:175) ~[?:?]
	at org.postgresql.core.v3.ConnectionFactoryImpl.openConnectionImpl(ConnectionFactoryImpl.java:317) ~[?:?]
	at org.postgresql.core.ConnectionFactory.openConnection(ConnectionFactory.java:54) ~[?:?]
	at org.postgresql.jdbc.PgConnection.<init>(PgConnection.java:273) ~[?:?]
	at org.postgresql.Driver.makeConnection(Driver.java:446) ~[?:?]
	at org.postgresql.Driver.connect(Driver.java:298) ~[?:?]
	at java.sql.DriverManager.getConnection(DriverManager.java:681) ~[java.sql:?]
	at java.sql.DriverManager.getConnection(DriverManager.java:229) ~[java.sql:?]
	at org.postgresql.ds.common.BaseDataSource.getConnection(BaseDataSource.java:104) ~[?:?]
	at org.postgresql.ds.common.BaseDataSource.getConnection(BaseDataSource.java:88) ~[?:?]
	at net.corda.db.core.DataSourceFactoryImpl$DataSourceWrapper.getConnection(DataSourceFactoryImpl.kt:71) ~[?:?]
	at org.hibernate.engine.jdbc.connections.internal.DatasourceConnectionProviderImpl.getConnection(DatasourceConnectionProviderImpl.java:122) ~[?:?]
	at org.hibernate.internal.NonContextualJdbcConnectionAccess.obtainConnection(NonContextualJdbcConnectionAccess.java:38) ~[?:?]
	at org.hibernate.resource.jdbc.internal.LogicalConnectionManagedImpl.acquireConnectionIfNeeded(LogicalConnectionManagedImpl.java:108) ~[?:?]
	... 27 more
2026-03-26 23:58:29.787 [lifecycle-coordinator-4726] WARN  org.hibernate.engine.jdbc.spi.SqlExceptionHelper {} - SQL Error: 0, SQLState: 53300
2026-03-26 23:58:29.787 [lifecycle-coordinator-4726] ERROR org.hibernate.engine.jdbc.spi.SqlExceptionHelper {} - FATAL: remaining connection slots are reserved for non-replication superuser connections
2026-03-26 23:58:29.787 [lifecycle-coordinator-4726] WARN  net.corda.processors.db.internal.reconcile.db.DbReconcilerReader<net.corda.virtualnode.HoldingIdentity, net.corda.membership.lib.InternalGroupParameters> {} - Error while retrieving DB records for reconciliation for vNode 7BB3E95CF268 context
org.hibernate.exception.GenericJDBCException: Unable to acquire JDBC Connection
	at org.hibernate.exception.internal.StandardSQLExceptionConverter.convert(StandardSQLExceptionConverter.java:42) ~[?:?]
	at org.hibernate.engine.jdbc.spi.SqlExceptionHelper.convert(SqlExceptionHelper.java:113) ~[?:?]
	at org.hibernate.engine.jdbc.spi.SqlExceptionHelper.convert(SqlExceptionHelper.java:99) ~[?:?]
	at org.hibernate.resource.jdbc.internal.LogicalConnectionManagedImpl.acquireConnectionIfNeeded(LogicalConnectionManagedImpl.java:111) ~[?:?]
	at org.hibernate.resource.jdbc.internal.LogicalConnectionManagedImpl.getPhysicalConnection(LogicalConnectionManagedImpl.java:138) ~[?:?]
	at org.hibernate.resource.jdbc.internal.LogicalConnectionManagedImpl.getConnectionForTransactionManagement(LogicalConnectionManagedImpl.java:276) ~[?:?]
	at org.hibernate.resource.jdbc.internal.LogicalConnectionManagedImpl.begin(LogicalConnectionManagedImpl.java:284) ~[?:?]
	at org.hibernate.resource.transaction.backend.jdbc.internal.JdbcResourceLocalTransactionCoordinatorImpl$TransactionDriverControlImpl.begin(JdbcResourceLocalTransactionCoordinatorImpl.java:246) ~[?:?]
	at org.hibernate.engine.transaction.internal.TransactionImpl.begin(TransactionImpl.java:83) ~[?:?]
	at net.corda.processors.db.internal.reconcile.db.DbReconcilerReader$getAllVersionedRecords$streamOfStreams$1.invoke(DbReconcilerReader.kt:79) ~[?:?]
	at net.corda.processors.db.internal.reconcile.db.DbReconcilerReader$getAllVersionedRecords$streamOfStreams$1.invoke(DbReconcilerReader.kt:76) ~[?:?]
	at net.corda.processors.db.internal.reconcile.db.DbReconcilerReader.getAllVersionedRecords$lambda$0(DbReconcilerReader.kt:76) ~[?:?]
	at java.util.stream.ReferencePipeline$3$1.accept(ReferencePipeline.java:197) ~[?:?]
	at java.util.stream.ReferencePipeline$3$1.accept(ReferencePipeline.java:197) ~[?:?]
	at java.util.ArrayList$ArrayListSpliterator.forEachRemaining(ArrayList.java:1625) ~[?:?]
	at java.util.stream.AbstractPipeline.copyInto(AbstractPipeline.java:509) ~[?:?]
	at java.util.stream.AbstractPipeline.wrapAndCopyInto(AbstractPipeline.java:499) ~[?:?]
	at java.util.stream.ForEachOps$ForEachOp.evaluateSequential(ForEachOps.java:150) ~[?:?]
	at java.util.stream.ForEachOps$ForEachOp$OfRef.evaluateSequential(ForEachOps.java:173) ~[?:?]
	at java.util.stream.AbstractPipeline.evaluate(AbstractPipeline.java:234) ~[?:?]
	at java.util.stream.ReferencePipeline.forEach(ReferencePipeline.java:596) ~[?:?]
	at net.corda.reconciliation.impl.ReconcilerEventHandler.reconcile$reconciliation_impl(ReconcilerEventHandler.kt:160) ~[?:?]
	at net.corda.reconciliation.impl.ReconcilerEventHandler.reconcileAndScheduleNext(ReconcilerEventHandler.kt:84) ~[?:?]
	at net.corda.reconciliation.impl.ReconcilerEventHandler.processEvent(ReconcilerEventHandler.kt:48) ~[?:?]
	at net.corda.lifecycle.impl.LifecycleProcessor.runUserEventHandler(LifecycleProcessor.kt:241) ~[?:?]
	at net.corda.lifecycle.impl.LifecycleProcessor.processEvent(LifecycleProcessor.kt:93) ~[?:?]
	at net.corda.lifecycle.impl.LifecycleProcessor.processEvents(LifecycleProcessor.kt:64) ~[?:?]
	at net.corda.lifecycle.impl.LifecycleCoordinatorImpl.processEvents(LifecycleCoordinatorImpl.kt:98) ~[?:?]
	at java.util.concurrent.ThreadPoolExecutor.runWorker(ThreadPoolExecutor.java:1136) [?:?]
	at java.util.concurrent.ThreadPoolExecutor$Worker.run(ThreadPoolExecutor.java:635) [?:?]
	at java.lang.Thread.run(Thread.java:840) [?:?]
Caused by: org.postgresql.util.PSQLException: FATAL: remaining connection slots are reserved for non-replication superuser connections
	at org.postgresql.core.v3.QueryExecutorImpl.receiveErrorResponse(QueryExecutorImpl.java:2725) ~[?:?]
	at org.postgresql.core.v3.QueryExecutorImpl.readStartupMessages(QueryExecutorImpl.java:2837) ~[?:?]
	at org.postgresql.core.v3.QueryExecutorImpl.<init>(QueryExecutorImpl.java:175) ~[?:?]
	at org.postgresql.core.v3.ConnectionFactoryImpl.openConnectionImpl(ConnectionFactoryImpl.java:317) ~[?:?]
	at org.postgresql.core.ConnectionFactory.openConnection(ConnectionFactory.java:54) ~[?:?]
	at org.postgresql.jdbc.PgConnection.<init>(PgConnection.java:273) ~[?:?]
	at org.postgresql.Driver.makeConnection(Driver.java:446) ~[?:?]
	at org.postgresql.Driver.connect(Driver.java:298) ~[?:?]
	at java.sql.DriverManager.getConnection(DriverManager.java:681) ~[java.sql:?]
	at java.sql.DriverManager.getConnection(DriverManager.java:229) ~[java.sql:?]
	at org.postgresql.ds.common.BaseDataSource.getConnection(BaseDataSource.java:104) ~[?:?]
	at org.postgresql.ds.common.BaseDataSource.getConnection(BaseDataSource.java:88) ~[?:?]
	at net.corda.db.core.DataSourceFactoryImpl$DataSourceWrapper.getConnection(DataSourceFactoryImpl.kt:71) ~[?:?]
	at org.hibernate.engine.jdbc.connections.internal.DatasourceConnectionProviderImpl.getConnection(DatasourceConnectionProviderImpl.java:122) ~[?:?]
	at org.hibernate.internal.NonContextualJdbcConnectionAccess.obtainConnection(NonContextualJdbcConnectionAccess.java:38) ~[?:?]
	at org.hibernate.resource.jdbc.internal.LogicalConnectionManagedImpl.acquireConnectionIfNeeded(LogicalConnectionManagedImpl.java:108) ~[?:?]
	... 27 more
2026-03-26 23:58:29.798 [lifecycle-coordinator-4726] WARN  org.hibernate.engine.jdbc.spi.SqlExceptionHelper {} - SQL Error: 0, SQLState: 53300
2026-03-26 23:58:29.798 [lifecycle-coordinator-4726] ERROR org.hibernate.engine.jdbc.spi.SqlExceptionHelper {} - FATAL: remaining connection slots are reserved for non-replication superuser connections
2026-03-26 23:58:29.798 [lifecycle-coordinator-4726] WARN  net.corda.processors.db.internal.reconcile.db.DbReconcilerReader<net.corda.virtualnode.HoldingIdentity, net.corda.membership.lib.InternalGroupParameters> {} - Error while retrieving DB records for reconciliation for vNode E3193F94C243 context
org.hibernate.exception.GenericJDBCException: Unable to acquire JDBC Connection
	at org.hibernate.exception.internal.StandardSQLExceptionConverter.convert(StandardSQLExceptionConverter.java:42) ~[?:?]
	at org.hibernate.engine.jdbc.spi.SqlExceptionHelper.convert(SqlExceptionHelper.java:113) ~[?:?]
	at org.hibernate.engine.jdbc.spi.SqlExceptionHelper.convert(SqlExceptionHelper.java:99) ~[?:?]
	at org.hibernate.resource.jdbc.internal.LogicalConnectionManagedImpl.acquireConnectionIfNeeded(LogicalConnectionManagedImpl.java:111) ~[?:?]
	at org.hibernate.resource.jdbc.internal.LogicalConnectionManagedImpl.getPhysicalConnection(LogicalConnectionManagedImpl.java:138) ~[?:?]
	at org.hibernate.resource.jdbc.internal.LogicalConnectionManagedImpl.getConnectionForTransactionManagement(LogicalConnectionManagedImpl.java:276) ~[?:?]
	at org.hibernate.resource.jdbc.internal.LogicalConnectionManagedImpl.begin(LogicalConnectionManagedImpl.java:284) ~[?:?]
	at org.hibernate.resource.transaction.backend.jdbc.internal.JdbcResourceLocalTransactionCoordinatorImpl$TransactionDriverControlImpl.begin(JdbcResourceLocalTransactionCoordinatorImpl.java:246) ~[?:?]
	at org.hibernate.engine.transaction.internal.TransactionImpl.begin(TransactionImpl.java:83) ~[?:?]
	at net.corda.processors.db.internal.reconcile.db.DbReconcilerReader$getAllVersionedRecords$streamOfStreams$1.invoke(DbReconcilerReader.kt:79) ~[?:?]
	at net.corda.processors.db.internal.reconcile.db.DbReconcilerReader$getAllVersionedRecords$streamOfStreams$1.invoke(DbReconcilerReader.kt:76) ~[?:?]
	at net.corda.processors.db.internal.reconcile.db.DbReconcilerReader.getAllVersionedRecords$lambda$0(DbReconcilerReader.kt:76) ~[?:?]
	at java.util.stream.ReferencePipeline$3$1.accept(ReferencePipeline.java:197) ~[?:?]
	at java.util.stream.ReferencePipeline$3$1.accept(ReferencePipeline.java:197) ~[?:?]
	at java.util.ArrayList$ArrayListSpliterator.forEachRemaining(ArrayList.java:1625) ~[?:?]
	at java.util.stream.AbstractPipeline.copyInto(AbstractPipeline.java:509) ~[?:?]
	at java.util.stream.AbstractPipeline.wrapAndCopyInto(AbstractPipeline.java:499) ~[?:?]
	at java.util.stream.ForEachOps$ForEachOp.evaluateSequential(ForEachOps.java:150) ~[?:?]
	at java.util.stream.ForEachOps$ForEachOp$OfRef.evaluateSequential(ForEachOps.java:173) ~[?:?]
	at java.util.stream.AbstractPipeline.evaluate(AbstractPipeline.java:234) ~[?:?]
	at java.util.stream.ReferencePipeline.forEach(ReferencePipeline.java:596) ~[?:?]
	at net.corda.reconciliation.impl.ReconcilerEventHandler.reconcile$reconciliation_impl(ReconcilerEventHandler.kt:160) ~[?:?]
	at net.corda.reconciliation.impl.ReconcilerEventHandler.reconcileAndScheduleNext(ReconcilerEventHandler.kt:84) ~[?:?]
	at net.corda.reconciliation.impl.ReconcilerEventHandler.processEvent(ReconcilerEventHandler.kt:48) ~[?:?]
	at net.corda.lifecycle.impl.LifecycleProcessor.runUserEventHandler(LifecycleProcessor.kt:241) ~[?:?]
	at net.corda.lifecycle.impl.LifecycleProcessor.processEvent(LifecycleProcessor.kt:93) ~[?:?]
	at net.corda.lifecycle.impl.LifecycleProcessor.processEvents(LifecycleProcessor.kt:64) ~[?:?]
	at net.corda.lifecycle.impl.LifecycleCoordinatorImpl.processEvents(LifecycleCoordinatorImpl.kt:98) ~[?:?]
	at java.util.concurrent.ThreadPoolExecutor.runWorker(ThreadPoolExecutor.java:1136) [?:?]
	at java.util.concurrent.ThreadPoolExecutor$Worker.run(ThreadPoolExecutor.java:635) [?:?]
	at java.lang.Thread.run(Thread.java:840) [?:?]
Caused by: org.postgresql.util.PSQLException: FATAL: remaining connection slots are reserved for non-replication superuser connections
	at org.postgresql.core.v3.QueryExecutorImpl.receiveErrorResponse(QueryExecutorImpl.java:2725) ~[?:?]
	at org.postgresql.core.v3.QueryExecutorImpl.readStartupMessages(QueryExecutorImpl.java:2837) ~[?:?]
	at org.postgresql.core.v3.QueryExecutorImpl.<init>(QueryExecutorImpl.java:175) ~[?:?]
	at org.postgresql.core.v3.ConnectionFactoryImpl.openConnectionImpl(ConnectionFactoryImpl.java:317) ~[?:?]
	at org.postgresql.core.ConnectionFactory.openConnection(ConnectionFactory.java:54) ~[?:?]
	at org.postgresql.jdbc.PgConnection.<init>(PgConnection.java:273) ~[?:?]
	at org.postgresql.Driver.makeConnection(Driver.java:446) ~[?:?]
	at org.postgresql.Driver.connect(Driver.java:298) ~[?:?]
	at java.sql.DriverManager.getConnection(DriverManager.java:681) ~[java.sql:?]
	at java.sql.DriverManager.getConnection(DriverManager.java:229) ~[java.sql:?]
	at org.postgresql.ds.common.BaseDataSource.getConnection(BaseDataSource.java:104) ~[?:?]
	at org.postgresql.ds.common.BaseDataSource.getConnection(BaseDataSource.java:88) ~[?:?]
	at net.corda.db.core.DataSourceFactoryImpl$DataSourceWrapper.getConnection(DataSourceFactoryImpl.kt:71) ~[?:?]
	at org.hibernate.engine.jdbc.connections.internal.DatasourceConnectionProviderImpl.getConnection(DatasourceConnectionProviderImpl.java:122) ~[?:?]
	at org.hibernate.internal.NonContextualJdbcConnectionAccess.obtainConnection(NonContextualJdbcConnectionAccess.java:38) ~[?:?]
	at org.hibernate.resource.jdbc.internal.LogicalConnectionManagedImpl.acquireConnectionIfNeeded(LogicalConnectionManagedImpl.java:108) ~[?:?]
	... 27 more
2026-03-26 23:58:44.241 [JettyServerThreadPool-15132] WARN  org.hibernate.engine.jdbc.spi.SqlExceptionHelper {corda.client.id=ledger-repair-524FEE159D0F-1774568251258, corda.external.event.id=e3a2358c-64ba-46b4-936d-350e714f538e-iNzKctuAo9jo5bXguJnU/PqTNmHS3yTV+azsIbZKixo=-1, spanId=64d8291ff675ba27, traceId=69c5c59351b0d06fd3275061f8e428f1, vnode.id=524FEE159D0F} - SQL Error: 0, SQLState: 53300
2026-03-26 23:58:44.241 [JettyServerThreadPool-15132] ERROR org.hibernate.engine.jdbc.spi.SqlExceptionHelper {corda.client.id=ledger-repair-524FEE159D0F-1774568251258, corda.external.event.id=e3a2358c-64ba-46b4-936d-350e714f538e-iNzKctuAo9jo5bXguJnU/PqTNmHS3yTV+azsIbZKixo=-1, spanId=64d8291ff675ba27, traceId=69c5c59351b0d06fd3275061f8e428f1, vnode.id=524FEE159D0F} - HikariPool-21 - Connection is not available, request timed out after 30000ms (total=0, active=0, idle=0, waiting=0)
2026-03-26 23:58:44.241 [JettyServerThreadPool-15132] ERROR org.hibernate.engine.jdbc.spi.SqlExceptionHelper {corda.client.id=ledger-repair-524FEE159D0F-1774568251258, corda.external.event.id=e3a2358c-64ba-46b4-936d-350e714f538e-iNzKctuAo9jo5bXguJnU/PqTNmHS3yTV+azsIbZKixo=-1, spanId=64d8291ff675ba27, traceId=69c5c59351b0d06fd3275061f8e428f1, vnode.id=524FEE159D0F} - FATAL: remaining connection slots are reserved for non-replication superuser connections
2026-03-26 23:58:44.247 [JettyServerThreadPool-979] WARN  org.hibernate.engine.jdbc.spi.SqlExceptionHelper {corda.client.id=ledger-repair-E3193F94C243-1774568251258, corda.external.event.id=f1681403-3de5-414e-85b1-eea1734e7b89-iNzKctuAo9jo5bXguJnU/PqTNmHS3yTV+azsIbZKixo=-1, spanId=b99c80e81d80173b, traceId=69c5c5939b0f70e386dcd2b9d51083ac, vnode.id=E3193F94C243} - SQL Error: 0, SQLState: 53300
2026-03-26 23:58:44.247 [JettyServerThreadPool-979] ERROR org.hibernate.engine.jdbc.spi.SqlExceptionHelper {corda.client.id=ledger-repair-E3193F94C243-1774568251258, corda.external.event.id=f1681403-3de5-414e-85b1-eea1734e7b89-iNzKctuAo9jo5bXguJnU/PqTNmHS3yTV+azsIbZKixo=-1, spanId=b99c80e81d80173b, traceId=69c5c5939b0f70e386dcd2b9d51083ac, vnode.id=E3193F94C243} - HikariPool-22 - Connection is not available, request timed out after 30000ms (total=0, active=0, idle=0, waiting=0)
2026-03-26 23:58:44.247 [JettyServerThreadPool-979] ERROR org.hibernate.engine.jdbc.spi.SqlExceptionHelper {corda.client.id=ledger-repair-E3193F94C243-1774568251258, corda.external.event.id=f1681403-3de5-414e-85b1-eea1734e7b89-iNzKctuAo9jo5bXguJnU/PqTNmHS3yTV+azsIbZKixo=-1, spanId=b99c80e81d80173b, traceId=69c5c5939b0f70e386dcd2b9d51083ac, vnode.id=E3193F94C243} - FATAL: remaining connection slots are reserved for non-replication superuser connections
2026-03-26 23:58:44.241 [JettyServerThreadPool-15132] ERROR net.corda.ledger.persistence.processor.LedgerPersistenceRequestProcessor {corda.client.id=ledger-repair-524FEE159D0F-1774568251258, corda.external.event.id=e3a2358c-64ba-46b4-936d-350e714f538e-iNzKctuAo9jo5bXguJnU/PqTNmHS3yTV+azsIbZKixo=-1, spanId=64d8291ff675ba27, traceId=69c5c59351b0d06fd3275061f8e428f1, vnode.id=524FEE159D0F} - Unable to acquire JDBC Connection
org.hibernate.exception.JDBCConnectionException: Unable to acquire JDBC Connection
	at org.hibernate.exception.internal.SQLExceptionTypeDelegate.convert(SQLExceptionTypeDelegate.java:48) ~[?:?]
	at org.hibernate.exception.internal.StandardSQLExceptionConverter.convert(StandardSQLExceptionConverter.java:37) ~[?:?]
	at org.hibernate.engine.jdbc.spi.SqlExceptionHelper.convert(SqlExceptionHelper.java:113) ~[?:?]
	at org.hibernate.engine.jdbc.spi.SqlExceptionHelper.convert(SqlExceptionHelper.java:99) ~[?:?]
	at org.hibernate.resource.jdbc.internal.LogicalConnectionManagedImpl.acquireConnectionIfNeeded(LogicalConnectionManagedImpl.java:111) ~[?:?]
	at org.hibernate.resource.jdbc.internal.LogicalConnectionManagedImpl.getPhysicalConnection(LogicalConnectionManagedImpl.java:138) ~[?:?]
	at org.hibernate.resource.jdbc.internal.LogicalConnectionManagedImpl.getConnectionForTransactionManagement(LogicalConnectionManagedImpl.java:276) ~[?:?]
	at org.hibernate.resource.jdbc.internal.LogicalConnectionManagedImpl.begin(LogicalConnectionManagedImpl.java:284) ~[?:?]
	at org.hibernate.resource.transaction.backend.jdbc.internal.JdbcResourceLocalTransactionCoordinatorImpl$TransactionDriverControlImpl.begin(JdbcResourceLocalTransactionCoordinatorImpl.java:246) ~[?:?]
	at org.hibernate.engine.transaction.internal.TransactionImpl.begin(TransactionImpl.java:83) ~[?:?]
	at net.corda.ledger.persistence.utxo.impl.UtxoPersistenceServiceImpl.findTransactionsWithStatusCreatedBetweenTime(UtxoPersistenceServiceImpl.kt:1362) ~[?:?]
	at net.corda.ledger.persistence.utxo.impl.request.handlers.UtxoFindTransactionsWithStatusCreatedBetweenTimeRequestHandler.execute(UtxoFindTransactionsWithStatusCreatedBetweenTimeRequestHandler.kt:24) ~[?:?]
	at net.corda.ledger.persistence.processor.LedgerPersistenceRequestProcessor$process$result$1.invoke(LedgerPersistenceRequestProcessor.kt:70) ~[?:?]
	at net.corda.ledger.persistence.processor.LedgerPersistenceRequestProcessor$process$result$1.invoke(LedgerPersistenceRequestProcessor.kt:52) ~[?:?]
	at net.corda.utilities.LogUtilsKt.withMDC(LogUtils.kt:73) ~[?:?]
	at net.corda.ledger.persistence.processor.LedgerPersistenceRequestProcessor.process(LedgerPersistenceRequestProcessor.kt:52) ~[?:?]
	at net.corda.ledger.persistence.processor.LedgerPersistenceRequestProcessor.process(LedgerPersistenceRequestProcessor.kt:29) ~[?:?]
	at net.corda.messaging.subscription.SyncRPCSubscriptionImpl.registerEndpoint$lambda$1(SyncRPCSubscriptionImpl.kt:92) ~[?:?]
	at net.corda.web.server.JavalinServer.registerEndpointInternal$lambda$15(JavalinServer.kt:150) ~[?:?]
	at io.javalin.core.security.SecurityUtil.noopAccessManager(SecurityUtil.kt:20) ~[?:?]
	at io.javalin.http.JavalinServlet.addHandler$lambda-0(JavalinServlet.kt:96) ~[?:?]
	at io.javalin.http.JavalinServlet$lifecycle$2$1$1.invoke(JavalinServlet.kt:43) ~[?:?]
	at io.javalin.http.JavalinServlet$lifecycle$2$1$1.invoke(JavalinServlet.kt:43) ~[?:?]
	at io.javalin.http.JavalinServletHandler.executeNextTask(JavalinServletHandler.kt:99) ~[?:?]
	at io.javalin.http.JavalinServletHandler.queueNextTaskOrFinish$lambda-1(JavalinServletHandler.kt:85) ~[?:?]
	at java.util.concurrent.CompletableFuture.uniComposeStage(CompletableFuture.java:1187) ~[?:?]
	at java.util.concurrent.CompletableFuture.thenCompose(CompletableFuture.java:2309) ~[?:?]
	at io.javalin.http.JavalinServletHandler.queueNextTaskOrFinish$javalin(JavalinServletHandler.kt:85) ~[?:?]
	at io.javalin.http.JavalinServlet.service(JavalinServlet.kt:89) ~[?:?]
	at javax.servlet.http.HttpServlet.service(HttpServlet.java:790) ~[javax.servlet-api-3.1.0.jar:3.1.0]
	at io.javalin.jetty.JavalinJettyServlet.service(JavalinJettyServlet.kt:58) ~[?:?]
	at javax.servlet.http.HttpServlet.service(HttpServlet.java:790) ~[javax.servlet-api-3.1.0.jar:3.1.0]
	at org.eclipse.jetty.servlet.ServletHolder.handle(ServletHolder.java:799) ~[?:?]
	at org.eclipse.jetty.servlet.ServletHandler$ChainEnd.doFilter(ServletHandler.java:1656) ~[?:?]
	at brave.servlet.TracingFilter.doFilter(TracingFilter.java:89) ~[?:?]
	at org.eclipse.jetty.servlet.FilterHolder.doFilter(FilterHolder.java:193) ~[?:?]
	at org.eclipse.jetty.servlet.ServletHandler$Chain.doFilter(ServletHandler.java:1626) ~[?:?]
	at org.eclipse.jetty.servlet.ServletHandler.doHandle(ServletHandler.java:552) ~[?:?]
	at org.eclipse.jetty.server.handler.ScopedHandler.nextHandle(ScopedHandler.java:233) ~[jetty-server-9.4.54.v20240208.jar:9.4.54.v20240208]
	at org.eclipse.jetty.server.session.SessionHandler.doHandle(SessionHandler.java:1624) ~[jetty-server-9.4.54.v20240208.jar:9.4.54.v20240208]
	at org.eclipse.jetty.server.handler.ScopedHandler.nextHandle(ScopedHandler.java:233) ~[jetty-server-9.4.54.v20240208.jar:9.4.54.v20240208]
	at io.javalin.jetty.JettyServer$start$wsAndHttpHandler$1.doHandle(JettyServer.kt:52) ~[?:?]
	at org.eclipse.jetty.server.handler.ScopedHandler.nextScope(ScopedHandler.java:188) ~[jetty-server-9.4.54.v20240208.jar:9.4.54.v20240208]
	at org.eclipse.jetty.servlet.ServletHandler.doScope(ServletHandler.java:505) ~[?:?]
	at org.eclipse.jetty.server.session.SessionHandler.doScope(SessionHandler.java:1594) ~[jetty-server-9.4.54.v20240208.jar:9.4.54.v20240208]
	at org.eclipse.jetty.server.handler.ScopedHandler.nextScope(ScopedHandler.java:186) ~[jetty-server-9.4.54.v20240208.jar:9.4.54.v20240208]
	at org.eclipse.jetty.server.handler.ContextHandler.doScope(ContextHandler.java:1355) ~[jetty-server-9.4.54.v20240208.jar:9.4.54.v20240208]
	at org.eclipse.jetty.server.handler.ScopedHandler.handle(ScopedHandler.java:141) ~[jetty-server-9.4.54.v20240208.jar:9.4.54.v20240208]
	at org.eclipse.jetty.server.handler.StatisticsHandler.handle(StatisticsHandler.java:181) ~[jetty-server-9.4.54.v20240208.jar:9.4.54.v20240208]
	at org.eclipse.jetty.server.handler.HandlerWrapper.handle(HandlerWrapper.java:127) ~[jetty-server-9.4.54.v20240208.jar:9.4.54.v20240208]
	at org.eclipse.jetty.server.Server.handle(Server.java:516) ~[jetty-server-9.4.54.v20240208.jar:9.4.54.v20240208]
	at org.eclipse.jetty.server.HttpChannel.lambda$handle$1(HttpChannel.java:487) ~[jetty-server-9.4.54.v20240208.jar:9.4.54.v20240208]
	at org.eclipse.jetty.server.HttpChannel.dispatch(HttpChannel.java:732) [jetty-server-9.4.54.v20240208.jar:9.4.54.v20240208]
	at org.eclipse.jetty.server.HttpChannel.handle(HttpChannel.java:479) [jetty-server-9.4.54.v20240208.jar:9.4.54.v20240208]
	at org.eclipse.jetty.server.HttpConnection.onFillable(HttpConnection.java:277) [jetty-server-9.4.54.v20240208.jar:9.4.54.v20240208]
	at org.eclipse.jetty.io.AbstractConnection$ReadCallback.succeeded(AbstractConnection.java:311) [jetty-io-9.4.54.v20240208.jar:9.4.54.v20240208]
	at org.eclipse.jetty.io.FillInterest.fillable(FillInterest.java:105) [jetty-io-9.4.54.v20240208.jar:9.4.54.v20240208]
	at org.eclipse.jetty.io.ChannelEndPoint$1.run(ChannelEndPoint.java:104) [jetty-io-9.4.54.v20240208.jar:9.4.54.v20240208]
	at org.eclipse.jetty.util.thread.strategy.EatWhatYouKill.runTask(EatWhatYouKill.java:338) [jetty-util-9.4.54.v20240208.jar:9.4.54.v20240208]
	at org.eclipse.jetty.util.thread.strategy.EatWhatYouKill.doProduce(EatWhatYouKill.java:315) [jetty-util-9.4.54.v20240208.jar:9.4.54.v20240208]
	at org.eclipse.jetty.util.thread.strategy.EatWhatYouKill.tryProduce(EatWhatYouKill.java:173) [jetty-util-9.4.54.v20240208.jar:9.4.54.v20240208]
	at org.eclipse.jetty.util.thread.strategy.EatWhatYouKill.run(EatWhatYouKill.java:131) [jetty-util-9.4.54.v20240208.jar:9.4.54.v20240208]
	at org.eclipse.jetty.util.thread.ReservedThreadExecutor$ReservedThread.run(ReservedThreadExecutor.java:409) [jetty-util-9.4.54.v20240208.jar:9.4.54.v20240208]
	at org.eclipse.jetty.util.thread.QueuedThreadPool.runJob(QueuedThreadPool.java:883) [jetty-util-9.4.54.v20240208.jar:9.4.54.v20240208]
	at org.eclipse.jetty.util.thread.QueuedThreadPool$Runner.run(QueuedThreadPool.java:1034) [jetty-util-9.4.54.v20240208.jar:9.4.54.v20240208]
	at java.lang.Thread.run(Thread.java:840) [?:?]
Caused by: java.sql.SQLTransientConnectionException: HikariPool-21 - Connection is not available, request timed out after 30000ms (total=0, active=0, idle=0, waiting=0)
	at com.zaxxer.hikari.pool.HikariPool.createTimeoutException(HikariPool.java:686) ~[?:?]
	at com.zaxxer.hikari.pool.HikariPool.getConnection(HikariPool.java:179) ~[?:?]
	at com.zaxxer.hikari.pool.HikariPool.getConnection(HikariPool.java:144) ~[?:?]
	at com.zaxxer.hikari.HikariDataSource.getConnection(HikariDataSource.java:99) ~[?:?]
	at net.corda.db.core.DataSourceFactoryImpl$HikariDataSourceWrapper.getConnection(DataSourceFactoryImpl.kt) ~[?:?]
	at org.hibernate.engine.jdbc.connections.internal.DatasourceConnectionProviderImpl.getConnection(DatasourceConnectionProviderImpl.java:122) ~[?:?]
	at org.hibernate.internal.NonContextualJdbcConnectionAccess.obtainConnection(NonContextualJdbcConnectionAccess.java:38) ~[?:?]
	at org.hibernate.resource.jdbc.internal.LogicalConnectionManagedImpl.acquireConnectionIfNeeded(LogicalConnectionManagedImpl.java:108) ~[?:?]
	... 61 more
Caused by: org.postgresql.util.PSQLException: FATAL: remaining connection slots are reserved for non-replication superuser connections
	at org.postgresql.Driver$ConnectThread.getResult(Driver.java:397) ~[?:?]
	at org.postgresql.Driver.connect(Driver.java:305) ~[?:?]
	at java.sql.DriverManager.getConnection(DriverManager.java:681) ~[java.sql:?]
	at java.sql.DriverManager.getConnection(DriverManager.java:229) ~[java.sql:?]
	at org.postgresql.ds.common.BaseDataSource.getConnection(BaseDataSource.java:104) ~[?:?]
	at org.postgresql.ds.common.BaseDataSource.getConnection(BaseDataSource.java:88) ~[?:?]
	at com.zaxxer.hikari.pool.PoolBase.newConnection(PoolBase.java:360) ~[?:?]
	at com.zaxxer.hikari.pool.PoolBase.newPoolEntry(PoolBase.java:202) ~[?:?]
	at com.zaxxer.hikari.pool.HikariPool.createPoolEntry(HikariPool.java:461) ~[?:?]
	at com.zaxxer.hikari.pool.HikariPool$PoolEntryCreator.call(HikariPool.java:724) ~[?:?]
	at com.zaxxer.hikari.pool.HikariPool$PoolEntryCreator.call(HikariPool.java:703) ~[?:?]
	at java.util.concurrent.FutureTask.run(FutureTask.java:264) ~[?:?]
	at java.util.concurrent.ThreadPoolExecutor.runWorker(ThreadPoolExecutor.java:1136) ~[?:?]
	at java.util.concurrent.ThreadPoolExecutor$Worker.run(ThreadPoolExecutor.java:635) ~[?:?]
	... 1 more
2026-03-26 23:58:44.247 [JettyServerThreadPool-979] ERROR net.corda.ledger.persistence.processor.LedgerPersistenceRequestProcessor {corda.client.id=ledger-repair-E3193F94C243-1774568251258, corda.external.event.id=f1681403-3de5-414e-85b1-eea1734e7b89-iNzKctuAo9jo5bXguJnU/PqTNmHS3yTV+azsIbZKixo=-1, spanId=b99c80e81d80173b, traceId=69c5c5939b0f70e386dcd2b9d51083ac, vnode.id=E3193F94C243} - Unable to acquire JDBC Connection
org.hibernate.exception.JDBCConnectionException: Unable to acquire JDBC Connection
	at org.hibernate.exception.internal.SQLExceptionTypeDelegate.convert(SQLExceptionTypeDelegate.java:48) ~[?:?]
	at org.hibernate.exception.internal.StandardSQLExceptionConverter.convert(StandardSQLExceptionConverter.java:37) ~[?:?]
	at org.hibernate.engine.jdbc.spi.SqlExceptionHelper.convert(SqlExceptionHelper.java:113) ~[?:?]
	at org.hibernate.engine.jdbc.spi.SqlExceptionHelper.convert(SqlExceptionHelper.java:99) ~[?:?]
	at org.hibernate.resource.jdbc.internal.LogicalConnectionManagedImpl.acquireConnectionIfNeeded(LogicalConnectionManagedImpl.java:111) ~[?:?]
	at org.hibernate.resource.jdbc.internal.LogicalConnectionManagedImpl.getPhysicalConnection(LogicalConnectionManagedImpl.java:138) ~[?:?]
	at org.hibernate.resource.jdbc.internal.LogicalConnectionManagedImpl.getConnectionForTransactionManagement(LogicalConnectionManagedImpl.java:276) ~[?:?]
	at org.hibernate.resource.jdbc.internal.LogicalConnectionManagedImpl.begin(LogicalConnectionManagedImpl.java:284) ~[?:?]
	at org.hibernate.resource.transaction.backend.jdbc.internal.JdbcResourceLocalTransactionCoordinatorImpl$TransactionDriverControlImpl.begin(JdbcResourceLocalTransactionCoordinatorImpl.java:246) ~[?:?]
	at org.hibernate.engine.transaction.internal.TransactionImpl.begin(TransactionImpl.java:83) ~[?:?]
	at net.corda.ledger.persistence.utxo.impl.UtxoPersistenceServiceImpl.findTransactionsWithStatusCreatedBetweenTime(UtxoPersistenceServiceImpl.kt:1362) ~[?:?]
	at net.corda.ledger.persistence.utxo.impl.request.handlers.UtxoFindTransactionsWithStatusCreatedBetweenTimeRequestHandler.execute(UtxoFindTransactionsWithStatusCreatedBetweenTimeRequestHandler.kt:24) ~[?:?]
	at net.corda.ledger.persistence.processor.LedgerPersistenceRequestProcessor$process$result$1.invoke(LedgerPersistenceRequestProcessor.kt:70) ~[?:?]
	at net.corda.ledger.persistence.processor.LedgerPersistenceRequestProcessor$process$result$1.invoke(LedgerPersistenceRequestProcessor.kt:52) ~[?:?]
	at net.corda.utilities.LogUtilsKt.withMDC(LogUtils.kt:73) ~[?:?]
	at net.corda.ledger.persistence.processor.LedgerPersistenceRequestProcessor.process(LedgerPersistenceRequestProcessor.kt:52) ~[?:?]
	at net.corda.ledger.persistence.processor.LedgerPersistenceRequestProcessor.process(LedgerPersistenceRequestProcessor.kt:29) ~[?:?]
	at net.corda.messaging.subscription.SyncRPCSubscriptionImpl.registerEndpoint$lambda$1(SyncRPCSubscriptionImpl.kt:92) ~[?:?]
	at net.corda.web.server.JavalinServer.registerEndpointInternal$lambda$15(JavalinServer.kt:150) ~[?:?]
	at io.javalin.core.security.SecurityUtil.noopAccessManager(SecurityUtil.kt:20) ~[?:?]
	at io.javalin.http.JavalinServlet.addHandler$lambda-0(JavalinServlet.kt:96) ~[?:?]
	at io.javalin.http.JavalinServlet$lifecycle$2$1$1.invoke(JavalinServlet.kt:43) ~[?:?]
	at io.javalin.http.JavalinServlet$lifecycle$2$1$1.invoke(JavalinServlet.kt:43) ~[?:?]
	at io.javalin.http.JavalinServletHandler.executeNextTask(JavalinServletHandler.kt:99) ~[?:?]
	at io.javalin.http.JavalinServletHandler.queueNextTaskOrFinish$lambda-1(JavalinServletHandler.kt:85) ~[?:?]
	at java.util.concurrent.CompletableFuture.uniComposeStage(CompletableFuture.java:1187) ~[?:?]
	at java.util.concurrent.CompletableFuture.thenCompose(CompletableFuture.java:2309) ~[?:?]
	at io.javalin.http.JavalinServletHandler.queueNextTaskOrFinish$javalin(JavalinServletHandler.kt:85) ~[?:?]
	at io.javalin.http.JavalinServlet.service(JavalinServlet.kt:89) ~[?:?]
	at javax.servlet.http.HttpServlet.service(HttpServlet.java:790) ~[javax.servlet-api-3.1.0.jar:3.1.0]
	at io.javalin.jetty.JavalinJettyServlet.service(JavalinJettyServlet.kt:58) ~[?:?]
	at javax.servlet.http.HttpServlet.service(HttpServlet.java:790) ~[javax.servlet-api-3.1.0.jar:3.1.0]
	at org.eclipse.jetty.servlet.ServletHolder.handle(ServletHolder.java:799) ~[?:?]
	at org.eclipse.jetty.servlet.ServletHandler$ChainEnd.doFilter(ServletHandler.java:1656) ~[?:?]
	at brave.servlet.TracingFilter.doFilter(TracingFilter.java:89) ~[?:?]
	at org.eclipse.jetty.servlet.FilterHolder.doFilter(FilterHolder.java:193) ~[?:?]
	at org.eclipse.jetty.servlet.ServletHandler$Chain.doFilter(ServletHandler.java:1626) ~[?:?]
	at org.eclipse.jetty.servlet.ServletHandler.doHandle(ServletHandler.java:552) ~[?:?]
	at org.eclipse.jetty.server.handler.ScopedHandler.nextHandle(ScopedHandler.java:233) ~[jetty-server-9.4.54.v20240208.jar:9.4.54.v20240208]
	at org.eclipse.jetty.server.session.SessionHandler.doHandle(SessionHandler.java:1624) ~[jetty-server-9.4.54.v20240208.jar:9.4.54.v20240208]
	at org.eclipse.jetty.server.handler.ScopedHandler.nextHandle(ScopedHandler.java:233) ~[jetty-server-9.4.54.v20240208.jar:9.4.54.v20240208]
	at io.javalin.jetty.JettyServer$start$wsAndHttpHandler$1.doHandle(JettyServer.kt:52) ~[?:?]
	at org.eclipse.jetty.server.handler.ScopedHandler.nextScope(ScopedHandler.java:188) ~[jetty-server-9.4.54.v20240208.jar:9.4.54.v20240208]
	at org.eclipse.jetty.servlet.ServletHandler.doScope(ServletHandler.java:505) ~[?:?]
	at org.eclipse.jetty.server.session.SessionHandler.doScope(SessionHandler.java:1594) ~[jetty-server-9.4.54.v20240208.jar:9.4.54.v20240208]
	at org.eclipse.jetty.server.handler.ScopedHandler.nextScope(ScopedHandler.java:186) ~[jetty-server-9.4.54.v20240208.jar:9.4.54.v20240208]
	at org.eclipse.jetty.server.handler.ContextHandler.doScope(ContextHandler.java:1355) ~[jetty-server-9.4.54.v20240208.jar:9.4.54.v20240208]
	at org.eclipse.jetty.server.handler.ScopedHandler.handle(ScopedHandler.java:141) ~[jetty-server-9.4.54.v20240208.jar:9.4.54.v20240208]
	at org.eclipse.jetty.server.handler.StatisticsHandler.handle(StatisticsHandler.java:181) ~[jetty-server-9.4.54.v20240208.jar:9.4.54.v20240208]
	at org.eclipse.jetty.server.handler.HandlerWrapper.handle(HandlerWrapper.java:127) ~[jetty-server-9.4.54.v20240208.jar:9.4.54.v20240208]
	at org.eclipse.jetty.server.Server.handle(Server.java:516) ~[jetty-server-9.4.54.v20240208.jar:9.4.54.v20240208]
	at org.eclipse.jetty.server.HttpChannel.lambda$handle$1(HttpChannel.java:487) ~[jetty-server-9.4.54.v20240208.jar:9.4.54.v20240208]
	at org.eclipse.jetty.server.HttpChannel.dispatch(HttpChannel.java:732) [jetty-server-9.4.54.v20240208.jar:9.4.54.v20240208]
	at org.eclipse.jetty.server.HttpChannel.handle(HttpChannel.java:479) [jetty-server-9.4.54.v20240208.jar:9.4.54.v20240208]
	at org.eclipse.jetty.server.HttpConnection.onFillable(HttpConnection.java:277) [jetty-server-9.4.54.v20240208.jar:9.4.54.v20240208]
	at org.eclipse.jetty.io.AbstractConnection$ReadCallback.succeeded(AbstractConnection.java:311) [jetty-io-9.4.54.v20240208.jar:9.4.54.v20240208]
	at org.eclipse.jetty.io.FillInterest.fillable(FillInterest.java:105) [jetty-io-9.4.54.v20240208.jar:9.4.54.v20240208]
	at org.eclipse.jetty.io.ChannelEndPoint$1.run(ChannelEndPoint.java:104) [jetty-io-9.4.54.v20240208.jar:9.4.54.v20240208]
	at org.eclipse.jetty.util.thread.strategy.EatWhatYouKill.runTask(EatWhatYouKill.java:338) [jetty-util-9.4.54.v20240208.jar:9.4.54.v20240208]
	at org.eclipse.jetty.util.thread.strategy.EatWhatYouKill.doProduce(EatWhatYouKill.java:315) [jetty-util-9.4.54.v20240208.jar:9.4.54.v20240208]
	at org.eclipse.jetty.util.thread.strategy.EatWhatYouKill.tryProduce(EatWhatYouKill.java:173) [jetty-util-9.4.54.v20240208.jar:9.4.54.v20240208]
	at org.eclipse.jetty.util.thread.strategy.EatWhatYouKill.run(EatWhatYouKill.java:131) [jetty-util-9.4.54.v20240208.jar:9.4.54.v20240208]
	at org.eclipse.jetty.util.thread.ReservedThreadExecutor$ReservedThread.run(ReservedThreadExecutor.java:409) [jetty-util-9.4.54.v20240208.jar:9.4.54.v20240208]
	at org.eclipse.jetty.util.thread.QueuedThreadPool.runJob(QueuedThreadPool.java:883) [jetty-util-9.4.54.v20240208.jar:9.4.54.v20240208]
	at org.eclipse.jetty.util.thread.QueuedThreadPool$Runner.run(QueuedThreadPool.java:1034) [jetty-util-9.4.54.v20240208.jar:9.4.54.v20240208]
	at java.lang.Thread.run(Thread.java:840) [?:?]
Caused by: java.sql.SQLTransientConnectionException: HikariPool-22 - Connection is not available, request timed out after 30000ms (total=0, active=0, idle=0, waiting=0)
	at com.zaxxer.hikari.pool.HikariPool.createTimeoutException(HikariPool.java:686) ~[?:?]
	at com.zaxxer.hikari.pool.HikariPool.getConnection(HikariPool.java:179) ~[?:?]
	at com.zaxxer.hikari.pool.HikariPool.getConnection(HikariPool.java:144) ~[?:?]
	at com.zaxxer.hikari.HikariDataSource.getConnection(HikariDataSource.java:99) ~[?:?]
	at net.corda.db.core.DataSourceFactoryImpl$HikariDataSourceWrapper.getConnection(DataSourceFactoryImpl.kt) ~[?:?]
	at org.hibernate.engine.jdbc.connections.internal.DatasourceConnectionProviderImpl.getConnection(DatasourceConnectionProviderImpl.java:122) ~[?:?]
	at org.hibernate.internal.NonContextualJdbcConnectionAccess.obtainConnection(NonContextualJdbcConnectionAccess.java:38) ~[?:?]
	at org.hibernate.resource.jdbc.internal.LogicalConnectionManagedImpl.acquireConnectionIfNeeded(LogicalConnectionManagedImpl.java:108) ~[?:?]
	... 61 more
Caused by: org.postgresql.util.PSQLException: FATAL: remaining connection slots are reserved for non-replication superuser connections
	at org.postgresql.Driver$ConnectThread.getResult(Driver.java:397) ~[?:?]
	at org.postgresql.Driver.connect(Driver.java:305) ~[?:?]
	at java.sql.DriverManager.getConnection(DriverManager.java:681) ~[java.sql:?]
	at java.sql.DriverManager.getConnection(DriverManager.java:229) ~[java.sql:?]
	at org.postgresql.ds.common.BaseDataSource.getConnection(BaseDataSource.java:104) ~[?:?]
	at org.postgresql.ds.common.BaseDataSource.getConnection(BaseDataSource.java:88) ~[?:?]
	at com.zaxxer.hikari.pool.PoolBase.newConnection(PoolBase.java:360) ~[?:?]
	at com.zaxxer.hikari.pool.PoolBase.newPoolEntry(PoolBase.java:202) ~[?:?]
	at com.zaxxer.hikari.pool.HikariPool.createPoolEntry(HikariPool.java:461) ~[?:?]
	at com.zaxxer.hikari.pool.HikariPool$PoolEntryCreator.call(HikariPool.java:724) ~[?:?]
	at com.zaxxer.hikari.pool.HikariPool$PoolEntryCreator.call(HikariPool.java:703) ~[?:?]
	at java.util.concurrent.FutureTask.run(FutureTask.java:264) ~[?:?]
	at java.util.concurrent.ThreadPoolExecutor.runWorker(ThreadPoolExecutor.java:1136) ~[?:?]
	at java.util.concurrent.ThreadPoolExecutor$Worker.run(ThreadPoolExecutor.java:635) ~[?:?]
	... 1 more
2026-03-26 23:58:44.256 [JettyServerThreadPool-15132] WARN  net.corda.persistence.common.PersistenceExceptionCategorizerImpl {corda.client.id=ledger-repair-524FEE159D0F-1774568251258, corda.external.event.id=e3a2358c-64ba-46b4-936d-350e714f538e-iNzKctuAo9jo5bXguJnU/PqTNmHS3yTV+azsIbZKixo=-1, spanId=64d8291ff675ba27, traceId=69c5c59351b0d06fd3275061f8e428f1, vnode.id=524FEE159D0F} - Categorized exception as TRANSIENT: org.hibernate.exception.JDBCConnectionException: Unable to acquire JDBC Connection
org.hibernate.exception.JDBCConnectionException: Unable to acquire JDBC Connection
	at org.hibernate.exception.internal.SQLExceptionTypeDelegate.convert(SQLExceptionTypeDelegate.java:48) ~[?:?]
	at org.hibernate.exception.internal.StandardSQLExceptionConverter.convert(StandardSQLExceptionConverter.java:37) ~[?:?]
	at org.hibernate.engine.jdbc.spi.SqlExceptionHelper.convert(SqlExceptionHelper.java:113) ~[?:?]
	at org.hibernate.engine.jdbc.spi.SqlExceptionHelper.convert(SqlExceptionHelper.java:99) ~[?:?]
	at org.hibernate.resource.jdbc.internal.LogicalConnectionManagedImpl.acquireConnectionIfNeeded(LogicalConnectionManagedImpl.java:111) ~[?:?]
	at org.hibernate.resource.jdbc.internal.LogicalConnectionManagedImpl.getPhysicalConnection(LogicalConnectionManagedImpl.java:138) ~[?:?]
	at org.hibernate.resource.jdbc.internal.LogicalConnectionManagedImpl.getConnectionForTransactionManagement(LogicalConnectionManagedImpl.java:276) ~[?:?]
	at org.hibernate.resource.jdbc.internal.LogicalConnectionManagedImpl.begin(LogicalConnectionManagedImpl.java:284) ~[?:?]
	at org.hibernate.resource.transaction.backend.jdbc.internal.JdbcResourceLocalTransactionCoordinatorImpl$TransactionDriverControlImpl.begin(JdbcResourceLocalTransactionCoordinatorImpl.java:246) ~[?:?]
	at org.hibernate.engine.transaction.internal.TransactionImpl.begin(TransactionImpl.java:83) ~[?:?]
	at net.corda.ledger.persistence.utxo.impl.UtxoPersistenceServiceImpl.findTransactionsWithStatusCreatedBetweenTime(UtxoPersistenceServiceImpl.kt:1362) ~[?:?]
	at net.corda.ledger.persistence.utxo.impl.request.handlers.UtxoFindTransactionsWithStatusCreatedBetweenTimeRequestHandler.execute(UtxoFindTransactionsWithStatusCreatedBetweenTimeRequestHandler.kt:24) ~[?:?]
	at net.corda.ledger.persistence.processor.LedgerPersistenceRequestProcessor$process$result$1.invoke(LedgerPersistenceRequestProcessor.kt:70) ~[?:?]
	at net.corda.ledger.persistence.processor.LedgerPersistenceRequestProcessor$process$result$1.invoke(LedgerPersistenceRequestProcessor.kt:52) ~[?:?]
	at net.corda.utilities.LogUtilsKt.withMDC(LogUtils.kt:73) ~[?:?]
	at net.corda.ledger.persistence.processor.LedgerPersistenceRequestProcessor.process(LedgerPersistenceRequestProcessor.kt:52) ~[?:?]
	at net.corda.ledger.persistence.processor.LedgerPersistenceRequestProcessor.process(LedgerPersistenceRequestProcessor.kt:29) ~[?:?]
	at net.corda.messaging.subscription.SyncRPCSubscriptionImpl.registerEndpoint$lambda$1(SyncRPCSubscriptionImpl.kt:92) ~[?:?]
	at net.corda.web.server.JavalinServer.registerEndpointInternal$lambda$15(JavalinServer.kt:150) ~[?:?]
	at io.javalin.core.security.SecurityUtil.noopAccessManager(SecurityUtil.kt:20) ~[?:?]
	at io.javalin.http.JavalinServlet.addHandler$lambda-0(JavalinServlet.kt:96) ~[?:?]
	at io.javalin.http.JavalinServlet$lifecycle$2$1$1.invoke(JavalinServlet.kt:43) ~[?:?]
	at io.javalin.http.JavalinServlet$lifecycle$2$1$1.invoke(JavalinServlet.kt:43) ~[?:?]
	at io.javalin.http.JavalinServletHandler.executeNextTask(JavalinServletHandler.kt:99) ~[?:?]
	at io.javalin.http.JavalinServletHandler.queueNextTaskOrFinish$lambda-1(JavalinServletHandler.kt:85) ~[?:?]
	at java.util.concurrent.CompletableFuture.uniComposeStage(CompletableFuture.java:1187) ~[?:?]
	at java.util.concurrent.CompletableFuture.thenCompose(CompletableFuture.java:2309) ~[?:?]
	at io.javalin.http.JavalinServletHandler.queueNextTaskOrFinish$javalin(JavalinServletHandler.kt:85) ~[?:?]
	at io.javalin.http.JavalinServlet.service(JavalinServlet.kt:89) ~[?:?]
	at javax.servlet.http.HttpServlet.service(HttpServlet.java:790) ~[javax.servlet-api-3.1.0.jar:3.1.0]
	at io.javalin.jetty.JavalinJettyServlet.service(JavalinJettyServlet.kt:58) ~[?:?]
	at javax.servlet.http.HttpServlet.service(HttpServlet.java:790) ~[javax.servlet-api-3.1.0.jar:3.1.0]
	at org.eclipse.jetty.servlet.ServletHolder.handle(ServletHolder.java:799) ~[?:?]
	at org.eclipse.jetty.servlet.ServletHandler$ChainEnd.doFilter(ServletHandler.java:1656) ~[?:?]
	at brave.servlet.TracingFilter.doFilter(TracingFilter.java:89) ~[?:?]
	at org.eclipse.jetty.servlet.FilterHolder.doFilter(FilterHolder.java:193) ~[?:?]
	at org.eclipse.jetty.servlet.ServletHandler$Chain.doFilter(ServletHandler.java:1626) ~[?:?]
	at org.eclipse.jetty.servlet.ServletHandler.doHandle(ServletHandler.java:552) ~[?:?]
	at org.eclipse.jetty.server.handler.ScopedHandler.nextHandle(ScopedHandler.java:233) ~[jetty-server-9.4.54.v20240208.jar:9.4.54.v20240208]
	at org.eclipse.jetty.server.session.SessionHandler.doHandle(SessionHandler.java:1624) ~[jetty-server-9.4.54.v20240208.jar:9.4.54.v20240208]
	at org.eclipse.jetty.server.handler.ScopedHandler.nextHandle(ScopedHandler.java:233) ~[jetty-server-9.4.54.v20240208.jar:9.4.54.v20240208]
	at io.javalin.jetty.JettyServer$start$wsAndHttpHandler$1.doHandle(JettyServer.kt:52) ~[?:?]
	at org.eclipse.jetty.server.handler.ScopedHandler.nextScope(ScopedHandler.java:188) ~[jetty-server-9.4.54.v20240208.jar:9.4.54.v20240208]
	at org.eclipse.jetty.servlet.ServletHandler.doScope(ServletHandler.java:505) ~[?:?]
	at org.eclipse.jetty.server.session.SessionHandler.doScope(SessionHandler.java:1594) ~[jetty-server-9.4.54.v20240208.jar:9.4.54.v20240208]
	at org.eclipse.jetty.server.handler.ScopedHandler.nextScope(ScopedHandler.java:186) ~[jetty-server-9.4.54.v20240208.jar:9.4.54.v20240208]
	at org.eclipse.jetty.server.handler.ContextHandler.doScope(ContextHandler.java:1355) ~[jetty-server-9.4.54.v20240208.jar:9.4.54.v20240208]
	at org.eclipse.jetty.server.handler.ScopedHandler.handle(ScopedHandler.java:141) ~[jetty-server-9.4.54.v20240208.jar:9.4.54.v20240208]
	at org.eclipse.jetty.server.handler.StatisticsHandler.handle(StatisticsHandler.java:181) ~[jetty-server-9.4.54.v20240208.jar:9.4.54.v20240208]
	at org.eclipse.jetty.server.handler.HandlerWrapper.handle(HandlerWrapper.java:127) ~[jetty-server-9.4.54.v20240208.jar:9.4.54.v20240208]
	at org.eclipse.jetty.server.Server.handle(Server.java:516) ~[jetty-server-9.4.54.v20240208.jar:9.4.54.v20240208]
	at org.eclipse.jetty.server.HttpChannel.lambda$handle$1(HttpChannel.java:487) ~[jetty-server-9.4.54.v20240208.jar:9.4.54.v20240208]
	at org.eclipse.jetty.server.HttpChannel.dispatch(HttpChannel.java:732) [jetty-server-9.4.54.v20240208.jar:9.4.54.v20240208]
	at org.eclipse.jetty.server.HttpChannel.handle(HttpChannel.java:479) [jetty-server-9.4.54.v20240208.jar:9.4.54.v20240208]
	at org.eclipse.jetty.server.HttpConnection.onFillable(HttpConnection.java:277) [jetty-server-9.4.54.v20240208.jar:9.4.54.v20240208]
	at org.eclipse.jetty.io.AbstractConnection$ReadCallback.succeeded(AbstractConnection.java:311) [jetty-io-9.4.54.v20240208.jar:9.4.54.v20240208]
	at org.eclipse.jetty.io.FillInterest.fillable(FillInterest.java:105) [jetty-io-9.4.54.v20240208.jar:9.4.54.v20240208]
	at org.eclipse.jetty.io.ChannelEndPoint$1.run(ChannelEndPoint.java:104) [jetty-io-9.4.54.v20240208.jar:9.4.54.v20240208]
	at org.eclipse.jetty.util.thread.strategy.EatWhatYouKill.runTask(EatWhatYouKill.java:338) [jetty-util-9.4.54.v20240208.jar:9.4.54.v20240208]
	at org.eclipse.jetty.util.thread.strategy.EatWhatYouKill.doProduce(EatWhatYouKill.java:315) [jetty-util-9.4.54.v20240208.jar:9.4.54.v20240208]
	at org.eclipse.jetty.util.thread.strategy.EatWhatYouKill.tryProduce(EatWhatYouKill.java:173) [jetty-util-9.4.54.v20240208.jar:9.4.54.v20240208]
	at org.eclipse.jetty.util.thread.strategy.EatWhatYouKill.run(EatWhatYouKill.java:131) [jetty-util-9.4.54.v20240208.jar:9.4.54.v20240208]
	at org.eclipse.jetty.util.thread.ReservedThreadExecutor$ReservedThread.run(ReservedThreadExecutor.java:409) [jetty-util-9.4.54.v20240208.jar:9.4.54.v20240208]
	at org.eclipse.jetty.util.thread.QueuedThreadPool.runJob(QueuedThreadPool.java:883) [jetty-util-9.4.54.v20240208.jar:9.4.54.v20240208]
	at org.eclipse.jetty.util.thread.QueuedThreadPool$Runner.run(QueuedThreadPool.java:1034) [jetty-util-9.4.54.v20240208.jar:9.4.54.v20240208]
	at java.lang.Thread.run(Thread.java:840) [?:?]
Caused by: java.sql.SQLTransientConnectionException: HikariPool-21 - Connection is not available, request timed out after 30000ms (total=0, active=0, idle=0, waiting=0)
	at com.zaxxer.hikari.pool.HikariPool.createTimeoutException(HikariPool.java:686) ~[?:?]
	at com.zaxxer.hikari.pool.HikariPool.getConnection(HikariPool.java:179) ~[?:?]
	at com.zaxxer.hikari.pool.HikariPool.getConnection(HikariPool.java:144) ~[?:?]
	at com.zaxxer.hikari.HikariDataSource.getConnection(HikariDataSource.java:99) ~[?:?]
	at net.corda.db.core.DataSourceFactoryImpl$HikariDataSourceWrapper.getConnection(DataSourceFactoryImpl.kt) ~[?:?]
	at org.hibernate.engine.jdbc.connections.internal.DatasourceConnectionProviderImpl.getConnection(DatasourceConnectionProviderImpl.java:122) ~[?:?]
	at org.hibernate.internal.NonContextualJdbcConnectionAccess.obtainConnection(NonContextualJdbcConnectionAccess.java:38) ~[?:?]
	at org.hibernate.resource.jdbc.internal.LogicalConnectionManagedImpl.acquireConnectionIfNeeded(LogicalConnectionManagedImpl.java:108) ~[?:?]
	... 61 more
Caused by: org.postgresql.util.PSQLException: FATAL: remaining connection slots are reserved for non-replication superuser connections
	at org.postgresql.Driver$ConnectThread.getResult(Driver.java:397) ~[?:?]
	at org.postgresql.Driver.connect(Driver.java:305) ~[?:?]
	at java.sql.DriverManager.getConnection(DriverManager.java:681) ~[java.sql:?]
	at java.sql.DriverManager.getConnection(DriverManager.java:229) ~[java.sql:?]
	at org.postgresql.ds.common.BaseDataSource.getConnection(BaseDataSource.java:104) ~[?:?]
	at org.postgresql.ds.common.BaseDataSource.getConnection(BaseDataSource.java:88) ~[?:?]
	at com.zaxxer.hikari.pool.PoolBase.newConnection(PoolBase.java:360) ~[?:?]
	at com.zaxxer.hikari.pool.PoolBase.newPoolEntry(PoolBase.java:202) ~[?:?]
	at com.zaxxer.hikari.pool.HikariPool.createPoolEntry(HikariPool.java:461) ~[?:?]
	at com.zaxxer.hikari.pool.HikariPool$PoolEntryCreator.call(HikariPool.java:724) ~[?:?]
	at com.zaxxer.hikari.pool.HikariPool$PoolEntryCreator.call(HikariPool.java:703) ~[?:?]
	at java.util.concurrent.FutureTask.run(FutureTask.java:264) ~[?:?]
	at java.util.concurrent.ThreadPoolExecutor.runWorker(ThreadPoolExecutor.java:1136) ~[?:?]
	at java.util.concurrent.ThreadPoolExecutor$Worker.run(ThreadPoolExecutor.java:635) ~[?:?]
	... 1 more
2026-03-26 23:58:44.267 [JettyServerThreadPool-979] WARN  net.corda.persistence.common.PersistenceExceptionCategorizerImpl {corda.client.id=ledger-repair-E3193F94C243-1774568251258, corda.external.event.id=f1681403-3de5-414e-85b1-eea1734e7b89-iNzKctuAo9jo5bXguJnU/PqTNmHS3yTV+azsIbZKixo=-1, spanId=b99c80e81d80173b, traceId=69c5c5939b0f70e386dcd2b9d51083ac, vnode.id=E3193F94C243} - Categorized exception as TRANSIENT: org.hibernate.exception.JDBCConnectionException: Unable to acquire JDBC Connection
org.hibernate.exception.JDBCConnectionException: Unable to acquire JDBC Connection
	at org.hibernate.exception.internal.SQLExceptionTypeDelegate.convert(SQLExceptionTypeDelegate.java:48) ~[?:?]
	at org.hibernate.exception.internal.StandardSQLExceptionConverter.convert(StandardSQLExceptionConverter.java:37) ~[?:?]
	at org.hibernate.engine.jdbc.spi.SqlExceptionHelper.convert(SqlExceptionHelper.java:113) ~[?:?]
	at org.hibernate.engine.jdbc.spi.SqlExceptionHelper.convert(SqlExceptionHelper.java:99) ~[?:?]
	at org.hibernate.resource.jdbc.internal.LogicalConnectionManagedImpl.acquireConnectionIfNeeded(LogicalConnectionManagedImpl.java:111) ~[?:?]
	at org.hibernate.resource.jdbc.internal.LogicalConnectionManagedImpl.getPhysicalConnection(LogicalConnectionManagedImpl.java:138) ~[?:?]
	at org.hibernate.resource.jdbc.internal.LogicalConnectionManagedImpl.getConnectionForTransactionManagement(LogicalConnectionManagedImpl.java:276) ~[?:?]
	at org.hibernate.resource.jdbc.internal.LogicalConnectionManagedImpl.begin(LogicalConnectionManagedImpl.java:284) ~[?:?]
	at org.hibernate.resource.transaction.backend.jdbc.internal.JdbcResourceLocalTransactionCoordinatorImpl$TransactionDriverControlImpl.begin(JdbcResourceLocalTransactionCoordinatorImpl.java:246) ~[?:?]
	at org.hibernate.engine.transaction.internal.TransactionImpl.begin(TransactionImpl.java:83) ~[?:?]
	at net.corda.ledger.persistence.utxo.impl.UtxoPersistenceServiceImpl.findTransactionsWithStatusCreatedBetweenTime(UtxoPersistenceServiceImpl.kt:1362) ~[?:?]
	at net.corda.ledger.persistence.utxo.impl.request.handlers.UtxoFindTransactionsWithStatusCreatedBetweenTimeRequestHandler.execute(UtxoFindTransactionsWithStatusCreatedBetweenTimeRequestHandler.kt:24) ~[?:?]
	at net.corda.ledger.persistence.processor.LedgerPersistenceRequestProcessor$process$result$1.invoke(LedgerPersistenceRequestProcessor.kt:70) ~[?:?]
	at net.corda.ledger.persistence.processor.LedgerPersistenceRequestProcessor$process$result$1.invoke(LedgerPersistenceRequestProcessor.kt:52) ~[?:?]
	at net.corda.utilities.LogUtilsKt.withMDC(LogUtils.kt:73) ~[?:?]
	at net.corda.ledger.persistence.processor.LedgerPersistenceRequestProcessor.process(LedgerPersistenceRequestProcessor.kt:52) ~[?:?]
	at net.corda.ledger.persistence.processor.LedgerPersistenceRequestProcessor.process(LedgerPersistenceRequestProcessor.kt:29) ~[?:?]
	at net.corda.messaging.subscription.SyncRPCSubscriptionImpl.registerEndpoint$lambda$1(SyncRPCSubscriptionImpl.kt:92) ~[?:?]
	at net.corda.web.server.JavalinServer.registerEndpointInternal$lambda$15(JavalinServer.kt:150) ~[?:?]
	at io.javalin.core.security.SecurityUtil.noopAccessManager(SecurityUtil.kt:20) ~[?:?]
	at io.javalin.http.JavalinServlet.addHandler$lambda-0(JavalinServlet.kt:96) ~[?:?]
	at io.javalin.http.JavalinServlet$lifecycle$2$1$1.invoke(JavalinServlet.kt:43) ~[?:?]
	at io.javalin.http.JavalinServlet$lifecycle$2$1$1.invoke(JavalinServlet.kt:43) ~[?:?]
	at io.javalin.http.JavalinServletHandler.executeNextTask(JavalinServletHandler.kt:99) ~[?:?]
	at io.javalin.http.JavalinServletHandler.queueNextTaskOrFinish$lambda-1(JavalinServletHandler.kt:85) ~[?:?]
	at java.util.concurrent.CompletableFuture.uniComposeStage(CompletableFuture.java:1187) ~[?:?]
	at java.util.concurrent.CompletableFuture.thenCompose(CompletableFuture.java:2309) ~[?:?]
	at io.javalin.http.JavalinServletHandler.queueNextTaskOrFinish$javalin(JavalinServletHandler.kt:85) ~[?:?]
	at io.javalin.http.JavalinServlet.service(JavalinServlet.kt:89) ~[?:?]
	at javax.servlet.http.HttpServlet.service(HttpServlet.java:790) ~[javax.servlet-api-3.1.0.jar:3.1.0]
	at io.javalin.jetty.JavalinJettyServlet.service(JavalinJettyServlet.kt:58) ~[?:?]
	at javax.servlet.http.HttpServlet.service(HttpServlet.java:790) ~[javax.servlet-api-3.1.0.jar:3.1.0]
	at org.eclipse.jetty.servlet.ServletHolder.handle(ServletHolder.java:799) ~[?:?]
	at org.eclipse.jetty.servlet.ServletHandler$ChainEnd.doFilter(ServletHandler.java:1656) ~[?:?]
	at brave.servlet.TracingFilter.doFilter(TracingFilter.java:89) ~[?:?]
	at org.eclipse.jetty.servlet.FilterHolder.doFilter(FilterHolder.java:193) ~[?:?]
	at org.eclipse.jetty.servlet.ServletHandler$Chain.doFilter(ServletHandler.java:1626) ~[?:?]
	at org.eclipse.jetty.servlet.ServletHandler.doHandle(ServletHandler.java:552) ~[?:?]
	at org.eclipse.jetty.server.handler.ScopedHandler.nextHandle(ScopedHandler.java:233) ~[jetty-server-9.4.54.v20240208.jar:9.4.54.v20240208]
	at org.eclipse.jetty.server.session.SessionHandler.doHandle(SessionHandler.java:1624) ~[jetty-server-9.4.54.v20240208.jar:9.4.54.v20240208]
	at org.eclipse.jetty.server.handler.ScopedHandler.nextHandle(ScopedHandler.java:233) ~[jetty-server-9.4.54.v20240208.jar:9.4.54.v20240208]
	at io.javalin.jetty.JettyServer$start$wsAndHttpHandler$1.doHandle(JettyServer.kt:52) ~[?:?]
	at org.eclipse.jetty.server.handler.ScopedHandler.nextScope(ScopedHandler.java:188) ~[jetty-server-9.4.54.v20240208.jar:9.4.54.v20240208]
	at org.eclipse.jetty.servlet.ServletHandler.doScope(ServletHandler.java:505) ~[?:?]
	at org.eclipse.jetty.server.session.SessionHandler.doScope(SessionHandler.java:1594) ~[jetty-server-9.4.54.v20240208.jar:9.4.54.v20240208]
	at org.eclipse.jetty.server.handler.ScopedHandler.nextScope(ScopedHandler.java:186) ~[jetty-server-9.4.54.v20240208.jar:9.4.54.v20240208]
	at org.eclipse.jetty.server.handler.ContextHandler.doScope(ContextHandler.java:1355) ~[jetty-server-9.4.54.v20240208.jar:9.4.54.v20240208]
	at org.eclipse.jetty.server.handler.ScopedHandler.handle(ScopedHandler.java:141) ~[jetty-server-9.4.54.v20240208.jar:9.4.54.v20240208]
	at org.eclipse.jetty.server.handler.StatisticsHandler.handle(StatisticsHandler.java:181) ~[jetty-server-9.4.54.v20240208.jar:9.4.54.v20240208]
	at org.eclipse.jetty.server.handler.HandlerWrapper.handle(HandlerWrapper.java:127) ~[jetty-server-9.4.54.v20240208.jar:9.4.54.v20240208]
	at org.eclipse.jetty.server.Server.handle(Server.java:516) ~[jetty-server-9.4.54.v20240208.jar:9.4.54.v20240208]
	at org.eclipse.jetty.server.HttpChannel.lambda$handle$1(HttpChannel.java:487) ~[jetty-server-9.4.54.v20240208.jar:9.4.54.v20240208]
	at org.eclipse.jetty.server.HttpChannel.dispatch(HttpChannel.java:732) [jetty-server-9.4.54.v20240208.jar:9.4.54.v20240208]
	at org.eclipse.jetty.server.HttpChannel.handle(HttpChannel.java:479) [jetty-server-9.4.54.v20240208.jar:9.4.54.v20240208]
	at org.eclipse.jetty.server.HttpConnection.onFillable(HttpConnection.java:277) [jetty-server-9.4.54.v20240208.jar:9.4.54.v20240208]
	at org.eclipse.jetty.io.AbstractConnection$ReadCallback.succeeded(AbstractConnection.java:311) [jetty-io-9.4.54.v20240208.jar:9.4.54.v20240208]
	at org.eclipse.jetty.io.FillInterest.fillable(FillInterest.java:105) [jetty-io-9.4.54.v20240208.jar:9.4.54.v20240208]
	at org.eclipse.jetty.io.ChannelEndPoint$1.run(ChannelEndPoint.java:104) [jetty-io-9.4.54.v20240208.jar:9.4.54.v20240208]
	at org.eclipse.jetty.util.thread.strategy.EatWhatYouKill.runTask(EatWhatYouKill.java:338) [jetty-util-9.4.54.v20240208.jar:9.4.54.v20240208]
	at org.eclipse.jetty.util.thread.strategy.EatWhatYouKill.doProduce(EatWhatYouKill.java:315) [jetty-util-9.4.54.v20240208.jar:9.4.54.v20240208]
	at org.eclipse.jetty.util.thread.strategy.EatWhatYouKill.tryProduce(EatWhatYouKill.java:173) [jetty-util-9.4.54.v20240208.jar:9.4.54.v20240208]
	at org.eclipse.jetty.util.thread.strategy.EatWhatYouKill.run(EatWhatYouKill.java:131) [jetty-util-9.4.54.v20240208.jar:9.4.54.v20240208]
	at org.eclipse.jetty.util.thread.ReservedThreadExecutor$ReservedThread.run(ReservedThreadExecutor.java:409) [jetty-util-9.4.54.v20240208.jar:9.4.54.v20240208]
	at org.eclipse.jetty.util.thread.QueuedThreadPool.runJob(QueuedThreadPool.java:883) [jetty-util-9.4.54.v20240208.jar:9.4.54.v20240208]
	at org.eclipse.jetty.util.thread.QueuedThreadPool$Runner.run(QueuedThreadPool.java:1034) [jetty-util-9.4.54.v20240208.jar:9.4.54.v20240208]
	at java.lang.Thread.run(Thread.java:840) [?:?]
Caused by: java.sql.SQLTransientConnectionException: HikariPool-22 - Connection is not available, request timed out after 30000ms (total=0, active=0, idle=0, waiting=0)
	at com.zaxxer.hikari.pool.HikariPool.createTimeoutException(HikariPool.java:686) ~[?:?]
	at com.zaxxer.hikari.pool.HikariPool.getConnection(HikariPool.java:179) ~[?:?]
	at com.zaxxer.hikari.pool.HikariPool.getConnection(HikariPool.java:144) ~[?:?]
	at com.zaxxer.hikari.HikariDataSource.getConnection(HikariDataSource.java:99) ~[?:?]
	at net.corda.db.core.DataSourceFactoryImpl$HikariDataSourceWrapper.getConnection(DataSourceFactoryImpl.kt) ~[?:?]
	at org.hibernate.engine.jdbc.connections.internal.DatasourceConnectionProviderImpl.getConnection(DatasourceConnectionProviderImpl.java:122) ~[?:?]
	at org.hibernate.internal.NonContextualJdbcConnectionAccess.obtainConnection(NonContextualJdbcConnectionAccess.java:38) ~[?:?]
	at org.hibernate.resource.jdbc.internal.LogicalConnectionManagedImpl.acquireConnectionIfNeeded(LogicalConnectionManagedImpl.java:108) ~[?:?]
	... 61 more
Caused by: org.postgresql.util.PSQLException: FATAL: remaining connection slots are reserved for non-replication superuser connections
	at org.postgresql.Driver$ConnectThread.getResult(Driver.java:397) ~[?:?]
	at org.postgresql.Driver.connect(Driver.java:305) ~[?:?]
	at java.sql.DriverManager.getConnection(DriverManager.java:681) ~[java.sql:?]
	at java.sql.DriverManager.getConnection(DriverManager.java:229) ~[java.sql:?]
	at org.postgresql.ds.common.BaseDataSource.getConnection(BaseDataSource.java:104) ~[?:?]
	at org.postgresql.ds.common.BaseDataSource.getConnection(BaseDataSource.java:88) ~[?:?]
	at com.zaxxer.hikari.pool.PoolBase.newConnection(PoolBase.java:360) ~[?:?]
	at com.zaxxer.hikari.pool.PoolBase.newPoolEntry(PoolBase.java:202) ~[?:?]
	at com.zaxxer.hikari.pool.HikariPool.createPoolEntry(HikariPool.java:461) ~[?:?]
	at com.zaxxer.hikari.pool.HikariPool$PoolEntryCreator.call(HikariPool.java:724) ~[?:?]
	at com.zaxxer.hikari.pool.HikariPool$PoolEntryCreator.call(HikariPool.java:703) ~[?:?]
	at java.util.concurrent.FutureTask.run(FutureTask.java:264) ~[?:?]
	at java.util.concurrent.ThreadPoolExecutor.runWorker(ThreadPoolExecutor.java:1136) ~[?:?]
	at java.util.concurrent.ThreadPoolExecutor$Worker.run(ThreadPoolExecutor.java:635) ~[?:?]
	... 1 more
2026-03-26 23:58:44.275 [JettyServerThreadPool-15132] WARN  net.corda.messaging.subscription.SyncRPCSubscriptionImpl {spanId=64d8291ff675ba27, traceId=69c5c59351b0d06fd3275061f8e428f1, vnode.id=524FEE159D0F} - Transient error processing RPC request for Endpoint(methodType=POST, path='/ledger', isApi=true): Transient server exception while processing request 'e3a2358c-64ba-46b4-936d-350e714f538e-iNzKctuAo9jo5bXguJnU/PqTNmHS3yTV+azsIbZKixo=-1'. Cause: Unable to acquire JDBC Connection
net.corda.messaging.api.exception.CordaHTTPServerTransientException: Transient server exception while processing request 'e3a2358c-64ba-46b4-936d-350e714f538e-iNzKctuAo9jo5bXguJnU/PqTNmHS3yTV+azsIbZKixo=-1'. Cause: Unable to acquire JDBC Connection
	at net.corda.persistence.common.ResponseFactoryImpl.errorResponse(ResponseFactoryImpl.kt:60) ~[?:?]
	at net.corda.ledger.persistence.processor.LedgerPersistenceRequestProcessor$process$result$1.invoke(LedgerPersistenceRequestProcessor.kt:82) ~[?:?]
	at net.corda.ledger.persistence.processor.LedgerPersistenceRequestProcessor$process$result$1.invoke(LedgerPersistenceRequestProcessor.kt:52) ~[?:?]
	at net.corda.utilities.LogUtilsKt.withMDC(LogUtils.kt:73) ~[?:?]
	at net.corda.ledger.persistence.processor.LedgerPersistenceRequestProcessor.process(LedgerPersistenceRequestProcessor.kt:52) ~[?:?]
	at net.corda.ledger.persistence.processor.LedgerPersistenceRequestProcessor.process(LedgerPersistenceRequestProcessor.kt:29) ~[?:?]
	at net.corda.messaging.subscription.SyncRPCSubscriptionImpl.registerEndpoint$lambda$1(SyncRPCSubscriptionImpl.kt:92) ~[?:?]
	at net.corda.web.server.JavalinServer.registerEndpointInternal$lambda$15(JavalinServer.kt:150) ~[?:?]
	at io.javalin.core.security.SecurityUtil.noopAccessManager(SecurityUtil.kt:20) ~[?:?]
	at io.javalin.http.JavalinServlet.addHandler$lambda-0(JavalinServlet.kt:96) ~[?:?]
	at io.javalin.http.JavalinServlet$lifecycle$2$1$1.invoke(JavalinServlet.kt:43) ~[?:?]
	at io.javalin.http.JavalinServlet$lifecycle$2$1$1.invoke(JavalinServlet.kt:43) ~[?:?]
	at io.javalin.http.JavalinServletHandler.executeNextTask(JavalinServletHandler.kt:99) ~[?:?]
	at io.javalin.http.JavalinServletHandler.queueNextTaskOrFinish$lambda-1(JavalinServletHandler.kt:85) ~[?:?]
	at java.util.concurrent.CompletableFuture.uniComposeStage(CompletableFuture.java:1187) ~[?:?]
	at java.util.concurrent.CompletableFuture.thenCompose(CompletableFuture.java:2309) ~[?:?]
	at io.javalin.http.JavalinServletHandler.queueNextTaskOrFinish$javalin(JavalinServletHandler.kt:85) ~[?:?]
	at io.javalin.http.JavalinServlet.service(JavalinServlet.kt:89) ~[?:?]
	at javax.servlet.http.HttpServlet.service(HttpServlet.java:790) ~[javax.servlet-api-3.1.0.jar:3.1.0]
	at io.javalin.jetty.JavalinJettyServlet.service(JavalinJettyServlet.kt:58) ~[?:?]
	at javax.servlet.http.HttpServlet.service(HttpServlet.java:790) ~[javax.servlet-api-3.1.0.jar:3.1.0]
	at org.eclipse.jetty.servlet.ServletHolder.handle(ServletHolder.java:799) ~[?:?]
	at org.eclipse.jetty.servlet.ServletHandler$ChainEnd.doFilter(ServletHandler.java:1656) ~[?:?]
	at brave.servlet.TracingFilter.doFilter(TracingFilter.java:89) ~[?:?]
	at org.eclipse.jetty.servlet.FilterHolder.doFilter(FilterHolder.java:193) ~[?:?]
	at org.eclipse.jetty.servlet.ServletHandler$Chain.doFilter(ServletHandler.java:1626) ~[?:?]
	at org.eclipse.jetty.servlet.ServletHandler.doHandle(ServletHandler.java:552) ~[?:?]
	at org.eclipse.jetty.server.handler.ScopedHandler.nextHandle(ScopedHandler.java:233) ~[jetty-server-9.4.54.v20240208.jar:9.4.54.v20240208]
	at org.eclipse.jetty.server.session.SessionHandler.doHandle(SessionHandler.java:1624) ~[jetty-server-9.4.54.v20240208.jar:9.4.54.v20240208]
	at org.eclipse.jetty.server.handler.ScopedHandler.nextHandle(ScopedHandler.java:233) ~[jetty-server-9.4.54.v20240208.jar:9.4.54.v20240208]
	at io.javalin.jetty.JettyServer$start$wsAndHttpHandler$1.doHandle(JettyServer.kt:52) ~[?:?]
	at org.eclipse.jetty.server.handler.ScopedHandler.nextScope(ScopedHandler.java:188) ~[jetty-server-9.4.54.v20240208.jar:9.4.54.v20240208]
	at org.eclipse.jetty.servlet.ServletHandler.doScope(ServletHandler.java:505) ~[?:?]
	at org.eclipse.jetty.server.session.SessionHandler.doScope(SessionHandler.java:1594) ~[jetty-server-9.4.54.v20240208.jar:9.4.54.v20240208]
	at org.eclipse.jetty.server.handler.ScopedHandler.nextScope(ScopedHandler.java:186) ~[jetty-server-9.4.54.v20240208.jar:9.4.54.v20240208]
	at org.eclipse.jetty.server.handler.ContextHandler.doScope(ContextHandler.java:1355) ~[jetty-server-9.4.54.v20240208.jar:9.4.54.v20240208]
	at org.eclipse.jetty.server.handler.ScopedHandler.handle(ScopedHandler.java:141) ~[jetty-server-9.4.54.v20240208.jar:9.4.54.v20240208]
	at org.eclipse.jetty.server.handler.StatisticsHandler.handle(StatisticsHandler.java:181) ~[jetty-server-9.4.54.v20240208.jar:9.4.54.v20240208]
	at org.eclipse.jetty.server.handler.HandlerWrapper.handle(HandlerWrapper.java:127) ~[jetty-server-9.4.54.v20240208.jar:9.4.54.v20240208]
	at org.eclipse.jetty.server.Server.handle(Server.java:516) ~[jetty-server-9.4.54.v20240208.jar:9.4.54.v20240208]
	at org.eclipse.jetty.server.HttpChannel.lambda$handle$1(HttpChannel.java:487) ~[jetty-server-9.4.54.v20240208.jar:9.4.54.v20240208]
	at org.eclipse.jetty.server.HttpChannel.dispatch(HttpChannel.java:732) [jetty-server-9.4.54.v20240208.jar:9.4.54.v20240208]
	at org.eclipse.jetty.server.HttpChannel.handle(HttpChannel.java:479) [jetty-server-9.4.54.v20240208.jar:9.4.54.v20240208]
	at org.eclipse.jetty.server.HttpConnection.onFillable(HttpConnection.java:277) [jetty-server-9.4.54.v20240208.jar:9.4.54.v20240208]
	at org.eclipse.jetty.io.AbstractConnection$ReadCallback.succeeded(AbstractConnection.java:311) [jetty-io-9.4.54.v20240208.jar:9.4.54.v20240208]
	at org.eclipse.jetty.io.FillInterest.fillable(FillInterest.java:105) [jetty-io-9.4.54.v20240208.jar:9.4.54.v20240208]
	at org.eclipse.jetty.io.ChannelEndPoint$1.run(ChannelEndPoint.java:104) [jetty-io-9.4.54.v20240208.jar:9.4.54.v20240208]
	at org.eclipse.jetty.util.thread.strategy.EatWhatYouKill.runTask(EatWhatYouKill.java:338) [jetty-util-9.4.54.v20240208.jar:9.4.54.v20240208]
	at org.eclipse.jetty.util.thread.strategy.EatWhatYouKill.doProduce(EatWhatYouKill.java:315) [jetty-util-9.4.54.v20240208.jar:9.4.54.v20240208]
	at org.eclipse.jetty.util.thread.strategy.EatWhatYouKill.tryProduce(EatWhatYouKill.java:173) [jetty-util-9.4.54.v20240208.jar:9.4.54.v20240208]
	at org.eclipse.jetty.util.thread.strategy.EatWhatYouKill.run(EatWhatYouKill.java:131) [jetty-util-9.4.54.v20240208.jar:9.4.54.v20240208]
	at org.eclipse.jetty.util.thread.ReservedThreadExecutor$ReservedThread.run(ReservedThreadExecutor.java:409) [jetty-util-9.4.54.v20240208.jar:9.4.54.v20240208]
	at org.eclipse.jetty.util.thread.QueuedThreadPool.runJob(QueuedThreadPool.java:883) [jetty-util-9.4.54.v20240208.jar:9.4.54.v20240208]
	at org.eclipse.jetty.util.thread.QueuedThreadPool$Runner.run(QueuedThreadPool.java:1034) [jetty-util-9.4.54.v20240208.jar:9.4.54.v20240208]
	at java.lang.Thread.run(Thread.java:840) [?:?]
Caused by: org.hibernate.exception.JDBCConnectionException: Unable to acquire JDBC Connection
	at org.hibernate.exception.internal.SQLExceptionTypeDelegate.convert(SQLExceptionTypeDelegate.java:48) ~[?:?]
	at org.hibernate.exception.internal.StandardSQLExceptionConverter.convert(StandardSQLExceptionConverter.java:37) ~[?:?]
	at org.hibernate.engine.jdbc.spi.SqlExceptionHelper.convert(SqlExceptionHelper.java:113) ~[?:?]
	at org.hibernate.engine.jdbc.spi.SqlExceptionHelper.convert(SqlExceptionHelper.java:99) ~[?:?]
	at org.hibernate.resource.jdbc.internal.LogicalConnectionManagedImpl.acquireConnectionIfNeeded(LogicalConnectionManagedImpl.java:111) ~[?:?]
	at org.hibernate.resource.jdbc.internal.LogicalConnectionManagedImpl.getPhysicalConnection(LogicalConnectionManagedImpl.java:138) ~[?:?]
	at org.hibernate.resource.jdbc.internal.LogicalConnectionManagedImpl.getConnectionForTransactionManagement(LogicalConnectionManagedImpl.java:276) ~[?:?]
	at org.hibernate.resource.jdbc.internal.LogicalConnectionManagedImpl.begin(LogicalConnectionManagedImpl.java:284) ~[?:?]
	at org.hibernate.resource.transaction.backend.jdbc.internal.JdbcResourceLocalTransactionCoordinatorImpl$TransactionDriverControlImpl.begin(JdbcResourceLocalTransactionCoordinatorImpl.java:246) ~[?:?]
	at org.hibernate.engine.transaction.internal.TransactionImpl.begin(TransactionImpl.java:83) ~[?:?]
	at net.corda.ledger.persistence.utxo.impl.UtxoPersistenceServiceImpl.findTransactionsWithStatusCreatedBetweenTime(UtxoPersistenceServiceImpl.kt:1362) ~[?:?]
	at net.corda.ledger.persistence.utxo.impl.request.handlers.UtxoFindTransactionsWithStatusCreatedBetweenTimeRequestHandler.execute(UtxoFindTransactionsWithStatusCreatedBetweenTimeRequestHandler.kt:24) ~[?:?]
	at net.corda.ledger.persistence.processor.LedgerPersistenceRequestProcessor$process$result$1.invoke(LedgerPersistenceRequestProcessor.kt:70) ~[?:?]
	... 53 more
Caused by: java.sql.SQLTransientConnectionException: HikariPool-21 - Connection is not available, request timed out after 30000ms (total=0, active=0, idle=0, waiting=0)
	at com.zaxxer.hikari.pool.HikariPool.createTimeoutException(HikariPool.java:686) ~[?:?]
	at com.zaxxer.hikari.pool.HikariPool.getConnection(HikariPool.java:179) ~[?:?]
	at com.zaxxer.hikari.pool.HikariPool.getConnection(HikariPool.java:144) ~[?:?]
	at com.zaxxer.hikari.HikariDataSource.getConnection(HikariDataSource.java:99) ~[?:?]
	at net.corda.db.core.DataSourceFactoryImpl$HikariDataSourceWrapper.getConnection(DataSourceFactoryImpl.kt) ~[?:?]
	at org.hibernate.engine.jdbc.connections.internal.DatasourceConnectionProviderImpl.getConnection(DatasourceConnectionProviderImpl.java:122) ~[?:?]
	at org.hibernate.internal.NonContextualJdbcConnectionAccess.obtainConnection(NonContextualJdbcConnectionAccess.java:38) ~[?:?]
	at org.hibernate.resource.jdbc.internal.LogicalConnectionManagedImpl.acquireConnectionIfNeeded(LogicalConnectionManagedImpl.java:108) ~[?:?]
	at org.hibernate.resource.jdbc.internal.LogicalConnectionManagedImpl.getPhysicalConnection(LogicalConnectionManagedImpl.java:138) ~[?:?]
	at org.hibernate.resource.jdbc.internal.LogicalConnectionManagedImpl.getConnectionForTransactionManagement(LogicalConnectionManagedImpl.java:276) ~[?:?]
	at org.hibernate.resource.jdbc.internal.LogicalConnectionManagedImpl.begin(LogicalConnectionManagedImpl.java:284) ~[?:?]
	at org.hibernate.resource.transaction.backend.jdbc.internal.JdbcResourceLocalTransactionCoordinatorImpl$TransactionDriverControlImpl.begin(JdbcResourceLocalTransactionCoordinatorImpl.java:246) ~[?:?]
	at org.hibernate.engine.transaction.internal.TransactionImpl.begin(TransactionImpl.java:83) ~[?:?]
	at net.corda.ledger.persistence.utxo.impl.UtxoPersistenceServiceImpl.findTransactionsWithStatusCreatedBetweenTime(UtxoPersistenceServiceImpl.kt:1362) ~[?:?]
	at net.corda.ledger.persistence.utxo.impl.request.handlers.UtxoFindTransactionsWithStatusCreatedBetweenTimeRequestHandler.execute(UtxoFindTransactionsWithStatusCreatedBetweenTimeRequestHandler.kt:24) ~[?:?]
	at net.corda.ledger.persistence.processor.LedgerPersistenceRequestProcessor$process$result$1.invoke(LedgerPersistenceRequestProcessor.kt:70) ~[?:?]
	... 53 more
Caused by: org.postgresql.util.PSQLException: FATAL: remaining connection slots are reserved for non-replication superuser connections
	at org.postgresql.Driver$ConnectThread.getResult(Driver.java:397) ~[?:?]
	at org.postgresql.Driver.connect(Driver.java:305) ~[?:?]
	at java.sql.DriverManager.getConnection(DriverManager.java:681) ~[java.sql:?]
	at java.sql.DriverManager.getConnection(DriverManager.java:229) ~[java.sql:?]
	at org.postgresql.ds.common.BaseDataSource.getConnection(BaseDataSource.java:104) ~[?:?]
	at org.postgresql.ds.common.BaseDataSource.getConnection(BaseDataSource.java:88) ~[?:?]
	at com.zaxxer.hikari.pool.PoolBase.newConnection(PoolBase.java:360) ~[?:?]
	at com.zaxxer.hikari.pool.PoolBase.newPoolEntry(PoolBase.java:202) ~[?:?]
	at com.zaxxer.hikari.pool.HikariPool.createPoolEntry(HikariPool.java:461) ~[?:?]
	at com.zaxxer.hikari.pool.HikariPool$PoolEntryCreator.call(HikariPool.java:724) ~[?:?]
	at com.zaxxer.hikari.pool.HikariPool$PoolEntryCreator.call(HikariPool.java:703) ~[?:?]
	at java.util.concurrent.FutureTask.run(FutureTask.java:264) ~[?:?]
	at java.util.concurrent.ThreadPoolExecutor.runWorker(ThreadPoolExecutor.java:1136) ~[?:?]
	at java.util.concurrent.ThreadPoolExecutor$Worker.run(ThreadPoolExecutor.java:635) ~[?:?]
	... 1 more
2026-03-26 23:58:44.293 [flow-event-mediator-thread-1] WARN  net.corda.messaging.mediator.RPCClient {} - Intermittent error in RPCClient request http://localhost:7004/api/5.2/ledger: 
net.corda.messaging.api.exception.CordaHTTPClientSideTransientException: Server returned a transient error
	at net.corda.messaging.utils.HTTPRetryExecutor$Companion.checkResponseStatus(HTTPRetryExecutor.kt:75) ~[?:?]
	at net.corda.messaging.utils.HTTPRetryExecutor$Companion.tryAttempt(HTTPRetryExecutor.kt:46) ~[?:?]
	at net.corda.messaging.utils.HTTPRetryExecutor$Companion.withConfig(HTTPRetryExecutor.kt:23) ~[?:?]
	at net.corda.messaging.mediator.RPCClient.sendWithRetry(RPCClient.kt:132) ~[?:?]
	at net.corda.messaging.mediator.RPCClient.processMessage(RPCClient.kt:61) ~[?:?]
	at net.corda.messaging.mediator.RPCClient.send(RPCClient.kt:52) ~[?:?]
	at net.corda.messaging.mediator.processor.EventProcessor.processSyncEvents(EventProcessor.kt:191) ~[?:?]
	at net.corda.messaging.mediator.processor.EventProcessor.processConsumerInput(EventProcessor.kt:144) ~[?:?]
	at net.corda.messaging.mediator.processor.EventProcessor.processRecords(EventProcessor.kt:78) ~[?:?]
	at net.corda.messaging.mediator.processor.EventProcessor.processEvents(EventProcessor.kt:64) ~[?:?]
	at net.corda.messaging.mediator.processor.ConsumerProcessor$processInputs$2$future$1.invoke(ConsumerProcessor.kt:169) ~[?:?]
	at net.corda.messaging.mediator.processor.ConsumerProcessor$processInputs$2$future$1.invoke(ConsumerProcessor.kt:168) ~[?:?]
	at net.corda.taskmanager.impl.TaskManagerImpl.executeShortRunningTask$lambda$1(TaskManagerImpl.kt:40) ~[?:?]
	at io.micrometer.core.instrument.internal.TimedCallable.call(TimedCallable.java:51) [micrometer-core-1.12.3.jar:1.12.3]
	at java.util.concurrent.FutureTask.run(FutureTask.java:264) [?:?]
	at java.util.concurrent.ThreadPoolExecutor.runWorker(ThreadPoolExecutor.java:1136) [?:?]
	at java.util.concurrent.ThreadPoolExecutor$Worker.run(ThreadPoolExecutor.java:635) [?:?]
	at java.lang.Thread.run(Thread.java:840) [?:?]
2026-03-26 23:58:44.298 [flow-event-mediator-thread-1] INFO  net.corda.flow.pipeline.handlers.events.StartFlowEventHandler {corda.client.id=ledger-repair-7BB3E95CF268-1774568251258, flow.id=566f82e0-33e4-41b4-95f0-e971caf00b7c, spanId=62c20944130de054, traceId=69c5c593256c1684fc209c2cd993a021, vnode.id=7BB3E95CF268} - Flow [566f82e0-33e4-41b4-95f0-e971caf00b7c] started
2026-03-26 23:58:44.287 [JettyServerThreadPool-979] WARN  net.corda.messaging.subscription.SyncRPCSubscriptionImpl {spanId=b99c80e81d80173b, traceId=69c5c5939b0f70e386dcd2b9d51083ac, vnode.id=E3193F94C243} - Transient error processing RPC request for Endpoint(methodType=POST, path='/ledger', isApi=true): Transient server exception while processing request 'f1681403-3de5-414e-85b1-eea1734e7b89-iNzKctuAo9jo5bXguJnU/PqTNmHS3yTV+azsIbZKixo=-1'. Cause: Unable to acquire JDBC Connection
net.corda.messaging.api.exception.CordaHTTPServerTransientException: Transient server exception while processing request 'f1681403-3de5-414e-85b1-eea1734e7b89-iNzKctuAo9jo5bXguJnU/PqTNmHS3yTV+azsIbZKixo=-1'. Cause: Unable to acquire JDBC Connection
	at net.corda.persistence.common.ResponseFactoryImpl.errorResponse(ResponseFactoryImpl.kt:60) ~[?:?]
	at net.corda.ledger.persistence.processor.LedgerPersistenceRequestProcessor$process$result$1.invoke(LedgerPersistenceRequestProcessor.kt:82) ~[?:?]
	at net.corda.ledger.persistence.processor.LedgerPersistenceRequestProcessor$process$result$1.invoke(LedgerPersistenceRequestProcessor.kt:52) ~[?:?]
	at net.corda.utilities.LogUtilsKt.withMDC(LogUtils.kt:73) ~[?:?]
	at net.corda.ledger.persistence.processor.LedgerPersistenceRequestProcessor.process(LedgerPersistenceRequestProcessor.kt:52) ~[?:?]
	at net.corda.ledger.persistence.processor.LedgerPersistenceRequestProcessor.process(LedgerPersistenceRequestProcessor.kt:29) ~[?:?]
	at net.corda.messaging.subscription.SyncRPCSubscriptionImpl.registerEndpoint$lambda$1(SyncRPCSubscriptionImpl.kt:92) ~[?:?]
	at net.corda.web.server.JavalinServer.registerEndpointInternal$lambda$15(JavalinServer.kt:150) ~[?:?]
	at io.javalin.core.security.SecurityUtil.noopAccessManager(SecurityUtil.kt:20) ~[?:?]
	at io.javalin.http.JavalinServlet.addHandler$lambda-0(JavalinServlet.kt:96) ~[?:?]
	at io.javalin.http.JavalinServlet$lifecycle$2$1$1.invoke(JavalinServlet.kt:43) ~[?:?]
	at io.javalin.http.JavalinServlet$lifecycle$2$1$1.invoke(JavalinServlet.kt:43) ~[?:?]
	at io.javalin.http.JavalinServletHandler.executeNextTask(JavalinServletHandler.kt:99) ~[?:?]
	at io.javalin.http.JavalinServletHandler.queueNextTaskOrFinish$lambda-1(JavalinServletHandler.kt:85) ~[?:?]
	at java.util.concurrent.CompletableFuture.uniComposeStage(CompletableFuture.java:1187) ~[?:?]
	at java.util.concurrent.CompletableFuture.thenCompose(CompletableFuture.java:2309) ~[?:?]
	at io.javalin.http.JavalinServletHandler.queueNextTaskOrFinish$javalin(JavalinServletHandler.kt:85) ~[?:?]
	at io.javalin.http.JavalinServlet.service(JavalinServlet.kt:89) ~[?:?]
	at javax.servlet.http.HttpServlet.service(HttpServlet.java:790) ~[javax.servlet-api-3.1.0.jar:3.1.0]
	at io.javalin.jetty.JavalinJettyServlet.service(JavalinJettyServlet.kt:58) ~[?:?]
	at javax.servlet.http.HttpServlet.service(HttpServlet.java:790) ~[javax.servlet-api-3.1.0.jar:3.1.0]
	at org.eclipse.jetty.servlet.ServletHolder.handle(ServletHolder.java:799) ~[?:?]
	at org.eclipse.jetty.servlet.ServletHandler$ChainEnd.doFilter(ServletHandler.java:1656) ~[?:?]
	at brave.servlet.TracingFilter.doFilter(TracingFilter.java:89) ~[?:?]
	at org.eclipse.jetty.servlet.FilterHolder.doFilter(FilterHolder.java:193) ~[?:?]
	at org.eclipse.jetty.servlet.ServletHandler$Chain.doFilter(ServletHandler.java:1626) ~[?:?]
	at org.eclipse.jetty.servlet.ServletHandler.doHandle(ServletHandler.java:552) ~[?:?]
	at org.eclipse.jetty.server.handler.ScopedHandler.nextHandle(ScopedHandler.java:233) ~[jetty-server-9.4.54.v20240208.jar:9.4.54.v20240208]
	at org.eclipse.jetty.server.session.SessionHandler.doHandle(SessionHandler.java:1624) ~[jetty-server-9.4.54.v20240208.jar:9.4.54.v20240208]
	at org.eclipse.jetty.server.handler.ScopedHandler.nextHandle(ScopedHandler.java:233) ~[jetty-server-9.4.54.v20240208.jar:9.4.54.v20240208]
	at io.javalin.jetty.JettyServer$start$wsAndHttpHandler$1.doHandle(JettyServer.kt:52) ~[?:?]
	at org.eclipse.jetty.server.handler.ScopedHandler.nextScope(ScopedHandler.java:188) ~[jetty-server-9.4.54.v20240208.jar:9.4.54.v20240208]
	at org.eclipse.jetty.servlet.ServletHandler.doScope(ServletHandler.java:505) ~[?:?]
	at org.eclipse.jetty.server.session.SessionHandler.doScope(SessionHandler.java:1594) ~[jetty-server-9.4.54.v20240208.jar:9.4.54.v20240208]
	at org.eclipse.jetty.server.handler.ScopedHandler.nextScope(ScopedHandler.java:186) ~[jetty-server-9.4.54.v20240208.jar:9.4.54.v20240208]
	at org.eclipse.jetty.server.handler.ContextHandler.doScope(ContextHandler.java:1355) ~[jetty-server-9.4.54.v20240208.jar:9.4.54.v20240208]
	at org.eclipse.jetty.server.handler.ScopedHandler.handle(ScopedHandler.java:141) ~[jetty-server-9.4.54.v20240208.jar:9.4.54.v20240208]
	at org.eclipse.jetty.server.handler.StatisticsHandler.handle(StatisticsHandler.java:181) ~[jetty-server-9.4.54.v20240208.jar:9.4.54.v20240208]
	at org.eclipse.jetty.server.handler.HandlerWrapper.handle(HandlerWrapper.java:127) ~[jetty-server-9.4.54.v20240208.jar:9.4.54.v20240208]
	at org.eclipse.jetty.server.Server.handle(Server.java:516) ~[jetty-server-9.4.54.v20240208.jar:9.4.54.v20240208]
	at org.eclipse.jetty.server.HttpChannel.lambda$handle$1(HttpChannel.java:487) ~[jetty-server-9.4.54.v20240208.jar:9.4.54.v20240208]
	at org.eclipse.jetty.server.HttpChannel.dispatch(HttpChannel.java:732) [jetty-server-9.4.54.v20240208.jar:9.4.54.v20240208]
	at org.eclipse.jetty.server.HttpChannel.handle(HttpChannel.java:479) [jetty-server-9.4.54.v20240208.jar:9.4.54.v20240208]
	at org.eclipse.jetty.server.HttpConnection.onFillable(HttpConnection.java:277) [jetty-server-9.4.54.v20240208.jar:9.4.54.v20240208]
	at org.eclipse.jetty.io.AbstractConnection$ReadCallback.succeeded(AbstractConnection.java:311) [jetty-io-9.4.54.v20240208.jar:9.4.54.v20240208]
	at org.eclipse.jetty.io.FillInterest.fillable(FillInterest.java:105) [jetty-io-9.4.54.v20240208.jar:9.4.54.v20240208]
	at org.eclipse.jetty.io.ChannelEndPoint$1.run(ChannelEndPoint.java:104) [jetty-io-9.4.54.v20240208.jar:9.4.54.v20240208]
	at org.eclipse.jetty.util.thread.strategy.EatWhatYouKill.runTask(EatWhatYouKill.java:338) [jetty-util-9.4.54.v20240208.jar:9.4.54.v20240208]
	at org.eclipse.jetty.util.thread.strategy.EatWhatYouKill.doProduce(EatWhatYouKill.java:315) [jetty-util-9.4.54.v20240208.jar:9.4.54.v20240208]
	at org.eclipse.jetty.util.thread.strategy.EatWhatYouKill.tryProduce(EatWhatYouKill.java:173) [jetty-util-9.4.54.v20240208.jar:9.4.54.v20240208]
	at org.eclipse.jetty.util.thread.strategy.EatWhatYouKill.run(EatWhatYouKill.java:131) [jetty-util-9.4.54.v20240208.jar:9.4.54.v20240208]
	at org.eclipse.jetty.util.thread.ReservedThreadExecutor$ReservedThread.run(ReservedThreadExecutor.java:409) [jetty-util-9.4.54.v20240208.jar:9.4.54.v20240208]
	at org.eclipse.jetty.util.thread.QueuedThreadPool.runJob(QueuedThreadPool.java:883) [jetty-util-9.4.54.v20240208.jar:9.4.54.v20240208]
	at org.eclipse.jetty.util.thread.QueuedThreadPool$Runner.run(QueuedThreadPool.java:1034) [jetty-util-9.4.54.v20240208.jar:9.4.54.v20240208]
	at java.lang.Thread.run(Thread.java:840) [?:?]
Caused by: org.hibernate.exception.JDBCConnectionException: Unable to acquire JDBC Connection
	at org.hibernate.exception.internal.SQLExceptionTypeDelegate.convert(SQLExceptionTypeDelegate.java:48) ~[?:?]
	at org.hibernate.exception.internal.StandardSQLExceptionConverter.convert(StandardSQLExceptionConverter.java:37) ~[?:?]
	at org.hibernate.engine.jdbc.spi.SqlExceptionHelper.convert(SqlExceptionHelper.java:113) ~[?:?]
	at org.hibernate.engine.jdbc.spi.SqlExceptionHelper.convert(SqlExceptionHelper.java:99) ~[?:?]
	at org.hibernate.resource.jdbc.internal.LogicalConnectionManagedImpl.acquireConnectionIfNeeded(LogicalConnectionManagedImpl.java:111) ~[?:?]
	at org.hibernate.resource.jdbc.internal.LogicalConnectionManagedImpl.getPhysicalConnection(LogicalConnectionManagedImpl.java:138) ~[?:?]
	at org.hibernate.resource.jdbc.internal.LogicalConnectionManagedImpl.getConnectionForTransactionManagement(LogicalConnectionManagedImpl.java:276) ~[?:?]
	at org.hibernate.resource.jdbc.internal.LogicalConnectionManagedImpl.begin(LogicalConnectionManagedImpl.java:284) ~[?:?]
	at org.hibernate.resource.transaction.backend.jdbc.internal.JdbcResourceLocalTransactionCoordinatorImpl$TransactionDriverControlImpl.begin(JdbcResourceLocalTransactionCoordinatorImpl.java:246) ~[?:?]
	at org.hibernate.engine.transaction.internal.TransactionImpl.begin(TransactionImpl.java:83) ~[?:?]
	at net.corda.ledger.persistence.utxo.impl.UtxoPersistenceServiceImpl.findTransactionsWithStatusCreatedBetweenTime(UtxoPersistenceServiceImpl.kt:1362) ~[?:?]
	at net.corda.ledger.persistence.utxo.impl.request.handlers.UtxoFindTransactionsWithStatusCreatedBetweenTimeRequestHandler.execute(UtxoFindTransactionsWithStatusCreatedBetweenTimeRequestHandler.kt:24) ~[?:?]
	at net.corda.ledger.persistence.processor.LedgerPersistenceRequestProcessor$process$result$1.invoke(LedgerPersistenceRequestProcessor.kt:70) ~[?:?]
	... 53 more
Caused by: java.sql.SQLTransientConnectionException: HikariPool-22 - Connection is not available, request timed out after 30000ms (total=0, active=0, idle=0, waiting=0)
	at com.zaxxer.hikari.pool.HikariPool.createTimeoutException(HikariPool.java:686) ~[?:?]
	at com.zaxxer.hikari.pool.HikariPool.getConnection(HikariPool.java:179) ~[?:?]
	at com.zaxxer.hikari.pool.HikariPool.getConnection(HikariPool.java:144) ~[?:?]
	at com.zaxxer.hikari.HikariDataSource.getConnection(HikariDataSource.java:99) ~[?:?]
	at net.corda.db.core.DataSourceFactoryImpl$HikariDataSourceWrapper.getConnection(DataSourceFactoryImpl.kt) ~[?:?]
	at org.hibernate.engine.jdbc.connections.internal.DatasourceConnectionProviderImpl.getConnection(DatasourceConnectionProviderImpl.java:122) ~[?:?]
	at org.hibernate.internal.NonContextualJdbcConnectionAccess.obtainConnection(NonContextualJdbcConnectionAccess.java:38) ~[?:?]
	at org.hibernate.resource.jdbc.internal.LogicalConnectionManagedImpl.acquireConnectionIfNeeded(LogicalConnectionManagedImpl.java:108) ~[?:?]
	at org.hibernate.resource.jdbc.internal.LogicalConnectionManagedImpl.getPhysicalConnection(LogicalConnectionManagedImpl.java:138) ~[?:?]
	at org.hibernate.resource.jdbc.internal.LogicalConnectionManagedImpl.getConnectionForTransactionManagement(LogicalConnectionManagedImpl.java:276) ~[?:?]
	at org.hibernate.resource.jdbc.internal.LogicalConnectionManagedImpl.begin(LogicalConnectionManagedImpl.java:284) ~[?:?]
	at org.hibernate.resource.transaction.backend.jdbc.internal.JdbcResourceLocalTransactionCoordinatorImpl$TransactionDriverControlImpl.begin(JdbcResourceLocalTransactionCoordinatorImpl.java:246) ~[?:?]
	at org.hibernate.engine.transaction.internal.TransactionImpl.begin(TransactionImpl.java:83) ~[?:?]
	at net.corda.ledger.persistence.utxo.impl.UtxoPersistenceServiceImpl.findTransactionsWithStatusCreatedBetweenTime(UtxoPersistenceServiceImpl.kt:1362) ~[?:?]
	at net.corda.ledger.persistence.utxo.impl.request.handlers.UtxoFindTransactionsWithStatusCreatedBetweenTimeRequestHandler.execute(UtxoFindTransactionsWithStatusCreatedBetweenTimeRequestHandler.kt:24) ~[?:?]
	at net.corda.ledger.persistence.processor.LedgerPersistenceRequestProcessor$process$result$1.invoke(LedgerPersistenceRequestProcessor.kt:70) ~[?:?]
	... 53 more
Caused by: org.postgresql.util.PSQLException: FATAL: remaining connection slots are reserved for non-replication superuser connections
	at org.postgresql.Driver$ConnectThread.getResult(Driver.java:397) ~[?:?]
	at org.postgresql.Driver.connect(Driver.java:305) ~[?:?]
	at java.sql.DriverManager.getConnection(DriverManager.java:681) ~[java.sql:?]
	at java.sql.DriverManager.getConnection(DriverManager.java:229) ~[java.sql:?]
	at org.postgresql.ds.common.BaseDataSource.getConnection(BaseDataSource.java:104) ~[?:?]
	at org.postgresql.ds.common.BaseDataSource.getConnection(BaseDataSource.java:88) ~[?:?]
	at com.zaxxer.hikari.pool.PoolBase.newConnection(PoolBase.java:360) ~[?:?]
	at com.zaxxer.hikari.pool.PoolBase.newPoolEntry(PoolBase.java:202) ~[?:?]
	at com.zaxxer.hikari.pool.HikariPool.createPoolEntry(HikariPool.java:461) ~[?:?]
	at com.zaxxer.hikari.pool.HikariPool$PoolEntryCreator.call(HikariPool.java:724) ~[?:?]
	at com.zaxxer.hikari.pool.HikariPool$PoolEntryCreator.call(HikariPool.java:703) ~[?:?]
	at java.util.concurrent.FutureTask.run(FutureTask.java:264) ~[?:?]
	at java.util.concurrent.ThreadPoolExecutor.runWorker(ThreadPoolExecutor.java:1136) ~[?:?]
	at java.util.concurrent.ThreadPoolExecutor$Worker.run(ThreadPoolExecutor.java:635) ~[?:?]
	... 1 more
2026-03-26 23:58:44.307 [flow-event-mediator-thread-0] WARN  net.corda.messaging.mediator.RPCClient {} - Intermittent error in RPCClient request http://localhost:7004/api/5.2/ledger: 
net.corda.messaging.api.exception.CordaHTTPClientSideTransientException: Server returned a transient error
	at net.corda.messaging.utils.HTTPRetryExecutor$Companion.checkResponseStatus(HTTPRetryExecutor.kt:75) ~[?:?]
	at net.corda.messaging.utils.HTTPRetryExecutor$Companion.tryAttempt(HTTPRetryExecutor.kt:46) ~[?:?]
	at net.corda.messaging.utils.HTTPRetryExecutor$Companion.withConfig(HTTPRetryExecutor.kt:23) ~[?:?]
	at net.corda.messaging.mediator.RPCClient.sendWithRetry(RPCClient.kt:132) ~[?:?]
	at net.corda.messaging.mediator.RPCClient.processMessage(RPCClient.kt:61) ~[?:?]
	at net.corda.messaging.mediator.RPCClient.send(RPCClient.kt:52) ~[?:?]
	at net.corda.messaging.mediator.processor.EventProcessor.processSyncEvents(EventProcessor.kt:191) ~[?:?]
	at net.corda.messaging.mediator.processor.EventProcessor.processConsumerInput(EventProcessor.kt:144) ~[?:?]
	at net.corda.messaging.mediator.processor.EventProcessor.processRecords(EventProcessor.kt:78) ~[?:?]
	at net.corda.messaging.mediator.processor.EventProcessor.processEvents(EventProcessor.kt:64) ~[?:?]
	at net.corda.messaging.mediator.processor.ConsumerProcessor$processInputs$2$future$1.invoke(ConsumerProcessor.kt:169) ~[?:?]
	at net.corda.messaging.mediator.processor.ConsumerProcessor$processInputs$2$future$1.invoke(ConsumerProcessor.kt:168) ~[?:?]
	at net.corda.taskmanager.impl.TaskManagerImpl.executeShortRunningTask$lambda$1(TaskManagerImpl.kt:40) ~[?:?]
	at io.micrometer.core.instrument.internal.TimedCallable.call(TimedCallable.java:51) [micrometer-core-1.12.3.jar:1.12.3]
	at java.util.concurrent.FutureTask.run(FutureTask.java:264) [?:?]
	at java.util.concurrent.ThreadPoolExecutor.runWorker(ThreadPoolExecutor.java:1136) [?:?]
	at java.util.concurrent.ThreadPoolExecutor$Worker.run(ThreadPoolExecutor.java:635) [?:?]
	at java.lang.Thread.run(Thread.java:840) [?:?]
2026-03-26 23:59:13.536 [kafka-producer-network-thread | producer--SCHEDULER_WRITER] INFO  net.corda.tracing.brave.BraveTracingService$LogReporter {spanId=9271c6b9df855148, traceId=69c5c8513a1d42b09271c6b9df855148} - {"traceId":"69c5c8513a1d42b09271c6b9df855148","id":"9271c6b9df855148","name":"kafka producer - send record to topic scheduled.task.flow.processor","timestamp":1774569553533841,"duration":2474,"localEndpoint":{"serviceName":"combined worker","ipv4":"172.18.0.5"},"tags":{"send.offset":"3444","send.partition":"0","send.topic":"scheduled.task.flow.processor"}}
2026-03-26 23:59:13.817 [flow-event-mediator-long-running-thread-a4034793-a8d0-4915-ab70-3deb64b9e005] WARN  net.corda.messaging.mediator.StateManagerHelper {} - State with key e3a2358c-64ba-46b4-936d-350e714f538e will be marked as failed, timeout occurred while processing events.
2026-03-26 23:59:13.817 [flow-event-mediator-long-running-thread-a4034793-a8d0-4915-ab70-3deb64b9e005] WARN  net.corda.messaging.mediator.StateManagerHelper {} - State with key 566f82e0-33e4-41b4-95f0-e971caf00b7c will be marked as failed, timeout occurred while processing events.
2026-03-26 23:59:13.817 [flow-event-mediator-long-running-thread-a4034793-a8d0-4915-ab70-3deb64b9e005] WARN  net.corda.messaging.mediator.StateManagerHelper {} - State with key f1681403-3de5-414e-85b1-eea1734e7b89 will be marked as failed, timeout occurred while processing events.
2026-03-26 23:59:13.817 [flow-event-mediator-long-running-thread-a4034793-a8d0-4915-ab70-3deb64b9e005] WARN  net.corda.messaging.mediator.processor.ConsumerProcessor-FlowEventMediator {} - Cancelling task for key(s) [e3a2358c-64ba-46b4-936d-350e714f538e, 566f82e0-33e4-41b4-95f0-e971caf00b7c, f1681403-3de5-414e-85b1-eea1734e7b89]
2026-03-26 23:59:13.818 [flow-event-mediator-thread-1] INFO  net.corda.messaging.mediator.RPCClient {} - Thread interrupted calling RPCClient: http://localhost:7004/api/5.2/ledger
java.lang.InterruptedException: null
	at java.util.concurrent.CompletableFuture.reportGet(CompletableFuture.java:386) ~[?:?]
	at java.util.concurrent.CompletableFuture.get(CompletableFuture.java:2073) ~[?:?]
	at jdk.internal.net.http.HttpClientImpl.send(HttpClientImpl.java:553) ~[java.net.http:?]
	at jdk.internal.net.http.HttpClientFacade.send(HttpClientFacade.java:123) ~[java.net.http:?]
	at net.corda.messaging.mediator.RPCClient$sendWithRetry$1.invoke(RPCClient.kt:133) ~[?:?]
	at net.corda.messaging.mediator.RPCClient$sendWithRetry$1.invoke(RPCClient.kt:132) ~[?:?]
	at net.corda.messaging.utils.HTTPRetryExecutor$Companion.tryAttempt(HTTPRetryExecutor.kt:45) ~[?:?]
	at net.corda.messaging.utils.HTTPRetryExecutor$Companion.withConfig(HTTPRetryExecutor.kt:23) ~[?:?]
	at net.corda.messaging.mediator.RPCClient.sendWithRetry(RPCClient.kt:132) ~[?:?]
	at net.corda.messaging.mediator.RPCClient.processMessage(RPCClient.kt:61) ~[?:?]
	at net.corda.messaging.mediator.RPCClient.send(RPCClient.kt:52) ~[?:?]
	at net.corda.messaging.mediator.processor.EventProcessor.processSyncEvents(EventProcessor.kt:191) ~[?:?]
	at net.corda.messaging.mediator.processor.EventProcessor.processConsumerInput(EventProcessor.kt:144) ~[?:?]
	at net.corda.messaging.mediator.processor.EventProcessor.processRecords(EventProcessor.kt:78) ~[?:?]
	at net.corda.messaging.mediator.processor.EventProcessor.processEvents(EventProcessor.kt:64) ~[?:?]
	at net.corda.messaging.mediator.processor.ConsumerProcessor$processInputs$2$future$1.invoke(ConsumerProcessor.kt:169) ~[?:?]
	at net.corda.messaging.mediator.processor.ConsumerProcessor$processInputs$2$future$1.invoke(ConsumerProcessor.kt:168) ~[?:?]
	at net.corda.taskmanager.impl.TaskManagerImpl.executeShortRunningTask$lambda$1(TaskManagerImpl.kt:40) ~[?:?]
	at io.micrometer.core.instrument.internal.TimedCallable.call(TimedCallable.java:51) [micrometer-core-1.12.3.jar:1.12.3]
	at java.util.concurrent.FutureTask.run(FutureTask.java:264) [?:?]
	at java.util.concurrent.ThreadPoolExecutor.runWorker(ThreadPoolExecutor.java:1136) [?:?]
	at java.util.concurrent.ThreadPoolExecutor$Worker.run(ThreadPoolExecutor.java:635) [?:?]
	at java.lang.Thread.run(Thread.java:840) [?:?]
2026-03-26 23:59:13.827 [flow-event-mediator-thread-1] WARN  net.corda.messaging.mediator.StateManagerHelper {} - State with key 566f82e0-33e4-41b4-95f0-e971caf00b7c will be marked as failed, unable to contact Corda services while processing events.
2026-03-26 23:59:13.827 [flow-event-mediator-thread-1] INFO  net.corda.flow.pipeline.handlers.events.StartFlowEventHandler {corda.client.id=ledger-repair-E3193F94C243-1774568251258, flow.id=f1681403-3de5-414e-85b1-eea1734e7b89, spanId=72b56302fa3f4d0d, traceId=69c5c5939b0f70e386dcd2b9d51083ac, vnode.id=E3193F94C243} - Flow [f1681403-3de5-414e-85b1-eea1734e7b89] started
2026-03-26 23:59:13.835 [flow-event-mediator-thread-2] INFO  net.corda.flow.pipeline.handlers.events.StartFlowEventHandler {corda.client.id=ledger-repair-524FEE159D0F-1774568851271, flow.id=89b89471-581b-4655-800c-9b9ff660ad4b, spanId=629126fa7fc5c211, traceId=69c5c7eb4cbb7fe1f11a26643ff9478a, vnode.id=524FEE159D0F} - Flow [89b89471-581b-4655-800c-9b9ff660ad4b] started
2026-03-26 23:59:14.306 [JettyServerThreadPool-15712] WARN  org.hibernate.engine.jdbc.spi.SqlExceptionHelper {corda.client.id=ledger-repair-7BB3E95CF268-1774568251258, corda.external.event.id=566f82e0-33e4-41b4-95f0-e971caf00b7c-iNzKctuAo9jo5bXguJnU/PqTNmHS3yTV+azsIbZKixo=-1, spanId=96d7174aedb1a899, traceId=69c5c593256c1684fc209c2cd993a021, vnode.id=7BB3E95CF268} - SQL Error: 0, SQLState: 53300
2026-03-26 23:59:14.306 [JettyServerThreadPool-15712] ERROR org.hibernate.engine.jdbc.spi.SqlExceptionHelper {corda.client.id=ledger-repair-7BB3E95CF268-1774568251258, corda.external.event.id=566f82e0-33e4-41b4-95f0-e971caf00b7c-iNzKctuAo9jo5bXguJnU/PqTNmHS3yTV+azsIbZKixo=-1, spanId=96d7174aedb1a899, traceId=69c5c593256c1684fc209c2cd993a021, vnode.id=7BB3E95CF268} - HikariPool-20 - Connection is not available, request timed out after 30000ms (total=0, active=0, idle=0, waiting=0)
2026-03-26 23:59:14.306 [JettyServerThreadPool-15712] ERROR org.hibernate.engine.jdbc.spi.SqlExceptionHelper {corda.client.id=ledger-repair-7BB3E95CF268-1774568251258, corda.external.event.id=566f82e0-33e4-41b4-95f0-e971caf00b7c-iNzKctuAo9jo5bXguJnU/PqTNmHS3yTV+azsIbZKixo=-1, spanId=96d7174aedb1a899, traceId=69c5c593256c1684fc209c2cd993a021, vnode.id=7BB3E95CF268} - FATAL: remaining connection slots are reserved for non-replication superuser connections
2026-03-26 23:59:14.306 [JettyServerThreadPool-15712] ERROR net.corda.ledger.persistence.processor.LedgerPersistenceRequestProcessor {corda.client.id=ledger-repair-7BB3E95CF268-1774568251258, corda.external.event.id=566f82e0-33e4-41b4-95f0-e971caf00b7c-iNzKctuAo9jo5bXguJnU/PqTNmHS3yTV+azsIbZKixo=-1, spanId=96d7174aedb1a899, traceId=69c5c593256c1684fc209c2cd993a021, vnode.id=7BB3E95CF268} - Unable to acquire JDBC Connection
org.hibernate.exception.JDBCConnectionException: Unable to acquire JDBC Connection
	at org.hibernate.exception.internal.SQLExceptionTypeDelegate.convert(SQLExceptionTypeDelegate.java:48) ~[?:?]
	at org.hibernate.exception.internal.StandardSQLExceptionConverter.convert(StandardSQLExceptionConverter.java:37) ~[?:?]
	at org.hibernate.engine.jdbc.spi.SqlExceptionHelper.convert(SqlExceptionHelper.java:113) ~[?:?]
	at org.hibernate.engine.jdbc.spi.SqlExceptionHelper.convert(SqlExceptionHelper.java:99) ~[?:?]
	at org.hibernate.resource.jdbc.internal.LogicalConnectionManagedImpl.acquireConnectionIfNeeded(LogicalConnectionManagedImpl.java:111) ~[?:?]
	at org.hibernate.resource.jdbc.internal.LogicalConnectionManagedImpl.getPhysicalConnection(LogicalConnectionManagedImpl.java:138) ~[?:?]
	at org.hibernate.resource.jdbc.internal.LogicalConnectionManagedImpl.getConnectionForTransactionManagement(LogicalConnectionManagedImpl.java:276) ~[?:?]
	at org.hibernate.resource.jdbc.internal.LogicalConnectionManagedImpl.begin(LogicalConnectionManagedImpl.java:284) ~[?:?]
	at org.hibernate.resource.transaction.backend.jdbc.internal.JdbcResourceLocalTransactionCoordinatorImpl$TransactionDriverControlImpl.begin(JdbcResourceLocalTransactionCoordinatorImpl.java:246) ~[?:?]
	at org.hibernate.engine.transaction.internal.TransactionImpl.begin(TransactionImpl.java:83) ~[?:?]
	at net.corda.ledger.persistence.utxo.impl.UtxoPersistenceServiceImpl.findTransactionsWithStatusCreatedBetweenTime(UtxoPersistenceServiceImpl.kt:1362) ~[?:?]
	at net.corda.ledger.persistence.utxo.impl.request.handlers.UtxoFindTransactionsWithStatusCreatedBetweenTimeRequestHandler.execute(UtxoFindTransactionsWithStatusCreatedBetweenTimeRequestHandler.kt:24) ~[?:?]
	at net.corda.ledger.persistence.processor.LedgerPersistenceRequestProcessor$process$result$1.invoke(LedgerPersistenceRequestProcessor.kt:70) ~[?:?]
	at net.corda.ledger.persistence.processor.LedgerPersistenceRequestProcessor$process$result$1.invoke(LedgerPersistenceRequestProcessor.kt:52) ~[?:?]
	at net.corda.utilities.LogUtilsKt.withMDC(LogUtils.kt:73) ~[?:?]
	at net.corda.ledger.persistence.processor.LedgerPersistenceRequestProcessor.process(LedgerPersistenceRequestProcessor.kt:52) ~[?:?]
	at net.corda.ledger.persistence.processor.LedgerPersistenceRequestProcessor.process(LedgerPersistenceRequestProcessor.kt:29) ~[?:?]
	at net.corda.messaging.subscription.SyncRPCSubscriptionImpl.registerEndpoint$lambda$1(SyncRPCSubscriptionImpl.kt:92) ~[?:?]
	at net.corda.web.server.JavalinServer.registerEndpointInternal$lambda$15(JavalinServer.kt:150) ~[?:?]
	at io.javalin.core.security.SecurityUtil.noopAccessManager(SecurityUtil.kt:20) ~[?:?]
	at io.javalin.http.JavalinServlet.addHandler$lambda-0(JavalinServlet.kt:96) ~[?:?]
	at io.javalin.http.JavalinServlet$lifecycle$2$1$1.invoke(JavalinServlet.kt:43) ~[?:?]
	at io.javalin.http.JavalinServlet$lifecycle$2$1$1.invoke(JavalinServlet.kt:43) ~[?:?]
	at io.javalin.http.JavalinServletHandler.executeNextTask(JavalinServletHandler.kt:99) ~[?:?]
	at io.javalin.http.JavalinServletHandler.queueNextTaskOrFinish$lambda-1(JavalinServletHandler.kt:85) ~[?:?]
	at java.util.concurrent.CompletableFuture.uniComposeStage(CompletableFuture.java:1187) ~[?:?]
	at java.util.concurrent.CompletableFuture.thenCompose(CompletableFuture.java:2309) ~[?:?]
	at io.javalin.http.JavalinServletHandler.queueNextTaskOrFinish$javalin(JavalinServletHandler.kt:85) ~[?:?]
	at io.javalin.http.JavalinServlet.service(JavalinServlet.kt:89) ~[?:?]
	at javax.servlet.http.HttpServlet.service(HttpServlet.java:790) ~[javax.servlet-api-3.1.0.jar:3.1.0]
	at io.javalin.jetty.JavalinJettyServlet.service(JavalinJettyServlet.kt:58) ~[?:?]
	at javax.servlet.http.HttpServlet.service(HttpServlet.java:790) ~[javax.servlet-api-3.1.0.jar:3.1.0]
	at org.eclipse.jetty.servlet.ServletHolder.handle(ServletHolder.java:799) ~[?:?]
	at org.eclipse.jetty.servlet.ServletHandler$ChainEnd.doFilter(ServletHandler.java:1656) ~[?:?]
	at brave.servlet.TracingFilter.doFilter(TracingFilter.java:89) ~[?:?]
	at org.eclipse.jetty.servlet.FilterHolder.doFilter(FilterHolder.java:193) ~[?:?]
	at org.eclipse.jetty.servlet.ServletHandler$Chain.doFilter(ServletHandler.java:1626) ~[?:?]
	at org.eclipse.jetty.servlet.ServletHandler.doHandle(ServletHandler.java:552) ~[?:?]
	at org.eclipse.jetty.server.handler.ScopedHandler.nextHandle(ScopedHandler.java:233) ~[jetty-server-9.4.54.v20240208.jar:9.4.54.v20240208]
	at org.eclipse.jetty.server.session.SessionHandler.doHandle(SessionHandler.java:1624) ~[jetty-server-9.4.54.v20240208.jar:9.4.54.v20240208]
	at org.eclipse.jetty.server.handler.ScopedHandler.nextHandle(ScopedHandler.java:233) ~[jetty-server-9.4.54.v20240208.jar:9.4.54.v20240208]
	at io.javalin.jetty.JettyServer$start$wsAndHttpHandler$1.doHandle(JettyServer.kt:52) ~[?:?]
	at org.eclipse.jetty.server.handler.ScopedHandler.nextScope(ScopedHandler.java:188) ~[jetty-server-9.4.54.v20240208.jar:9.4.54.v20240208]
	at org.eclipse.jetty.servlet.ServletHandler.doScope(ServletHandler.java:505) ~[?:?]
	at org.eclipse.jetty.server.session.SessionHandler.doScope(SessionHandler.java:1594) ~[jetty-server-9.4.54.v20240208.jar:9.4.54.v20240208]
	at org.eclipse.jetty.server.handler.ScopedHandler.nextScope(ScopedHandler.java:186) ~[jetty-server-9.4.54.v20240208.jar:9.4.54.v20240208]
	at org.eclipse.jetty.server.handler.ContextHandler.doScope(ContextHandler.java:1355) ~[jetty-server-9.4.54.v20240208.jar:9.4.54.v20240208]
	at org.eclipse.jetty.server.handler.ScopedHandler.handle(ScopedHandler.java:141) ~[jetty-server-9.4.54.v20240208.jar:9.4.54.v20240208]
	at org.eclipse.jetty.server.handler.StatisticsHandler.handle(StatisticsHandler.java:181) ~[jetty-server-9.4.54.v20240208.jar:9.4.54.v20240208]
	at org.eclipse.jetty.server.handler.HandlerWrapper.handle(HandlerWrapper.java:127) ~[jetty-server-9.4.54.v20240208.jar:9.4.54.v20240208]
	at org.eclipse.jetty.server.Server.handle(Server.java:516) ~[jetty-server-9.4.54.v20240208.jar:9.4.54.v20240208]
	at org.eclipse.jetty.server.HttpChannel.lambda$handle$1(HttpChannel.java:487) ~[jetty-server-9.4.54.v20240208.jar:9.4.54.v20240208]
	at org.eclipse.jetty.server.HttpChannel.dispatch(HttpChannel.java:732) [jetty-server-9.4.54.v20240208.jar:9.4.54.v20240208]
	at org.eclipse.jetty.server.HttpChannel.handle(HttpChannel.java:479) [jetty-server-9.4.54.v20240208.jar:9.4.54.v20240208]
	at org.eclipse.jetty.server.HttpConnection.onFillable(HttpConnection.java:277) [jetty-server-9.4.54.v20240208.jar:9.4.54.v20240208]
	at org.eclipse.jetty.io.AbstractConnection$ReadCallback.succeeded(AbstractConnection.java:311) [jetty-io-9.4.54.v20240208.jar:9.4.54.v20240208]
	at org.eclipse.jetty.io.FillInterest.fillable(FillInterest.java:105) [jetty-io-9.4.54.v20240208.jar:9.4.54.v20240208]
	at org.eclipse.jetty.io.ChannelEndPoint$1.run(ChannelEndPoint.java:104) [jetty-io-9.4.54.v20240208.jar:9.4.54.v20240208]
	at org.eclipse.jetty.util.thread.strategy.EatWhatYouKill.runTask(EatWhatYouKill.java:338) [jetty-util-9.4.54.v20240208.jar:9.4.54.v20240208]
	at org.eclipse.jetty.util.thread.strategy.EatWhatYouKill.doProduce(EatWhatYouKill.java:315) [jetty-util-9.4.54.v20240208.jar:9.4.54.v20240208]
	at org.eclipse.jetty.util.thread.strategy.EatWhatYouKill.tryProduce(EatWhatYouKill.java:173) [jetty-util-9.4.54.v20240208.jar:9.4.54.v20240208]
	at org.eclipse.jetty.util.thread.strategy.EatWhatYouKill.run(EatWhatYouKill.java:131) [jetty-util-9.4.54.v20240208.jar:9.4.54.v20240208]
	at org.eclipse.jetty.util.thread.ReservedThreadExecutor$ReservedThread.run(ReservedThreadExecutor.java:409) [jetty-util-9.4.54.v20240208.jar:9.4.54.v20240208]
	at org.eclipse.jetty.util.thread.QueuedThreadPool.runJob(QueuedThreadPool.java:883) [jetty-util-9.4.54.v20240208.jar:9.4.54.v20240208]
	at org.eclipse.jetty.util.thread.QueuedThreadPool$Runner.run(QueuedThreadPool.java:1034) [jetty-util-9.4.54.v20240208.jar:9.4.54.v20240208]
	at java.lang.Thread.run(Thread.java:840) [?:?]
Caused by: java.sql.SQLTransientConnectionException: HikariPool-20 - Connection is not available, request timed out after 30000ms (total=0, active=0, idle=0, waiting=0)
	at com.zaxxer.hikari.pool.HikariPool.createTimeoutException(HikariPool.java:686) ~[?:?]
	at com.zaxxer.hikari.pool.HikariPool.getConnection(HikariPool.java:179) ~[?:?]
	at com.zaxxer.hikari.pool.HikariPool.getConnection(HikariPool.java:144) ~[?:?]
	at com.zaxxer.hikari.HikariDataSource.getConnection(HikariDataSource.java:99) ~[?:?]
	at net.corda.db.core.DataSourceFactoryImpl$HikariDataSourceWrapper.getConnection(DataSourceFactoryImpl.kt) ~[?:?]
	at org.hibernate.engine.jdbc.connections.internal.DatasourceConnectionProviderImpl.getConnection(DatasourceConnectionProviderImpl.java:122) ~[?:?]
	at org.hibernate.internal.NonContextualJdbcConnectionAccess.obtainConnection(NonContextualJdbcConnectionAccess.java:38) ~[?:?]
	at org.hibernate.resource.jdbc.internal.LogicalConnectionManagedImpl.acquireConnectionIfNeeded(LogicalConnectionManagedImpl.java:108) ~[?:?]
	... 61 more
Caused by: org.postgresql.util.PSQLException: FATAL: remaining connection slots are reserved for non-replication superuser connections
	at org.postgresql.Driver$ConnectThread.getResult(Driver.java:397) ~[?:?]
	at org.postgresql.Driver.connect(Driver.java:305) ~[?:?]
	at java.sql.DriverManager.getConnection(DriverManager.java:681) ~[java.sql:?]
	at java.sql.DriverManager.getConnection(DriverManager.java:229) ~[java.sql:?]
	at org.postgresql.ds.common.BaseDataSource.getConnection(BaseDataSource.java:104) ~[?:?]
	at org.postgresql.ds.common.BaseDataSource.getConnection(BaseDataSource.java:88) ~[?:?]
	at com.zaxxer.hikari.pool.PoolBase.newConnection(PoolBase.java:360) ~[?:?]
	at com.zaxxer.hikari.pool.PoolBase.newPoolEntry(PoolBase.java:202) ~[?:?]
	at com.zaxxer.hikari.pool.HikariPool.createPoolEntry(HikariPool.java:461) ~[?:?]
	at com.zaxxer.hikari.pool.HikariPool$PoolEntryCreator.call(HikariPool.java:724) ~[?:?]
	at com.zaxxer.hikari.pool.HikariPool$PoolEntryCreator.call(HikariPool.java:703) ~[?:?]
	at java.util.concurrent.FutureTask.run(FutureTask.java:264) ~[?:?]
	at java.util.concurrent.ThreadPoolExecutor.runWorker(ThreadPoolExecutor.java:1136) ~[?:?]
	at java.util.concurrent.ThreadPoolExecutor$Worker.run(ThreadPoolExecutor.java:635) ~[?:?]
	... 1 more
2026-03-26 23:59:14.322 [JettyServerThreadPool-15712] WARN  net.corda.persistence.common.PersistenceExceptionCategorizerImpl {corda.client.id=ledger-repair-7BB3E95CF268-1774568251258, corda.external.event.id=566f82e0-33e4-41b4-95f0-e971caf00b7c-iNzKctuAo9jo5bXguJnU/PqTNmHS3yTV+azsIbZKixo=-1, spanId=96d7174aedb1a899, traceId=69c5c593256c1684fc209c2cd993a021, vnode.id=7BB3E95CF268} - Categorized exception as TRANSIENT: org.hibernate.exception.JDBCConnectionException: Unable to acquire JDBC Connection
org.hibernate.exception.JDBCConnectionException: Unable to acquire JDBC Connection
	at org.hibernate.exception.internal.SQLExceptionTypeDelegate.convert(SQLExceptionTypeDelegate.java:48) ~[?:?]
	at org.hibernate.exception.internal.StandardSQLExceptionConverter.convert(StandardSQLExceptionConverter.java:37) ~[?:?]
	at org.hibernate.engine.jdbc.spi.SqlExceptionHelper.convert(SqlExceptionHelper.java:113) ~[?:?]
	at org.hibernate.engine.jdbc.spi.SqlExceptionHelper.convert(SqlExceptionHelper.java:99) ~[?:?]
	at org.hibernate.resource.jdbc.internal.LogicalConnectionManagedImpl.acquireConnectionIfNeeded(LogicalConnectionManagedImpl.java:111) ~[?:?]
	at org.hibernate.resource.jdbc.internal.LogicalConnectionManagedImpl.getPhysicalConnection(LogicalConnectionManagedImpl.java:138) ~[?:?]
	at org.hibernate.resource.jdbc.internal.LogicalConnectionManagedImpl.getConnectionForTransactionManagement(LogicalConnectionManagedImpl.java:276) ~[?:?]
	at org.hibernate.resource.jdbc.internal.LogicalConnectionManagedImpl.begin(LogicalConnectionManagedImpl.java:284) ~[?:?]
	at org.hibernate.resource.transaction.backend.jdbc.internal.JdbcResourceLocalTransactionCoordinatorImpl$TransactionDriverControlImpl.begin(JdbcResourceLocalTransactionCoordinatorImpl.java:246) ~[?:?]
	at org.hibernate.engine.transaction.internal.TransactionImpl.begin(TransactionImpl.java:83) ~[?:?]
	at net.corda.ledger.persistence.utxo.impl.UtxoPersistenceServiceImpl.findTransactionsWithStatusCreatedBetweenTime(UtxoPersistenceServiceImpl.kt:1362) ~[?:?]
	at net.corda.ledger.persistence.utxo.impl.request.handlers.UtxoFindTransactionsWithStatusCreatedBetweenTimeRequestHandler.execute(UtxoFindTransactionsWithStatusCreatedBetweenTimeRequestHandler.kt:24) ~[?:?]
	at net.corda.ledger.persistence.processor.LedgerPersistenceRequestProcessor$process$result$1.invoke(LedgerPersistenceRequestProcessor.kt:70) ~[?:?]
	at net.corda.ledger.persistence.processor.LedgerPersistenceRequestProcessor$process$result$1.invoke(LedgerPersistenceRequestProcessor.kt:52) ~[?:?]
	at net.corda.utilities.LogUtilsKt.withMDC(LogUtils.kt:73) ~[?:?]
	at net.corda.ledger.persistence.processor.LedgerPersistenceRequestProcessor.process(LedgerPersistenceRequestProcessor.kt:52) ~[?:?]
	at net.corda.ledger.persistence.processor.LedgerPersistenceRequestProcessor.process(LedgerPersistenceRequestProcessor.kt:29) ~[?:?]
	at net.corda.messaging.subscription.SyncRPCSubscriptionImpl.registerEndpoint$lambda$1(SyncRPCSubscriptionImpl.kt:92) ~[?:?]
	at net.corda.web.server.JavalinServer.registerEndpointInternal$lambda$15(JavalinServer.kt:150) ~[?:?]
	at io.javalin.core.security.SecurityUtil.noopAccessManager(SecurityUtil.kt:20) ~[?:?]
	at io.javalin.http.JavalinServlet.addHandler$lambda-0(JavalinServlet.kt:96) ~[?:?]
	at io.javalin.http.JavalinServlet$lifecycle$2$1$1.invoke(JavalinServlet.kt:43) ~[?:?]
	at io.javalin.http.JavalinServlet$lifecycle$2$1$1.invoke(JavalinServlet.kt:43) ~[?:?]
	at io.javalin.http.JavalinServletHandler.executeNextTask(JavalinServletHandler.kt:99) ~[?:?]
	at io.javalin.http.JavalinServletHandler.queueNextTaskOrFinish$lambda-1(JavalinServletHandler.kt:85) ~[?:?]
	at java.util.concurrent.CompletableFuture.uniComposeStage(CompletableFuture.java:1187) ~[?:?]
	at java.util.concurrent.CompletableFuture.thenCompose(CompletableFuture.java:2309) ~[?:?]
	at io.javalin.http.JavalinServletHandler.queueNextTaskOrFinish$javalin(JavalinServletHandler.kt:85) ~[?:?]
	at io.javalin.http.JavalinServlet.service(JavalinServlet.kt:89) ~[?:?]
	at javax.servlet.http.HttpServlet.service(HttpServlet.java:790) ~[javax.servlet-api-3.1.0.jar:3.1.0]
	at io.javalin.jetty.JavalinJettyServlet.service(JavalinJettyServlet.kt:58) ~[?:?]
	at javax.servlet.http.HttpServlet.service(HttpServlet.java:790) ~[javax.servlet-api-3.1.0.jar:3.1.0]
	at org.eclipse.jetty.servlet.ServletHolder.handle(ServletHolder.java:799) ~[?:?]
	at org.eclipse.jetty.servlet.ServletHandler$ChainEnd.doFilter(ServletHandler.java:1656) ~[?:?]
	at brave.servlet.TracingFilter.doFilter(TracingFilter.java:89) ~[?:?]
	at org.eclipse.jetty.servlet.FilterHolder.doFilter(FilterHolder.java:193) ~[?:?]
	at org.eclipse.jetty.servlet.ServletHandler$Chain.doFilter(ServletHandler.java:1626) ~[?:?]
	at org.eclipse.jetty.servlet.ServletHandler.doHandle(ServletHandler.java:552) ~[?:?]
	at org.eclipse.jetty.server.handler.ScopedHandler.nextHandle(ScopedHandler.java:233) ~[jetty-server-9.4.54.v20240208.jar:9.4.54.v20240208]
	at org.eclipse.jetty.server.session.SessionHandler.doHandle(SessionHandler.java:1624) ~[jetty-server-9.4.54.v20240208.jar:9.4.54.v20240208]
	at org.eclipse.jetty.server.handler.ScopedHandler.nextHandle(ScopedHandler.java:233) ~[jetty-server-9.4.54.v20240208.jar:9.4.54.v20240208]
	at io.javalin.jetty.JettyServer$start$wsAndHttpHandler$1.doHandle(JettyServer.kt:52) ~[?:?]
	at org.eclipse.jetty.server.handler.ScopedHandler.nextScope(ScopedHandler.java:188) ~[jetty-server-9.4.54.v20240208.jar:9.4.54.v20240208]
	at org.eclipse.jetty.servlet.ServletHandler.doScope(ServletHandler.java:505) ~[?:?]
	at org.eclipse.jetty.server.session.SessionHandler.doScope(SessionHandler.java:1594) ~[jetty-server-9.4.54.v20240208.jar:9.4.54.v20240208]
	at org.eclipse.jetty.server.handler.ScopedHandler.nextScope(ScopedHandler.java:186) ~[jetty-server-9.4.54.v20240208.jar:9.4.54.v20240208]
	at org.eclipse.jetty.server.handler.ContextHandler.doScope(ContextHandler.java:1355) ~[jetty-server-9.4.54.v20240208.jar:9.4.54.v20240208]
	at org.eclipse.jetty.server.handler.ScopedHandler.handle(ScopedHandler.java:141) ~[jetty-server-9.4.54.v20240208.jar:9.4.54.v20240208]
	at org.eclipse.jetty.server.handler.StatisticsHandler.handle(StatisticsHandler.java:181) ~[jetty-server-9.4.54.v20240208.jar:9.4.54.v20240208]
	at org.eclipse.jetty.server.handler.HandlerWrapper.handle(HandlerWrapper.java:127) ~[jetty-server-9.4.54.v20240208.jar:9.4.54.v20240208]
	at org.eclipse.jetty.server.Server.handle(Server.java:516) ~[jetty-server-9.4.54.v20240208.jar:9.4.54.v20240208]
	at org.eclipse.jetty.server.HttpChannel.lambda$handle$1(HttpChannel.java:487) ~[jetty-server-9.4.54.v20240208.jar:9.4.54.v20240208]
	at org.eclipse.jetty.server.HttpChannel.dispatch(HttpChannel.java:732) [jetty-server-9.4.54.v20240208.jar:9.4.54.v20240208]
	at org.eclipse.jetty.server.HttpChannel.handle(HttpChannel.java:479) [jetty-server-9.4.54.v20240208.jar:9.4.54.v20240208]
	at org.eclipse.jetty.server.HttpConnection.onFillable(HttpConnection.java:277) [jetty-server-9.4.54.v20240208.jar:9.4.54.v20240208]
	at org.eclipse.jetty.io.AbstractConnection$ReadCallback.succeeded(AbstractConnection.java:311) [jetty-io-9.4.54.v20240208.jar:9.4.54.v20240208]
	at org.eclipse.jetty.io.FillInterest.fillable(FillInterest.java:105) [jetty-io-9.4.54.v20240208.jar:9.4.54.v20240208]
	at org.eclipse.jetty.io.ChannelEndPoint$1.run(ChannelEndPoint.java:104) [jetty-io-9.4.54.v20240208.jar:9.4.54.v20240208]
	at org.eclipse.jetty.util.thread.strategy.EatWhatYouKill.runTask(EatWhatYouKill.java:338) [jetty-util-9.4.54.v20240208.jar:9.4.54.v20240208]
	at org.eclipse.jetty.util.thread.strategy.EatWhatYouKill.doProduce(EatWhatYouKill.java:315) [jetty-util-9.4.54.v20240208.jar:9.4.54.v20240208]
	at org.eclipse.jetty.util.thread.strategy.EatWhatYouKill.tryProduce(EatWhatYouKill.java:173) [jetty-util-9.4.54.v20240208.jar:9.4.54.v20240208]
	at org.eclipse.jetty.util.thread.strategy.EatWhatYouKill.run(EatWhatYouKill.java:131) [jetty-util-9.4.54.v20240208.jar:9.4.54.v20240208]
	at org.eclipse.jetty.util.thread.ReservedThreadExecutor$ReservedThread.run(ReservedThreadExecutor.java:409) [jetty-util-9.4.54.v20240208.jar:9.4.54.v20240208]
	at org.eclipse.jetty.util.thread.QueuedThreadPool.runJob(QueuedThreadPool.java:883) [jetty-util-9.4.54.v20240208.jar:9.4.54.v20240208]
	at org.eclipse.jetty.util.thread.QueuedThreadPool$Runner.run(QueuedThreadPool.java:1034) [jetty-util-9.4.54.v20240208.jar:9.4.54.v20240208]
	at java.lang.Thread.run(Thread.java:840) [?:?]
Caused by: java.sql.SQLTransientConnectionException: HikariPool-20 - Connection is not available, request timed out after 30000ms (total=0, active=0, idle=0, waiting=0)
	at com.zaxxer.hikari.pool.HikariPool.createTimeoutException(HikariPool.java:686) ~[?:?]
	at com.zaxxer.hikari.pool.HikariPool.getConnection(HikariPool.java:179) ~[?:?]
	at com.zaxxer.hikari.pool.HikariPool.getConnection(HikariPool.java:144) ~[?:?]
	at com.zaxxer.hikari.HikariDataSource.getConnection(HikariDataSource.java:99) ~[?:?]
	at net.corda.db.core.DataSourceFactoryImpl$HikariDataSourceWrapper.getConnection(DataSourceFactoryImpl.kt) ~[?:?]
	at org.hibernate.engine.jdbc.connections.internal.DatasourceConnectionProviderImpl.getConnection(DatasourceConnectionProviderImpl.java:122) ~[?:?]
	at org.hibernate.internal.NonContextualJdbcConnectionAccess.obtainConnection(NonContextualJdbcConnectionAccess.java:38) ~[?:?]
	at org.hibernate.resource.jdbc.internal.LogicalConnectionManagedImpl.acquireConnectionIfNeeded(LogicalConnectionManagedImpl.java:108) ~[?:?]
	... 61 more
Caused by: org.postgresql.util.PSQLException: FATAL: remaining connection slots are reserved for non-replication superuser connections
	at org.postgresql.Driver$ConnectThread.getResult(Driver.java:397) ~[?:?]
	at org.postgresql.Driver.connect(Driver.java:305) ~[?:?]
	at java.sql.DriverManager.getConnection(DriverManager.java:681) ~[java.sql:?]
	at java.sql.DriverManager.getConnection(DriverManager.java:229) ~[java.sql:?]
	at org.postgresql.ds.common.BaseDataSource.getConnection(BaseDataSource.java:104) ~[?:?]
	at org.postgresql.ds.common.BaseDataSource.getConnection(BaseDataSource.java:88) ~[?:?]
	at com.zaxxer.hikari.pool.PoolBase.newConnection(PoolBase.java:360) ~[?:?]
	at com.zaxxer.hikari.pool.PoolBase.newPoolEntry(PoolBase.java:202) ~[?:?]
	at com.zaxxer.hikari.pool.HikariPool.createPoolEntry(HikariPool.java:461) ~[?:?]
	at com.zaxxer.hikari.pool.HikariPool$PoolEntryCreator.call(HikariPool.java:724) ~[?:?]
	at com.zaxxer.hikari.pool.HikariPool$PoolEntryCreator.call(HikariPool.java:703) ~[?:?]
	at java.util.concurrent.FutureTask.run(FutureTask.java:264) ~[?:?]
	at java.util.concurrent.ThreadPoolExecutor.runWorker(ThreadPoolExecutor.java:1136) ~[?:?]
	at java.util.concurrent.ThreadPoolExecutor$Worker.run(ThreadPoolExecutor.java:635) ~[?:?]
	... 1 more
2026-03-26 23:59:14.334 [JettyServerThreadPool-15712] WARN  net.corda.messaging.subscription.SyncRPCSubscriptionImpl {spanId=96d7174aedb1a899, traceId=69c5c593256c1684fc209c2cd993a021, vnode.id=7BB3E95CF268} - Transient error processing RPC request for Endpoint(methodType=POST, path='/ledger', isApi=true): Transient server exception while processing request '566f82e0-33e4-41b4-95f0-e971caf00b7c-iNzKctuAo9jo5bXguJnU/PqTNmHS3yTV+azsIbZKixo=-1'. Cause: Unable to acquire JDBC Connection
net.corda.messaging.api.exception.CordaHTTPServerTransientException: Transient server exception while processing request '566f82e0-33e4-41b4-95f0-e971caf00b7c-iNzKctuAo9jo5bXguJnU/PqTNmHS3yTV+azsIbZKixo=-1'. Cause: Unable to acquire JDBC Connection
	at net.corda.persistence.common.ResponseFactoryImpl.errorResponse(ResponseFactoryImpl.kt:60) ~[?:?]
	at net.corda.ledger.persistence.processor.LedgerPersistenceRequestProcessor$process$result$1.invoke(LedgerPersistenceRequestProcessor.kt:82) ~[?:?]
	at net.corda.ledger.persistence.processor.LedgerPersistenceRequestProcessor$process$result$1.invoke(LedgerPersistenceRequestProcessor.kt:52) ~[?:?]
	at net.corda.utilities.LogUtilsKt.withMDC(LogUtils.kt:73) ~[?:?]
	at net.corda.ledger.persistence.processor.LedgerPersistenceRequestProcessor.process(LedgerPersistenceRequestProcessor.kt:52) ~[?:?]
	at net.corda.ledger.persistence.processor.LedgerPersistenceRequestProcessor.process(LedgerPersistenceRequestProcessor.kt:29) ~[?:?]
	at net.corda.messaging.subscription.SyncRPCSubscriptionImpl.registerEndpoint$lambda$1(SyncRPCSubscriptionImpl.kt:92) ~[?:?]
	at net.corda.web.server.JavalinServer.registerEndpointInternal$lambda$15(JavalinServer.kt:150) ~[?:?]
	at io.javalin.core.security.SecurityUtil.noopAccessManager(SecurityUtil.kt:20) ~[?:?]
	at io.javalin.http.JavalinServlet.addHandler$lambda-0(JavalinServlet.kt:96) ~[?:?]
	at io.javalin.http.JavalinServlet$lifecycle$2$1$1.invoke(JavalinServlet.kt:43) ~[?:?]
	at io.javalin.http.JavalinServlet$lifecycle$2$1$1.invoke(JavalinServlet.kt:43) ~[?:?]
	at io.javalin.http.JavalinServletHandler.executeNextTask(JavalinServletHandler.kt:99) ~[?:?]
	at io.javalin.http.JavalinServletHandler.queueNextTaskOrFinish$lambda-1(JavalinServletHandler.kt:85) ~[?:?]
	at java.util.concurrent.CompletableFuture.uniComposeStage(CompletableFuture.java:1187) ~[?:?]
	at java.util.concurrent.CompletableFuture.thenCompose(CompletableFuture.java:2309) ~[?:?]
	at io.javalin.http.JavalinServletHandler.queueNextTaskOrFinish$javalin(JavalinServletHandler.kt:85) ~[?:?]
	at io.javalin.http.JavalinServlet.service(JavalinServlet.kt:89) ~[?:?]
	at javax.servlet.http.HttpServlet.service(HttpServlet.java:790) ~[javax.servlet-api-3.1.0.jar:3.1.0]
	at io.javalin.jetty.JavalinJettyServlet.service(JavalinJettyServlet.kt:58) ~[?:?]
	at javax.servlet.http.HttpServlet.service(HttpServlet.java:790) ~[javax.servlet-api-3.1.0.jar:3.1.0]
	at org.eclipse.jetty.servlet.ServletHolder.handle(ServletHolder.java:799) ~[?:?]
	at org.eclipse.jetty.servlet.ServletHandler$ChainEnd.doFilter(ServletHandler.java:1656) ~[?:?]
	at brave.servlet.TracingFilter.doFilter(TracingFilter.java:89) ~[?:?]
	at org.eclipse.jetty.servlet.FilterHolder.doFilter(FilterHolder.java:193) ~[?:?]
	at org.eclipse.jetty.servlet.ServletHandler$Chain.doFilter(ServletHandler.java:1626) ~[?:?]
	at org.eclipse.jetty.servlet.ServletHandler.doHandle(ServletHandler.java:552) ~[?:?]
	at org.eclipse.jetty.server.handler.ScopedHandler.nextHandle(ScopedHandler.java:233) ~[jetty-server-9.4.54.v20240208.jar:9.4.54.v20240208]
	at org.eclipse.jetty.server.session.SessionHandler.doHandle(SessionHandler.java:1624) ~[jetty-server-9.4.54.v20240208.jar:9.4.54.v20240208]
	at org.eclipse.jetty.server.handler.ScopedHandler.nextHandle(ScopedHandler.java:233) ~[jetty-server-9.4.54.v20240208.jar:9.4.54.v20240208]
	at io.javalin.jetty.JettyServer$start$wsAndHttpHandler$1.doHandle(JettyServer.kt:52) ~[?:?]
	at org.eclipse.jetty.server.handler.ScopedHandler.nextScope(ScopedHandler.java:188) ~[jetty-server-9.4.54.v20240208.jar:9.4.54.v20240208]
	at org.eclipse.jetty.servlet.ServletHandler.doScope(ServletHandler.java:505) ~[?:?]
	at org.eclipse.jetty.server.session.SessionHandler.doScope(SessionHandler.java:1594) ~[jetty-server-9.4.54.v20240208.jar:9.4.54.v20240208]
	at org.eclipse.jetty.server.handler.ScopedHandler.nextScope(ScopedHandler.java:186) ~[jetty-server-9.4.54.v20240208.jar:9.4.54.v20240208]
	at org.eclipse.jetty.server.handler.ContextHandler.doScope(ContextHandler.java:1355) ~[jetty-server-9.4.54.v20240208.jar:9.4.54.v20240208]
	at org.eclipse.jetty.server.handler.ScopedHandler.handle(ScopedHandler.java:141) ~[jetty-server-9.4.54.v20240208.jar:9.4.54.v20240208]
	at org.eclipse.jetty.server.handler.StatisticsHandler.handle(StatisticsHandler.java:181) ~[jetty-server-9.4.54.v20240208.jar:9.4.54.v20240208]
	at org.eclipse.jetty.server.handler.HandlerWrapper.handle(HandlerWrapper.java:127) ~[jetty-server-9.4.54.v20240208.jar:9.4.54.v20240208]
	at org.eclipse.jetty.server.Server.handle(Server.java:516) ~[jetty-server-9.4.54.v20240208.jar:9.4.54.v20240208]
	at org.eclipse.jetty.server.HttpChannel.lambda$handle$1(HttpChannel.java:487) ~[jetty-server-9.4.54.v20240208.jar:9.4.54.v20240208]
	at org.eclipse.jetty.server.HttpChannel.dispatch(HttpChannel.java:732) [jetty-server-9.4.54.v20240208.jar:9.4.54.v20240208]
	at org.eclipse.jetty.server.HttpChannel.handle(HttpChannel.java:479) [jetty-server-9.4.54.v20240208.jar:9.4.54.v20240208]
	at org.eclipse.jetty.server.HttpConnection.onFillable(HttpConnection.java:277) [jetty-server-9.4.54.v20240208.jar:9.4.54.v20240208]
	at org.eclipse.jetty.io.AbstractConnection$ReadCallback.succeeded(AbstractConnection.java:311) [jetty-io-9.4.54.v20240208.jar:9.4.54.v20240208]
	at org.eclipse.jetty.io.FillInterest.fillable(FillInterest.java:105) [jetty-io-9.4.54.v20240208.jar:9.4.54.v20240208]
	at org.eclipse.jetty.io.ChannelEndPoint$1.run(ChannelEndPoint.java:104) [jetty-io-9.4.54.v20240208.jar:9.4.54.v20240208]
	at org.eclipse.jetty.util.thread.strategy.EatWhatYouKill.runTask(EatWhatYouKill.java:338) [jetty-util-9.4.54.v20240208.jar:9.4.54.v20240208]
	at org.eclipse.jetty.util.thread.strategy.EatWhatYouKill.doProduce(EatWhatYouKill.java:315) [jetty-util-9.4.54.v20240208.jar:9.4.54.v20240208]
	at org.eclipse.jetty.util.thread.strategy.EatWhatYouKill.tryProduce(EatWhatYouKill.java:173) [jetty-util-9.4.54.v20240208.jar:9.4.54.v20240208]
	at org.eclipse.jetty.util.thread.strategy.EatWhatYouKill.run(EatWhatYouKill.java:131) [jetty-util-9.4.54.v20240208.jar:9.4.54.v20240208]
	at org.eclipse.jetty.util.thread.ReservedThreadExecutor$ReservedThread.run(ReservedThreadExecutor.java:409) [jetty-util-9.4.54.v20240208.jar:9.4.54.v20240208]
	at org.eclipse.jetty.util.thread.QueuedThreadPool.runJob(QueuedThreadPool.java:883) [jetty-util-9.4.54.v20240208.jar:9.4.54.v20240208]
	at org.eclipse.jetty.util.thread.QueuedThreadPool$Runner.run(QueuedThreadPool.java:1034) [jetty-util-9.4.54.v20240208.jar:9.4.54.v20240208]
	at java.lang.Thread.run(Thread.java:840) [?:?]
Caused by: org.hibernate.exception.JDBCConnectionException: Unable to acquire JDBC Connection
	at org.hibernate.exception.internal.SQLExceptionTypeDelegate.convert(SQLExceptionTypeDelegate.java:48) ~[?:?]
	at org.hibernate.exception.internal.StandardSQLExceptionConverter.convert(StandardSQLExceptionConverter.java:37) ~[?:?]
	at org.hibernate.engine.jdbc.spi.SqlExceptionHelper.convert(SqlExceptionHelper.java:113) ~[?:?]
	at org.hibernate.engine.jdbc.spi.SqlExceptionHelper.convert(SqlExceptionHelper.java:99) ~[?:?]
	at org.hibernate.resource.jdbc.internal.LogicalConnectionManagedImpl.acquireConnectionIfNeeded(LogicalConnectionManagedImpl.java:111) ~[?:?]
	at org.hibernate.resource.jdbc.internal.LogicalConnectionManagedImpl.getPhysicalConnection(LogicalConnectionManagedImpl.java:138) ~[?:?]
	at org.hibernate.resource.jdbc.internal.LogicalConnectionManagedImpl.getConnectionForTransactionManagement(LogicalConnectionManagedImpl.java:276) ~[?:?]
	at org.hibernate.resource.jdbc.internal.LogicalConnectionManagedImpl.begin(LogicalConnectionManagedImpl.java:284) ~[?:?]
	at org.hibernate.resource.transaction.backend.jdbc.internal.JdbcResourceLocalTransactionCoordinatorImpl$TransactionDriverControlImpl.begin(JdbcResourceLocalTransactionCoordinatorImpl.java:246) ~[?:?]
	at org.hibernate.engine.transaction.internal.TransactionImpl.begin(TransactionImpl.java:83) ~[?:?]
	at net.corda.ledger.persistence.utxo.impl.UtxoPersistenceServiceImpl.findTransactionsWithStatusCreatedBetweenTime(UtxoPersistenceServiceImpl.kt:1362) ~[?:?]
	at net.corda.ledger.persistence.utxo.impl.request.handlers.UtxoFindTransactionsWithStatusCreatedBetweenTimeRequestHandler.execute(UtxoFindTransactionsWithStatusCreatedBetweenTimeRequestHandler.kt:24) ~[?:?]
	at net.corda.ledger.persistence.processor.LedgerPersistenceRequestProcessor$process$result$1.invoke(LedgerPersistenceRequestProcessor.kt:70) ~[?:?]
	... 53 more
Caused by: java.sql.SQLTransientConnectionException: HikariPool-20 - Connection is not available, request timed out after 30000ms (total=0, active=0, idle=0, waiting=0)
	at com.zaxxer.hikari.pool.HikariPool.createTimeoutException(HikariPool.java:686) ~[?:?]
	at com.zaxxer.hikari.pool.HikariPool.getConnection(HikariPool.java:179) ~[?:?]
	at com.zaxxer.hikari.pool.HikariPool.getConnection(HikariPool.java:144) ~[?:?]
	at com.zaxxer.hikari.HikariDataSource.getConnection(HikariDataSource.java:99) ~[?:?]
	at net.corda.db.core.DataSourceFactoryImpl$HikariDataSourceWrapper.getConnection(DataSourceFactoryImpl.kt) ~[?:?]
	at org.hibernate.engine.jdbc.connections.internal.DatasourceConnectionProviderImpl.getConnection(DatasourceConnectionProviderImpl.java:122) ~[?:?]
	at org.hibernate.internal.NonContextualJdbcConnectionAccess.obtainConnection(NonContextualJdbcConnectionAccess.java:38) ~[?:?]
	at org.hibernate.resource.jdbc.internal.LogicalConnectionManagedImpl.acquireConnectionIfNeeded(LogicalConnectionManagedImpl.java:108) ~[?:?]
	at org.hibernate.resource.jdbc.internal.LogicalConnectionManagedImpl.getPhysicalConnection(LogicalConnectionManagedImpl.java:138) ~[?:?]
	at org.hibernate.resource.jdbc.internal.LogicalConnectionManagedImpl.getConnectionForTransactionManagement(LogicalConnectionManagedImpl.java:276) ~[?:?]
	at org.hibernate.resource.jdbc.internal.LogicalConnectionManagedImpl.begin(LogicalConnectionManagedImpl.java:284) ~[?:?]
	at org.hibernate.resource.transaction.backend.jdbc.internal.JdbcResourceLocalTransactionCoordinatorImpl$TransactionDriverControlImpl.begin(JdbcResourceLocalTransactionCoordinatorImpl.java:246) ~[?:?]
	at org.hibernate.engine.transaction.internal.TransactionImpl.begin(TransactionImpl.java:83) ~[?:?]
	at net.corda.ledger.persistence.utxo.impl.UtxoPersistenceServiceImpl.findTransactionsWithStatusCreatedBetweenTime(UtxoPersistenceServiceImpl.kt:1362) ~[?:?]
	at net.corda.ledger.persistence.utxo.impl.request.handlers.UtxoFindTransactionsWithStatusCreatedBetweenTimeRequestHandler.execute(UtxoFindTransactionsWithStatusCreatedBetweenTimeRequestHandler.kt:24) ~[?:?]
	at net.corda.ledger.persistence.processor.LedgerPersistenceRequestProcessor$process$result$1.invoke(LedgerPersistenceRequestProcessor.kt:70) ~[?:?]
	... 53 more
Caused by: org.postgresql.util.PSQLException: FATAL: remaining connection slots are reserved for non-replication superuser connections
	at org.postgresql.Driver$ConnectThread.getResult(Driver.java:397) ~[?:?]
	at org.postgresql.Driver.connect(Driver.java:305) ~[?:?]
	at java.sql.DriverManager.getConnection(DriverManager.java:681) ~[java.sql:?]
	at java.sql.DriverManager.getConnection(DriverManager.java:229) ~[java.sql:?]
	at org.postgresql.ds.common.BaseDataSource.getConnection(BaseDataSource.java:104) ~[?:?]
	at org.postgresql.ds.common.BaseDataSource.getConnection(BaseDataSource.java:88) ~[?:?]
	at com.zaxxer.hikari.pool.PoolBase.newConnection(PoolBase.java:360) ~[?:?]
	at com.zaxxer.hikari.pool.PoolBase.newPoolEntry(PoolBase.java:202) ~[?:?]
	at com.zaxxer.hikari.pool.HikariPool.createPoolEntry(HikariPool.java:461) ~[?:?]
	at com.zaxxer.hikari.pool.HikariPool$PoolEntryCreator.call(HikariPool.java:724) ~[?:?]
	at com.zaxxer.hikari.pool.HikariPool$PoolEntryCreator.call(HikariPool.java:703) ~[?:?]
	at java.util.concurrent.FutureTask.run(FutureTask.java:264) ~[?:?]
	at java.util.concurrent.ThreadPoolExecutor.runWorker(ThreadPoolExecutor.java:1136) ~[?:?]
	at java.util.concurrent.ThreadPoolExecutor$Worker.run(ThreadPoolExecutor.java:635) ~[?:?]
	... 1 more
2026-03-26 23:59:19.043 [flow-event-mediator-thread-1] INFO  net.corda.flow.pipeline.handlers.requests.FlowFinishedRequestHandler {corda.client.id=ledger-repair-E3193F94C243-1774568251258, corda.external.event.id=f1681403-3de5-414e-85b1-eea1734e7b89-iNzKctuAo9jo5bXguJnU/PqTNmHS3yTV+azsIbZKixo=-1, flow.id=f1681403-3de5-414e-85b1-eea1734e7b89, spanId=14ff14ab25bb62a9, traceId=69c5c5939b0f70e386dcd2b9d51083ac, vnode.id=E3193F94C243} - Flow [f1681403-3de5-414e-85b1-eea1734e7b89] completed successfully
2026-03-26 23:59:43.848 [JettyServerThreadPool-13910] WARN  org.hibernate.engine.jdbc.spi.SqlExceptionHelper {corda.client.id=ledger-repair-524FEE159D0F-1774568851271, corda.external.event.id=89b89471-581b-4655-800c-9b9ff660ad4b-M3rAghSqOeTSNcrPpsJBOp6z1k1LU1vhWIkysR5TXmQ=-1, spanId=86d6c2f5ad3ddb31, traceId=69c5c7eb4cbb7fe1f11a26643ff9478a, vnode.id=524FEE159D0F} - SQL Error: 0, SQLState: 53300
2026-03-26 23:59:43.848 [JettyServerThreadPool-13910] ERROR org.hibernate.engine.jdbc.spi.SqlExceptionHelper {corda.client.id=ledger-repair-524FEE159D0F-1774568851271, corda.external.event.id=89b89471-581b-4655-800c-9b9ff660ad4b-M3rAghSqOeTSNcrPpsJBOp6z1k1LU1vhWIkysR5TXmQ=-1, spanId=86d6c2f5ad3ddb31, traceId=69c5c7eb4cbb7fe1f11a26643ff9478a, vnode.id=524FEE159D0F} - HikariPool-21 - Connection is not available, request timed out after 30000ms (total=0, active=0, idle=0, waiting=0)
2026-03-26 23:59:43.848 [JettyServerThreadPool-13910] ERROR org.hibernate.engine.jdbc.spi.SqlExceptionHelper {corda.client.id=ledger-repair-524FEE159D0F-1774568851271, corda.external.event.id=89b89471-581b-4655-800c-9b9ff660ad4b-M3rAghSqOeTSNcrPpsJBOp6z1k1LU1vhWIkysR5TXmQ=-1, spanId=86d6c2f5ad3ddb31, traceId=69c5c7eb4cbb7fe1f11a26643ff9478a, vnode.id=524FEE159D0F} - FATAL: remaining connection slots are reserved for non-replication superuser connections
2026-03-26 23:59:43.849 [JettyServerThreadPool-13910] ERROR net.corda.ledger.persistence.processor.LedgerPersistenceRequestProcessor {corda.client.id=ledger-repair-524FEE159D0F-1774568851271, corda.external.event.id=89b89471-581b-4655-800c-9b9ff660ad4b-M3rAghSqOeTSNcrPpsJBOp6z1k1LU1vhWIkysR5TXmQ=-1, spanId=86d6c2f5ad3ddb31, traceId=69c5c7eb4cbb7fe1f11a26643ff9478a, vnode.id=524FEE159D0F} - Unable to acquire JDBC Connection
org.hibernate.exception.JDBCConnectionException: Unable to acquire JDBC Connection
	at org.hibernate.exception.internal.SQLExceptionTypeDelegate.convert(SQLExceptionTypeDelegate.java:48) ~[?:?]
	at org.hibernate.exception.internal.StandardSQLExceptionConverter.convert(StandardSQLExceptionConverter.java:37) ~[?:?]
	at org.hibernate.engine.jdbc.spi.SqlExceptionHelper.convert(SqlExceptionHelper.java:113) ~[?:?]
	at org.hibernate.engine.jdbc.spi.SqlExceptionHelper.convert(SqlExceptionHelper.java:99) ~[?:?]
	at org.hibernate.resource.jdbc.internal.LogicalConnectionManagedImpl.acquireConnectionIfNeeded(LogicalConnectionManagedImpl.java:111) ~[?:?]
	at org.hibernate.resource.jdbc.internal.LogicalConnectionManagedImpl.getPhysicalConnection(LogicalConnectionManagedImpl.java:138) ~[?:?]
	at org.hibernate.resource.jdbc.internal.LogicalConnectionManagedImpl.getConnectionForTransactionManagement(LogicalConnectionManagedImpl.java:276) ~[?:?]
	at org.hibernate.resource.jdbc.internal.LogicalConnectionManagedImpl.begin(LogicalConnectionManagedImpl.java:284) ~[?:?]
	at org.hibernate.resource.transaction.backend.jdbc.internal.JdbcResourceLocalTransactionCoordinatorImpl$TransactionDriverControlImpl.begin(JdbcResourceLocalTransactionCoordinatorImpl.java:246) ~[?:?]
	at org.hibernate.engine.transaction.internal.TransactionImpl.begin(TransactionImpl.java:83) ~[?:?]
	at net.corda.ledger.persistence.utxo.impl.UtxoPersistenceServiceImpl.findTransactionsWithStatusCreatedBetweenTime(UtxoPersistenceServiceImpl.kt:1362) ~[?:?]
	at net.corda.ledger.persistence.utxo.impl.request.handlers.UtxoFindTransactionsWithStatusCreatedBetweenTimeRequestHandler.execute(UtxoFindTransactionsWithStatusCreatedBetweenTimeRequestHandler.kt:24) ~[?:?]
	at net.corda.ledger.persistence.processor.LedgerPersistenceRequestProcessor$process$result$1.invoke(LedgerPersistenceRequestProcessor.kt:70) ~[?:?]
	at net.corda.ledger.persistence.processor.LedgerPersistenceRequestProcessor$process$result$1.invoke(LedgerPersistenceRequestProcessor.kt:52) ~[?:?]
	at net.corda.utilities.LogUtilsKt.withMDC(LogUtils.kt:73) ~[?:?]
	at net.corda.ledger.persistence.processor.LedgerPersistenceRequestProcessor.process(LedgerPersistenceRequestProcessor.kt:52) ~[?:?]
	at net.corda.ledger.persistence.processor.LedgerPersistenceRequestProcessor.process(LedgerPersistenceRequestProcessor.kt:29) ~[?:?]
	at net.corda.messaging.subscription.SyncRPCSubscriptionImpl.registerEndpoint$lambda$1(SyncRPCSubscriptionImpl.kt:92) ~[?:?]
	at net.corda.web.server.JavalinServer.registerEndpointInternal$lambda$15(JavalinServer.kt:150) ~[?:?]
	at io.javalin.core.security.SecurityUtil.noopAccessManager(SecurityUtil.kt:20) ~[?:?]
	at io.javalin.http.JavalinServlet.addHandler$lambda-0(JavalinServlet.kt:96) ~[?:?]
	at io.javalin.http.JavalinServlet$lifecycle$2$1$1.invoke(JavalinServlet.kt:43) ~[?:?]
	at io.javalin.http.JavalinServlet$lifecycle$2$1$1.invoke(JavalinServlet.kt:43) ~[?:?]
	at io.javalin.http.JavalinServletHandler.executeNextTask(JavalinServletHandler.kt:99) ~[?:?]
	at io.javalin.http.JavalinServletHandler.queueNextTaskOrFinish$lambda-1(JavalinServletHandler.kt:85) ~[?:?]
	at java.util.concurrent.CompletableFuture.uniComposeStage(CompletableFuture.java:1187) ~[?:?]
	at java.util.concurrent.CompletableFuture.thenCompose(CompletableFuture.java:2309) ~[?:?]
	at io.javalin.http.JavalinServletHandler.queueNextTaskOrFinish$javalin(JavalinServletHandler.kt:85) ~[?:?]
	at io.javalin.http.JavalinServlet.service(JavalinServlet.kt:89) ~[?:?]
	at javax.servlet.http.HttpServlet.service(HttpServlet.java:790) ~[javax.servlet-api-3.1.0.jar:3.1.0]
	at io.javalin.jetty.JavalinJettyServlet.service(JavalinJettyServlet.kt:58) ~[?:?]
	at javax.servlet.http.HttpServlet.service(HttpServlet.java:790) ~[javax.servlet-api-3.1.0.jar:3.1.0]
	at org.eclipse.jetty.servlet.ServletHolder.handle(ServletHolder.java:799) ~[?:?]
	at org.eclipse.jetty.servlet.ServletHandler$ChainEnd.doFilter(ServletHandler.java:1656) ~[?:?]
	at brave.servlet.TracingFilter.doFilter(TracingFilter.java:89) ~[?:?]
	at org.eclipse.jetty.servlet.FilterHolder.doFilter(FilterHolder.java:193) ~[?:?]
	at org.eclipse.jetty.servlet.ServletHandler$Chain.doFilter(ServletHandler.java:1626) ~[?:?]
	at org.eclipse.jetty.servlet.ServletHandler.doHandle(ServletHandler.java:552) ~[?:?]
	at org.eclipse.jetty.server.handler.ScopedHandler.nextHandle(ScopedHandler.java:233) ~[jetty-server-9.4.54.v20240208.jar:9.4.54.v20240208]
	at org.eclipse.jetty.server.session.SessionHandler.doHandle(SessionHandler.java:1624) ~[jetty-server-9.4.54.v20240208.jar:9.4.54.v20240208]
	at org.eclipse.jetty.server.handler.ScopedHandler.nextHandle(ScopedHandler.java:233) ~[jetty-server-9.4.54.v20240208.jar:9.4.54.v20240208]
	at io.javalin.jetty.JettyServer$start$wsAndHttpHandler$1.doHandle(JettyServer.kt:52) ~[?:?]
	at org.eclipse.jetty.server.handler.ScopedHandler.nextScope(ScopedHandler.java:188) ~[jetty-server-9.4.54.v20240208.jar:9.4.54.v20240208]
	at org.eclipse.jetty.servlet.ServletHandler.doScope(ServletHandler.java:505) ~[?:?]
	at org.eclipse.jetty.server.session.SessionHandler.doScope(SessionHandler.java:1594) ~[jetty-server-9.4.54.v20240208.jar:9.4.54.v20240208]
	at org.eclipse.jetty.server.handler.ScopedHandler.nextScope(ScopedHandler.java:186) ~[jetty-server-9.4.54.v20240208.jar:9.4.54.v20240208]
	at org.eclipse.jetty.server.handler.ContextHandler.doScope(ContextHandler.java:1355) ~[jetty-server-9.4.54.v20240208.jar:9.4.54.v20240208]
	at org.eclipse.jetty.server.handler.ScopedHandler.handle(ScopedHandler.java:141) ~[jetty-server-9.4.54.v20240208.jar:9.4.54.v20240208]
	at org.eclipse.jetty.server.handler.StatisticsHandler.handle(StatisticsHandler.java:181) ~[jetty-server-9.4.54.v20240208.jar:9.4.54.v20240208]
	at org.eclipse.jetty.server.handler.HandlerWrapper.handle(HandlerWrapper.java:127) ~[jetty-server-9.4.54.v20240208.jar:9.4.54.v20240208]
	at org.eclipse.jetty.server.Server.handle(Server.java:516) ~[jetty-server-9.4.54.v20240208.jar:9.4.54.v20240208]
	at org.eclipse.jetty.server.HttpChannel.lambda$handle$1(HttpChannel.java:487) ~[jetty-server-9.4.54.v20240208.jar:9.4.54.v20240208]
	at org.eclipse.jetty.server.HttpChannel.dispatch(HttpChannel.java:732) [jetty-server-9.4.54.v20240208.jar:9.4.54.v20240208]
	at org.eclipse.jetty.server.HttpChannel.handle(HttpChannel.java:479) [jetty-server-9.4.54.v20240208.jar:9.4.54.v20240208]
	at org.eclipse.jetty.server.HttpConnection.onFillable(HttpConnection.java:277) [jetty-server-9.4.54.v20240208.jar:9.4.54.v20240208]
	at org.eclipse.jetty.io.AbstractConnection$ReadCallback.succeeded(AbstractConnection.java:311) [jetty-io-9.4.54.v20240208.jar:9.4.54.v20240208]
	at org.eclipse.jetty.io.FillInterest.fillable(FillInterest.java:105) [jetty-io-9.4.54.v20240208.jar:9.4.54.v20240208]
	at org.eclipse.jetty.io.ChannelEndPoint$1.run(ChannelEndPoint.java:104) [jetty-io-9.4.54.v20240208.jar:9.4.54.v20240208]
	at org.eclipse.jetty.util.thread.strategy.EatWhatYouKill.runTask(EatWhatYouKill.java:338) [jetty-util-9.4.54.v20240208.jar:9.4.54.v20240208]
	at org.eclipse.jetty.util.thread.strategy.EatWhatYouKill.doProduce(EatWhatYouKill.java:315) [jetty-util-9.4.54.v20240208.jar:9.4.54.v20240208]
	at org.eclipse.jetty.util.thread.strategy.EatWhatYouKill.tryProduce(EatWhatYouKill.java:173) [jetty-util-9.4.54.v20240208.jar:9.4.54.v20240208]
	at org.eclipse.jetty.util.thread.strategy.EatWhatYouKill.run(EatWhatYouKill.java:131) [jetty-util-9.4.54.v20240208.jar:9.4.54.v20240208]
	at org.eclipse.jetty.util.thread.ReservedThreadExecutor$ReservedThread.run(ReservedThreadExecutor.java:409) [jetty-util-9.4.54.v20240208.jar:9.4.54.v20240208]
	at org.eclipse.jetty.util.thread.QueuedThreadPool.runJob(QueuedThreadPool.java:883) [jetty-util-9.4.54.v20240208.jar:9.4.54.v20240208]
	at org.eclipse.jetty.util.thread.QueuedThreadPool$Runner.run(QueuedThreadPool.java:1034) [jetty-util-9.4.54.v20240208.jar:9.4.54.v20240208]
	at java.lang.Thread.run(Thread.java:840) [?:?]
Caused by: java.sql.SQLTransientConnectionException: HikariPool-21 - Connection is not available, request timed out after 30000ms (total=0, active=0, idle=0, waiting=0)
	at com.zaxxer.hikari.pool.HikariPool.createTimeoutException(HikariPool.java:686) ~[?:?]
	at com.zaxxer.hikari.pool.HikariPool.getConnection(HikariPool.java:179) ~[?:?]
	at com.zaxxer.hikari.pool.HikariPool.getConnection(HikariPool.java:144) ~[?:?]
	at com.zaxxer.hikari.HikariDataSource.getConnection(HikariDataSource.java:99) ~[?:?]
	at net.corda.db.core.DataSourceFactoryImpl$HikariDataSourceWrapper.getConnection(DataSourceFactoryImpl.kt) ~[?:?]
	at org.hibernate.engine.jdbc.connections.internal.DatasourceConnectionProviderImpl.getConnection(DatasourceConnectionProviderImpl.java:122) ~[?:?]
	at org.hibernate.internal.NonContextualJdbcConnectionAccess.obtainConnection(NonContextualJdbcConnectionAccess.java:38) ~[?:?]
	at org.hibernate.resource.jdbc.internal.LogicalConnectionManagedImpl.acquireConnectionIfNeeded(LogicalConnectionManagedImpl.java:108) ~[?:?]
	... 61 more
Caused by: org.postgresql.util.PSQLException: FATAL: remaining connection slots are reserved for non-replication superuser connections
	at org.postgresql.Driver$ConnectThread.getResult(Driver.java:397) ~[?:?]
	at org.postgresql.Driver.connect(Driver.java:305) ~[?:?]
	at java.sql.DriverManager.getConnection(DriverManager.java:681) ~[java.sql:?]
	at java.sql.DriverManager.getConnection(DriverManager.java:229) ~[java.sql:?]
	at org.postgresql.ds.common.BaseDataSource.getConnection(BaseDataSource.java:104) ~[?:?]
	at org.postgresql.ds.common.BaseDataSource.getConnection(BaseDataSource.java:88) ~[?:?]
	at com.zaxxer.hikari.pool.PoolBase.newConnection(PoolBase.java:360) ~[?:?]
	at com.zaxxer.hikari.pool.PoolBase.newPoolEntry(PoolBase.java:202) ~[?:?]
	at com.zaxxer.hikari.pool.HikariPool.createPoolEntry(HikariPool.java:461) ~[?:?]
	at com.zaxxer.hikari.pool.HikariPool$PoolEntryCreator.call(HikariPool.java:724) ~[?:?]
	at com.zaxxer.hikari.pool.HikariPool$PoolEntryCreator.call(HikariPool.java:703) ~[?:?]
	at java.util.concurrent.FutureTask.run(FutureTask.java:264) ~[?:?]
	at java.util.concurrent.ThreadPoolExecutor.runWorker(ThreadPoolExecutor.java:1136) ~[?:?]
	at java.util.concurrent.ThreadPoolExecutor$Worker.run(ThreadPoolExecutor.java:635) ~[?:?]
	... 1 more
2026-03-26 23:59:43.863 [JettyServerThreadPool-13910] WARN  net.corda.persistence.common.PersistenceExceptionCategorizerImpl {corda.client.id=ledger-repair-524FEE159D0F-1774568851271, corda.external.event.id=89b89471-581b-4655-800c-9b9ff660ad4b-M3rAghSqOeTSNcrPpsJBOp6z1k1LU1vhWIkysR5TXmQ=-1, spanId=86d6c2f5ad3ddb31, traceId=69c5c7eb4cbb7fe1f11a26643ff9478a, vnode.id=524FEE159D0F} - Categorized exception as TRANSIENT: org.hibernate.exception.JDBCConnectionException: Unable to acquire JDBC Connection
org.hibernate.exception.JDBCConnectionException: Unable to acquire JDBC Connection
	at org.hibernate.exception.internal.SQLExceptionTypeDelegate.convert(SQLExceptionTypeDelegate.java:48) ~[?:?]
	at org.hibernate.exception.internal.StandardSQLExceptionConverter.convert(StandardSQLExceptionConverter.java:37) ~[?:?]
	at org.hibernate.engine.jdbc.spi.SqlExceptionHelper.convert(SqlExceptionHelper.java:113) ~[?:?]
	at org.hibernate.engine.jdbc.spi.SqlExceptionHelper.convert(SqlExceptionHelper.java:99) ~[?:?]
	at org.hibernate.resource.jdbc.internal.LogicalConnectionManagedImpl.acquireConnectionIfNeeded(LogicalConnectionManagedImpl.java:111) ~[?:?]
	at org.hibernate.resource.jdbc.internal.LogicalConnectionManagedImpl.getPhysicalConnection(LogicalConnectionManagedImpl.java:138) ~[?:?]
	at org.hibernate.resource.jdbc.internal.LogicalConnectionManagedImpl.getConnectionForTransactionManagement(LogicalConnectionManagedImpl.java:276) ~[?:?]
	at org.hibernate.resource.jdbc.internal.LogicalConnectionManagedImpl.begin(LogicalConnectionManagedImpl.java:284) ~[?:?]
	at org.hibernate.resource.transaction.backend.jdbc.internal.JdbcResourceLocalTransactionCoordinatorImpl$TransactionDriverControlImpl.begin(JdbcResourceLocalTransactionCoordinatorImpl.java:246) ~[?:?]
	at org.hibernate.engine.transaction.internal.TransactionImpl.begin(TransactionImpl.java:83) ~[?:?]
	at net.corda.ledger.persistence.utxo.impl.UtxoPersistenceServiceImpl.findTransactionsWithStatusCreatedBetweenTime(UtxoPersistenceServiceImpl.kt:1362) ~[?:?]
	at net.corda.ledger.persistence.utxo.impl.request.handlers.UtxoFindTransactionsWithStatusCreatedBetweenTimeRequestHandler.execute(UtxoFindTransactionsWithStatusCreatedBetweenTimeRequestHandler.kt:24) ~[?:?]
	at net.corda.ledger.persistence.processor.LedgerPersistenceRequestProcessor$process$result$1.invoke(LedgerPersistenceRequestProcessor.kt:70) ~[?:?]
	at net.corda.ledger.persistence.processor.LedgerPersistenceRequestProcessor$process$result$1.invoke(LedgerPersistenceRequestProcessor.kt:52) ~[?:?]
	at net.corda.utilities.LogUtilsKt.withMDC(LogUtils.kt:73) ~[?:?]
	at net.corda.ledger.persistence.processor.LedgerPersistenceRequestProcessor.process(LedgerPersistenceRequestProcessor.kt:52) ~[?:?]
	at net.corda.ledger.persistence.processor.LedgerPersistenceRequestProcessor.process(LedgerPersistenceRequestProcessor.kt:29) ~[?:?]
	at net.corda.messaging.subscription.SyncRPCSubscriptionImpl.registerEndpoint$lambda$1(SyncRPCSubscriptionImpl.kt:92) ~[?:?]
	at net.corda.web.server.JavalinServer.registerEndpointInternal$lambda$15(JavalinServer.kt:150) ~[?:?]
	at io.javalin.core.security.SecurityUtil.noopAccessManager(SecurityUtil.kt:20) ~[?:?]
	at io.javalin.http.JavalinServlet.addHandler$lambda-0(JavalinServlet.kt:96) ~[?:?]
	at io.javalin.http.JavalinServlet$lifecycle$2$1$1.invoke(JavalinServlet.kt:43) ~[?:?]
	at io.javalin.http.JavalinServlet$lifecycle$2$1$1.invoke(JavalinServlet.kt:43) ~[?:?]
	at io.javalin.http.JavalinServletHandler.executeNextTask(JavalinServletHandler.kt:99) ~[?:?]
	at io.javalin.http.JavalinServletHandler.queueNextTaskOrFinish$lambda-1(JavalinServletHandler.kt:85) ~[?:?]
	at java.util.concurrent.CompletableFuture.uniComposeStage(CompletableFuture.java:1187) ~[?:?]
	at java.util.concurrent.CompletableFuture.thenCompose(CompletableFuture.java:2309) ~[?:?]
	at io.javalin.http.JavalinServletHandler.queueNextTaskOrFinish$javalin(JavalinServletHandler.kt:85) ~[?:?]
	at io.javalin.http.JavalinServlet.service(JavalinServlet.kt:89) ~[?:?]
	at javax.servlet.http.HttpServlet.service(HttpServlet.java:790) ~[javax.servlet-api-3.1.0.jar:3.1.0]
	at io.javalin.jetty.JavalinJettyServlet.service(JavalinJettyServlet.kt:58) ~[?:?]
	at javax.servlet.http.HttpServlet.service(HttpServlet.java:790) ~[javax.servlet-api-3.1.0.jar:3.1.0]
	at org.eclipse.jetty.servlet.ServletHolder.handle(ServletHolder.java:799) ~[?:?]
	at org.eclipse.jetty.servlet.ServletHandler$ChainEnd.doFilter(ServletHandler.java:1656) ~[?:?]
	at brave.servlet.TracingFilter.doFilter(TracingFilter.java:89) ~[?:?]
	at org.eclipse.jetty.servlet.FilterHolder.doFilter(FilterHolder.java:193) ~[?:?]
	at org.eclipse.jetty.servlet.ServletHandler$Chain.doFilter(ServletHandler.java:1626) ~[?:?]
	at org.eclipse.jetty.servlet.ServletHandler.doHandle(ServletHandler.java:552) ~[?:?]
	at org.eclipse.jetty.server.handler.ScopedHandler.nextHandle(ScopedHandler.java:233) ~[jetty-server-9.4.54.v20240208.jar:9.4.54.v20240208]
	at org.eclipse.jetty.server.session.SessionHandler.doHandle(SessionHandler.java:1624) ~[jetty-server-9.4.54.v20240208.jar:9.4.54.v20240208]
	at org.eclipse.jetty.server.handler.ScopedHandler.nextHandle(ScopedHandler.java:233) ~[jetty-server-9.4.54.v20240208.jar:9.4.54.v20240208]
	at io.javalin.jetty.JettyServer$start$wsAndHttpHandler$1.doHandle(JettyServer.kt:52) ~[?:?]
	at org.eclipse.jetty.server.handler.ScopedHandler.nextScope(ScopedHandler.java:188) ~[jetty-server-9.4.54.v20240208.jar:9.4.54.v20240208]
	at org.eclipse.jetty.servlet.ServletHandler.doScope(ServletHandler.java:505) ~[?:?]
	at org.eclipse.jetty.server.session.SessionHandler.doScope(SessionHandler.java:1594) ~[jetty-server-9.4.54.v20240208.jar:9.4.54.v20240208]
	at org.eclipse.jetty.server.handler.ScopedHandler.nextScope(ScopedHandler.java:186) ~[jetty-server-9.4.54.v20240208.jar:9.4.54.v20240208]
	at org.eclipse.jetty.server.handler.ContextHandler.doScope(ContextHandler.java:1355) ~[jetty-server-9.4.54.v20240208.jar:9.4.54.v20240208]
	at org.eclipse.jetty.server.handler.ScopedHandler.handle(ScopedHandler.java:141) ~[jetty-server-9.4.54.v20240208.jar:9.4.54.v20240208]
	at org.eclipse.jetty.server.handler.StatisticsHandler.handle(StatisticsHandler.java:181) ~[jetty-server-9.4.54.v20240208.jar:9.4.54.v20240208]
	at org.eclipse.jetty.server.handler.HandlerWrapper.handle(HandlerWrapper.java:127) ~[jetty-server-9.4.54.v20240208.jar:9.4.54.v20240208]
	at org.eclipse.jetty.server.Server.handle(Server.java:516) ~[jetty-server-9.4.54.v20240208.jar:9.4.54.v20240208]
	at org.eclipse.jetty.server.HttpChannel.lambda$handle$1(HttpChannel.java:487) ~[jetty-server-9.4.54.v20240208.jar:9.4.54.v20240208]
	at org.eclipse.jetty.server.HttpChannel.dispatch(HttpChannel.java:732) [jetty-server-9.4.54.v20240208.jar:9.4.54.v20240208]
	at org.eclipse.jetty.server.HttpChannel.handle(HttpChannel.java:479) [jetty-server-9.4.54.v20240208.jar:9.4.54.v20240208]
	at org.eclipse.jetty.server.HttpConnection.onFillable(HttpConnection.java:277) [jetty-server-9.4.54.v20240208.jar:9.4.54.v20240208]
	at org.eclipse.jetty.io.AbstractConnection$ReadCallback.succeeded(AbstractConnection.java:311) [jetty-io-9.4.54.v20240208.jar:9.4.54.v20240208]
	at org.eclipse.jetty.io.FillInterest.fillable(FillInterest.java:105) [jetty-io-9.4.54.v20240208.jar:9.4.54.v20240208]
	at org.eclipse.jetty.io.ChannelEndPoint$1.run(ChannelEndPoint.java:104) [jetty-io-9.4.54.v20240208.jar:9.4.54.v20240208]
	at org.eclipse.jetty.util.thread.strategy.EatWhatYouKill.runTask(EatWhatYouKill.java:338) [jetty-util-9.4.54.v20240208.jar:9.4.54.v20240208]
	at org.eclipse.jetty.util.thread.strategy.EatWhatYouKill.doProduce(EatWhatYouKill.java:315) [jetty-util-9.4.54.v20240208.jar:9.4.54.v20240208]
	at org.eclipse.jetty.util.thread.strategy.EatWhatYouKill.tryProduce(EatWhatYouKill.java:173) [jetty-util-9.4.54.v20240208.jar:9.4.54.v20240208]
	at org.eclipse.jetty.util.thread.strategy.EatWhatYouKill.run(EatWhatYouKill.java:131) [jetty-util-9.4.54.v20240208.jar:9.4.54.v20240208]
	at org.eclipse.jetty.util.thread.ReservedThreadExecutor$ReservedThread.run(ReservedThreadExecutor.java:409) [jetty-util-9.4.54.v20240208.jar:9.4.54.v20240208]
	at org.eclipse.jetty.util.thread.QueuedThreadPool.runJob(QueuedThreadPool.java:883) [jetty-util-9.4.54.v20240208.jar:9.4.54.v20240208]
	at org.eclipse.jetty.util.thread.QueuedThreadPool$Runner.run(QueuedThreadPool.java:1034) [jetty-util-9.4.54.v20240208.jar:9.4.54.v20240208]
	at java.lang.Thread.run(Thread.java:840) [?:?]
Caused by: java.sql.SQLTransientConnectionException: HikariPool-21 - Connection is not available, request timed out after 30000ms (total=0, active=0, idle=0, waiting=0)
	at com.zaxxer.hikari.pool.HikariPool.createTimeoutException(HikariPool.java:686) ~[?:?]
	at com.zaxxer.hikari.pool.HikariPool.getConnection(HikariPool.java:179) ~[?:?]
	at com.zaxxer.hikari.pool.HikariPool.getConnection(HikariPool.java:144) ~[?:?]
	at com.zaxxer.hikari.HikariDataSource.getConnection(HikariDataSource.java:99) ~[?:?]
	at net.corda.db.core.DataSourceFactoryImpl$HikariDataSourceWrapper.getConnection(DataSourceFactoryImpl.kt) ~[?:?]
	at org.hibernate.engine.jdbc.connections.internal.DatasourceConnectionProviderImpl.getConnection(DatasourceConnectionProviderImpl.java:122) ~[?:?]
	at org.hibernate.internal.NonContextualJdbcConnectionAccess.obtainConnection(NonContextualJdbcConnectionAccess.java:38) ~[?:?]
	at org.hibernate.resource.jdbc.internal.LogicalConnectionManagedImpl.acquireConnectionIfNeeded(LogicalConnectionManagedImpl.java:108) ~[?:?]
	... 61 more
Caused by: org.postgresql.util.PSQLException: FATAL: remaining connection slots are reserved for non-replication superuser connections
	at org.postgresql.Driver$ConnectThread.getResult(Driver.java:397) ~[?:?]
	at org.postgresql.Driver.connect(Driver.java:305) ~[?:?]
	at java.sql.DriverManager.getConnection(DriverManager.java:681) ~[java.sql:?]
	at java.sql.DriverManager.getConnection(DriverManager.java:229) ~[java.sql:?]
	at org.postgresql.ds.common.BaseDataSource.getConnection(BaseDataSource.java:104) ~[?:?]
	at org.postgresql.ds.common.BaseDataSource.getConnection(BaseDataSource.java:88) ~[?:?]
	at com.zaxxer.hikari.pool.PoolBase.newConnection(PoolBase.java:360) ~[?:?]
	at com.zaxxer.hikari.pool.PoolBase.newPoolEntry(PoolBase.java:202) ~[?:?]
	at com.zaxxer.hikari.pool.HikariPool.createPoolEntry(HikariPool.java:461) ~[?:?]
	at com.zaxxer.hikari.pool.HikariPool$PoolEntryCreator.call(HikariPool.java:724) ~[?:?]
	at com.zaxxer.hikari.pool.HikariPool$PoolEntryCreator.call(HikariPool.java:703) ~[?:?]
	at java.util.concurrent.FutureTask.run(FutureTask.java:264) ~[?:?]
	at java.util.concurrent.ThreadPoolExecutor.runWorker(ThreadPoolExecutor.java:1136) ~[?:?]
	at java.util.concurrent.ThreadPoolExecutor$Worker.run(ThreadPoolExecutor.java:635) ~[?:?]
	... 1 more
2026-03-26 23:59:43.877 [JettyServerThreadPool-13910] WARN  net.corda.messaging.subscription.SyncRPCSubscriptionImpl {spanId=86d6c2f5ad3ddb31, traceId=69c5c7eb4cbb7fe1f11a26643ff9478a, vnode.id=524FEE159D0F} - Transient error processing RPC request for Endpoint(methodType=POST, path='/ledger', isApi=true): Transient server exception while processing request '89b89471-581b-4655-800c-9b9ff660ad4b-M3rAghSqOeTSNcrPpsJBOp6z1k1LU1vhWIkysR5TXmQ=-1'. Cause: Unable to acquire JDBC Connection
net.corda.messaging.api.exception.CordaHTTPServerTransientException: Transient server exception while processing request '89b89471-581b-4655-800c-9b9ff660ad4b-M3rAghSqOeTSNcrPpsJBOp6z1k1LU1vhWIkysR5TXmQ=-1'. Cause: Unable to acquire JDBC Connection
	at net.corda.persistence.common.ResponseFactoryImpl.errorResponse(ResponseFactoryImpl.kt:60) ~[?:?]
	at net.corda.ledger.persistence.processor.LedgerPersistenceRequestProcessor$process$result$1.invoke(LedgerPersistenceRequestProcessor.kt:82) ~[?:?]
	at net.corda.ledger.persistence.processor.LedgerPersistenceRequestProcessor$process$result$1.invoke(LedgerPersistenceRequestProcessor.kt:52) ~[?:?]
	at net.corda.utilities.LogUtilsKt.withMDC(LogUtils.kt:73) ~[?:?]
	at net.corda.ledger.persistence.processor.LedgerPersistenceRequestProcessor.process(LedgerPersistenceRequestProcessor.kt:52) ~[?:?]
	at net.corda.ledger.persistence.processor.LedgerPersistenceRequestProcessor.process(LedgerPersistenceRequestProcessor.kt:29) ~[?:?]
	at net.corda.messaging.subscription.SyncRPCSubscriptionImpl.registerEndpoint$lambda$1(SyncRPCSubscriptionImpl.kt:92) ~[?:?]
	at net.corda.web.server.JavalinServer.registerEndpointInternal$lambda$15(JavalinServer.kt:150) ~[?:?]
	at io.javalin.core.security.SecurityUtil.noopAccessManager(SecurityUtil.kt:20) ~[?:?]
	at io.javalin.http.JavalinServlet.addHandler$lambda-0(JavalinServlet.kt:96) ~[?:?]
	at io.javalin.http.JavalinServlet$lifecycle$2$1$1.invoke(JavalinServlet.kt:43) ~[?:?]
	at io.javalin.http.JavalinServlet$lifecycle$2$1$1.invoke(JavalinServlet.kt:43) ~[?:?]
	at io.javalin.http.JavalinServletHandler.executeNextTask(JavalinServletHandler.kt:99) ~[?:?]
	at io.javalin.http.JavalinServletHandler.queueNextTaskOrFinish$lambda-1(JavalinServletHandler.kt:85) ~[?:?]
	at java.util.concurrent.CompletableFuture.uniComposeStage(CompletableFuture.java:1187) ~[?:?]
	at java.util.concurrent.CompletableFuture.thenCompose(CompletableFuture.java:2309) ~[?:?]
	at io.javalin.http.JavalinServletHandler.queueNextTaskOrFinish$javalin(JavalinServletHandler.kt:85) ~[?:?]
	at io.javalin.http.JavalinServlet.service(JavalinServlet.kt:89) ~[?:?]
	at javax.servlet.http.HttpServlet.service(HttpServlet.java:790) ~[javax.servlet-api-3.1.0.jar:3.1.0]
	at io.javalin.jetty.JavalinJettyServlet.service(JavalinJettyServlet.kt:58) ~[?:?]
	at javax.servlet.http.HttpServlet.service(HttpServlet.java:790) ~[javax.servlet-api-3.1.0.jar:3.1.0]
	at org.eclipse.jetty.servlet.ServletHolder.handle(ServletHolder.java:799) ~[?:?]
	at org.eclipse.jetty.servlet.ServletHandler$ChainEnd.doFilter(ServletHandler.java:1656) ~[?:?]
	at brave.servlet.TracingFilter.doFilter(TracingFilter.java:89) ~[?:?]
	at org.eclipse.jetty.servlet.FilterHolder.doFilter(FilterHolder.java:193) ~[?:?]
	at org.eclipse.jetty.servlet.ServletHandler$Chain.doFilter(ServletHandler.java:1626) ~[?:?]
	at org.eclipse.jetty.servlet.ServletHandler.doHandle(ServletHandler.java:552) ~[?:?]
	at org.eclipse.jetty.server.handler.ScopedHandler.nextHandle(ScopedHandler.java:233) ~[jetty-server-9.4.54.v20240208.jar:9.4.54.v20240208]
	at org.eclipse.jetty.server.session.SessionHandler.doHandle(SessionHandler.java:1624) ~[jetty-server-9.4.54.v20240208.jar:9.4.54.v20240208]
	at org.eclipse.jetty.server.handler.ScopedHandler.nextHandle(ScopedHandler.java:233) ~[jetty-server-9.4.54.v20240208.jar:9.4.54.v20240208]
	at io.javalin.jetty.JettyServer$start$wsAndHttpHandler$1.doHandle(JettyServer.kt:52) ~[?:?]
	at org.eclipse.jetty.server.handler.ScopedHandler.nextScope(ScopedHandler.java:188) ~[jetty-server-9.4.54.v20240208.jar:9.4.54.v20240208]
	at org.eclipse.jetty.servlet.ServletHandler.doScope(ServletHandler.java:505) ~[?:?]
	at org.eclipse.jetty.server.session.SessionHandler.doScope(SessionHandler.java:1594) ~[jetty-server-9.4.54.v20240208.jar:9.4.54.v20240208]
	at org.eclipse.jetty.server.handler.ScopedHandler.nextScope(ScopedHandler.java:186) ~[jetty-server-9.4.54.v20240208.jar:9.4.54.v20240208]
	at org.eclipse.jetty.server.handler.ContextHandler.doScope(ContextHandler.java:1355) ~[jetty-server-9.4.54.v20240208.jar:9.4.54.v20240208]
	at org.eclipse.jetty.server.handler.ScopedHandler.handle(ScopedHandler.java:141) ~[jetty-server-9.4.54.v20240208.jar:9.4.54.v20240208]
	at org.eclipse.jetty.server.handler.StatisticsHandler.handle(StatisticsHandler.java:181) ~[jetty-server-9.4.54.v20240208.jar:9.4.54.v20240208]
	at org.eclipse.jetty.server.handler.HandlerWrapper.handle(HandlerWrapper.java:127) ~[jetty-server-9.4.54.v20240208.jar:9.4.54.v20240208]
	at org.eclipse.jetty.server.Server.handle(Server.java:516) ~[jetty-server-9.4.54.v20240208.jar:9.4.54.v20240208]
	at org.eclipse.jetty.server.HttpChannel.lambda$handle$1(HttpChannel.java:487) ~[jetty-server-9.4.54.v20240208.jar:9.4.54.v20240208]
	at org.eclipse.jetty.server.HttpChannel.dispatch(HttpChannel.java:732) [jetty-server-9.4.54.v20240208.jar:9.4.54.v20240208]
	at org.eclipse.jetty.server.HttpChannel.handle(HttpChannel.java:479) [jetty-server-9.4.54.v20240208.jar:9.4.54.v20240208]
	at org.eclipse.jetty.server.HttpConnection.onFillable(HttpConnection.java:277) [jetty-server-9.4.54.v20240208.jar:9.4.54.v20240208]
	at org.eclipse.jetty.io.AbstractConnection$ReadCallback.succeeded(AbstractConnection.java:311) [jetty-io-9.4.54.v20240208.jar:9.4.54.v20240208]
	at org.eclipse.jetty.io.FillInterest.fillable(FillInterest.java:105) [jetty-io-9.4.54.v20240208.jar:9.4.54.v20240208]
	at org.eclipse.jetty.io.ChannelEndPoint$1.run(ChannelEndPoint.java:104) [jetty-io-9.4.54.v20240208.jar:9.4.54.v20240208]
	at org.eclipse.jetty.util.thread.strategy.EatWhatYouKill.runTask(EatWhatYouKill.java:338) [jetty-util-9.4.54.v20240208.jar:9.4.54.v20240208]
	at org.eclipse.jetty.util.thread.strategy.EatWhatYouKill.doProduce(EatWhatYouKill.java:315) [jetty-util-9.4.54.v20240208.jar:9.4.54.v20240208]
	at org.eclipse.jetty.util.thread.strategy.EatWhatYouKill.tryProduce(EatWhatYouKill.java:173) [jetty-util-9.4.54.v20240208.jar:9.4.54.v20240208]
	at org.eclipse.jetty.util.thread.strategy.EatWhatYouKill.run(EatWhatYouKill.java:131) [jetty-util-9.4.54.v20240208.jar:9.4.54.v20240208]
	at org.eclipse.jetty.util.thread.ReservedThreadExecutor$ReservedThread.run(ReservedThreadExecutor.java:409) [jetty-util-9.4.54.v20240208.jar:9.4.54.v20240208]
	at org.eclipse.jetty.util.thread.QueuedThreadPool.runJob(QueuedThreadPool.java:883) [jetty-util-9.4.54.v20240208.jar:9.4.54.v20240208]
	at org.eclipse.jetty.util.thread.QueuedThreadPool$Runner.run(QueuedThreadPool.java:1034) [jetty-util-9.4.54.v20240208.jar:9.4.54.v20240208]
	at java.lang.Thread.run(Thread.java:840) [?:?]
Caused by: org.hibernate.exception.JDBCConnectionException: Unable to acquire JDBC Connection
	at org.hibernate.exception.internal.SQLExceptionTypeDelegate.convert(SQLExceptionTypeDelegate.java:48) ~[?:?]
	at org.hibernate.exception.internal.StandardSQLExceptionConverter.convert(StandardSQLExceptionConverter.java:37) ~[?:?]
	at org.hibernate.engine.jdbc.spi.SqlExceptionHelper.convert(SqlExceptionHelper.java:113) ~[?:?]
	at org.hibernate.engine.jdbc.spi.SqlExceptionHelper.convert(SqlExceptionHelper.java:99) ~[?:?]
	at org.hibernate.resource.jdbc.internal.LogicalConnectionManagedImpl.acquireConnectionIfNeeded(LogicalConnectionManagedImpl.java:111) ~[?:?]
	at org.hibernate.resource.jdbc.internal.LogicalConnectionManagedImpl.getPhysicalConnection(LogicalConnectionManagedImpl.java:138) ~[?:?]
	at org.hibernate.resource.jdbc.internal.LogicalConnectionManagedImpl.getConnectionForTransactionManagement(LogicalConnectionManagedImpl.java:276) ~[?:?]
	at org.hibernate.resource.jdbc.internal.LogicalConnectionManagedImpl.begin(LogicalConnectionManagedImpl.java:284) ~[?:?]
	at org.hibernate.resource.transaction.backend.jdbc.internal.JdbcResourceLocalTransactionCoordinatorImpl$TransactionDriverControlImpl.begin(JdbcResourceLocalTransactionCoordinatorImpl.java:246) ~[?:?]
	at org.hibernate.engine.transaction.internal.TransactionImpl.begin(TransactionImpl.java:83) ~[?:?]
	at net.corda.ledger.persistence.utxo.impl.UtxoPersistenceServiceImpl.findTransactionsWithStatusCreatedBetweenTime(UtxoPersistenceServiceImpl.kt:1362) ~[?:?]
	at net.corda.ledger.persistence.utxo.impl.request.handlers.UtxoFindTransactionsWithStatusCreatedBetweenTimeRequestHandler.execute(UtxoFindTransactionsWithStatusCreatedBetweenTimeRequestHandler.kt:24) ~[?:?]
	at net.corda.ledger.persistence.processor.LedgerPersistenceRequestProcessor$process$result$1.invoke(LedgerPersistenceRequestProcessor.kt:70) ~[?:?]
	... 53 more
Caused by: java.sql.SQLTransientConnectionException: HikariPool-21 - Connection is not available, request timed out after 30000ms (total=0, active=0, idle=0, waiting=0)
	at com.zaxxer.hikari.pool.HikariPool.createTimeoutException(HikariPool.java:686) ~[?:?]
	at com.zaxxer.hikari.pool.HikariPool.getConnection(HikariPool.java:179) ~[?:?]
	at com.zaxxer.hikari.pool.HikariPool.getConnection(HikariPool.java:144) ~[?:?]
	at com.zaxxer.hikari.HikariDataSource.getConnection(HikariDataSource.java:99) ~[?:?]
	at net.corda.db.core.DataSourceFactoryImpl$HikariDataSourceWrapper.getConnection(DataSourceFactoryImpl.kt) ~[?:?]
	at org.hibernate.engine.jdbc.connections.internal.DatasourceConnectionProviderImpl.getConnection(DatasourceConnectionProviderImpl.java:122) ~[?:?]
	at org.hibernate.internal.NonContextualJdbcConnectionAccess.obtainConnection(NonContextualJdbcConnectionAccess.java:38) ~[?:?]
	at org.hibernate.resource.jdbc.internal.LogicalConnectionManagedImpl.acquireConnectionIfNeeded(LogicalConnectionManagedImpl.java:108) ~[?:?]
	at org.hibernate.resource.jdbc.internal.LogicalConnectionManagedImpl.getPhysicalConnection(LogicalConnectionManagedImpl.java:138) ~[?:?]
	at org.hibernate.resource.jdbc.internal.LogicalConnectionManagedImpl.getConnectionForTransactionManagement(LogicalConnectionManagedImpl.java:276) ~[?:?]
	at org.hibernate.resource.jdbc.internal.LogicalConnectionManagedImpl.begin(LogicalConnectionManagedImpl.java:284) ~[?:?]
	at org.hibernate.resource.transaction.backend.jdbc.internal.JdbcResourceLocalTransactionCoordinatorImpl$TransactionDriverControlImpl.begin(JdbcResourceLocalTransactionCoordinatorImpl.java:246) ~[?:?]
	at org.hibernate.engine.transaction.internal.TransactionImpl.begin(TransactionImpl.java:83) ~[?:?]
	at net.corda.ledger.persistence.utxo.impl.UtxoPersistenceServiceImpl.findTransactionsWithStatusCreatedBetweenTime(UtxoPersistenceServiceImpl.kt:1362) ~[?:?]
	at net.corda.ledger.persistence.utxo.impl.request.handlers.UtxoFindTransactionsWithStatusCreatedBetweenTimeRequestHandler.execute(UtxoFindTransactionsWithStatusCreatedBetweenTimeRequestHandler.kt:24) ~[?:?]
	at net.corda.ledger.persistence.processor.LedgerPersistenceRequestProcessor$process$result$1.invoke(LedgerPersistenceRequestProcessor.kt:70) ~[?:?]
	... 53 more
Caused by: org.postgresql.util.PSQLException: FATAL: remaining connection slots are reserved for non-replication superuser connections
	at org.postgresql.Driver$ConnectThread.getResult(Driver.java:397) ~[?:?]
	at org.postgresql.Driver.connect(Driver.java:305) ~[?:?]
	at java.sql.DriverManager.getConnection(DriverManager.java:681) ~[java.sql:?]
	at java.sql.DriverManager.getConnection(DriverManager.java:229) ~[java.sql:?]
	at org.postgresql.ds.common.BaseDataSource.getConnection(BaseDataSource.java:104) ~[?:?]
	at org.postgresql.ds.common.BaseDataSource.getConnection(BaseDataSource.java:88) ~[?:?]
	at com.zaxxer.hikari.pool.PoolBase.newConnection(PoolBase.java:360) ~[?:?]
	at com.zaxxer.hikari.pool.PoolBase.newPoolEntry(PoolBase.java:202) ~[?:?]
	at com.zaxxer.hikari.pool.HikariPool.createPoolEntry(HikariPool.java:461) ~[?:?]
	at com.zaxxer.hikari.pool.HikariPool$PoolEntryCreator.call(HikariPool.java:724) ~[?:?]
	at com.zaxxer.hikari.pool.HikariPool$PoolEntryCreator.call(HikariPool.java:703) ~[?:?]
	at java.util.concurrent.FutureTask.run(FutureTask.java:264) ~[?:?]
	at java.util.concurrent.ThreadPoolExecutor.runWorker(ThreadPoolExecutor.java:1136) ~[?:?]
	at java.util.concurrent.ThreadPoolExecutor$Worker.run(ThreadPoolExecutor.java:635) ~[?:?]
	... 1 more
